ID,Bilddatei,Name / Bezeichnung,Erkannte Gefäßform,Form SKOS-URI,Form Konfidenz (%),Erkannte Ware/Stil,Ware SKOS-URI,Ware Konfidenz (%),Erkannte Szenen / Motive,Produktionsgebiet,Künstler / Werkstatt,Datierung,Material,Standort,Inventar-Nr.,Beazley-Nr.,Kerameikos Form-URI,Kerameikos Technik-URI,Kerameikos Herkunft-URI,Kerameikos Künstler-URI,Skosmos Link (Form),Skosmos Link (Ware)
bapd_1000_1,bapd_1000_1.jpg,Apollon auf antiker Lekythos (Manner of HAIMON P),Lekythos,http://vocabs.bcdh.uni-bonn.de/hector_heritage_assets/concept_5b62f4af,-,Attisch schwarzfigurig,http://vocabs.bcdh.uni-bonn.de/hector_heritage_assets/concept_fd4cbaed,-,-,Attisch,"Manner of HAIMON P by VOS ATHENS 581, CLASS OF by VOS",ca. 500–450 v. Chr.,Ton,"Leiden, Rijksmuseum van Oudheden",ROII31,BAPD 1000,https://kerameikos.org/id/lekythos,https://kerameikos.org/id/black_figure,https://kerameikos.org/id/athens,,https://vocabs.bcdh.uni-bonn.de/hector_heritage_assets/de/page/concept_5b62f4af,https://vocabs.bcdh.uni-bonn.de/hector_heritage_assets/de/page/concept_fd4cbaed
bapd_1000_2,bapd_1000_2.jpg,Apollon auf antiker Lekythos (Manner of HAIMON P),Lekythos,http://vocabs.bcdh.uni-bonn.de/hector_heritage_assets/concept_5b62f4af,-,Attisch schwarzfigurig,http://vocabs.bcdh.uni-bonn.de/hector_heritage_assets/concept_fd4cbaed,-,-,Attisch,"Manner of HAIMON P by VOS ATHENS 581, CLASS OF by VOS",ca. 500–450 v. Chr.,Ton,"Leiden, Rijksmuseum van Oudheden",ROII31,BAPD 1000,https://kerameikos.org/id/lekythos,https://kerameikos.org/id/black_figure,https://kerameikos.org/id/athens,,https://vocabs.bcdh.uni-bonn.de/hector_heritage_assets/de/page/concept_5b62f4af,https://vocabs.bcdh.uni-bonn.de/hector_heritage_assets/de/page/concept_fd4cbaed
bapd_1000_3,bapd_1000_3.jpg,Apollon auf antiker Lekythos (Manner of HAIMON P),Lekythos,http://vocabs.bcdh.uni-bonn.de/hector_heritage_assets/concept_5b62f4af,-,Attisch schwarzfigurig,http://vocabs.bcdh.uni-bonn.de/hector_heritage_assets/concept_fd4cbaed,-,-,Attisch,"Manner of HAIMON P by VOS ATHENS 581, CLASS OF by VOS",ca. 500–450 v. Chr.,Ton,"Leiden, Rijksmuseum van Oudheden",ROII31,BAPD 1000,https://kerameikos.org/id/lekythos,https://kerameikos.org/id/black_figure,https://kerameikos.org/id/athens,,https://vocabs.bcdh.uni-bonn.de/hector_heritage_assets/de/page/concept_5b62f4af,https://vocabs.bcdh.uni-bonn.de/hector_heritage_assets/de/page/concept_fd4cbaed
bapd_1000_4,bapd_1000_4.jpg,Apollon auf antiker Lekythos (Manner of HAIMON P),Lekythos,http://vocabs.bcdh.uni-bonn.de/hector_heritage_assets/concept_5b62f4af,-,Attisch schwarzfigurig,http://vocabs.bcdh.uni-bonn.de/hector_heritage_assets/concept_fd4cbaed,-,-,Attisch,"Manner of HAIMON P by VOS ATHENS 581, CLASS OF by VOS",ca. 500–450 v. Chr.,Ton,"Leiden, Rijksmuseum van Oudheden",ROII31,BAPD 1000,https://kerameikos.org/id/lekythos,https://kerameikos.org/id/black_figure,https://kerameikos.org/id/athens,,https://vocabs.bcdh.uni-bonn.de/hector_heritage_assets/de/page/concept_5b62f4af,https://vocabs.bcdh.uni-bonn.de/hector_heritage_assets/de/page/concept_fd4cbaed
bapd_100_1,bapd_100_1.jpg,Athena auf antiker Hydria,Hydria,http://vocabs.bcdh.uni-bonn.de/hector_heritage_assets/concept_bf070035,-,Attisch schwarzfigurig,http://vocabs.bcdh.uni-bonn.de/hector_heritage_assets/concept_fd4cbaed,-,-,Attisch,,ca. 575–525 v. Chr.,Ton,"Rome, Musei Capitolini",65,BAPD 100,https://kerameikos.org/id/hydria,https://kerameikos.org/id/black_figure,https://kerameikos.org/id/athens,,https://vocabs.bcdh.uni-bonn.de/hector_heritage_assets/de/page/concept_bf070035,https://vocabs.bcdh.uni-bonn.de/hector_heritage_assets/de/page/concept_fd4cbaed
bapd_100_10,bapd_100_10.jpg,Athena auf antiker Hydria,Hydria,http://vocabs.bcdh.uni-bonn.de/hector_heritage_assets/concept_bf070035,-,Attisch schwarzfigurig,http://vocabs.bcdh.uni-bonn.de/hector_heritage_assets/concept_fd4cbaed,-,-,Attisch,,ca. 575–525 v. Chr.,Ton,"Rome, Musei Capitolini",65,BAPD 100,https://kerameikos.org/id/hydria,https://kerameikos.org/id/black_figure,https://kerameikos.org/id/athens,,https://vocabs.bcdh.uni-bonn.de/hector_heritage_assets/de/page/concept_bf070035,https://vocabs.bcdh.uni-bonn.de/hector_heritage_assets/de/page/concept_fd4cbaed
bapd_100_11,bapd_100_11.jpg,Athena auf antiker Hydria,Hydria,http://vocabs.bcdh.uni-bonn.de/hector_heritage_assets/concept_bf070035,-,Attisch schwarzfigurig,http://vocabs.bcdh.uni-bonn.de/hector_heritage_assets/concept_fd4cbaed,-,-,Attisch,,ca. 575–525 v. Chr.,Ton,"Rome, Musei Capitolini",65,BAPD 100,https://kerameikos.org/id/hydria,https://kerameikos.org/id/black_figure,https://kerameikos.org/id/athens,,https://vocabs.bcdh.uni-bonn.de/hector_heritage_assets/de/page/concept_bf070035,https://vocabs.bcdh.uni-bonn.de/hector_heritage_assets/de/page/concept_fd4cbaed
bapd_100_12,bapd_100_12.jpg,Athena auf antiker Hydria,Hydria,http://vocabs.bcdh.uni-bonn.de/hector_heritage_assets/concept_bf070035,-,Attisch schwarzfigurig,http://vocabs.bcdh.uni-bonn.de/hector_heritage_assets/concept_fd4cbaed,-,-,Attisch,,ca. 575–525 v. Chr.,Ton,"Rome, Musei Capitolini",65,BAPD 100,https://kerameikos.org/id/hydria,https://kerameikos.org/id/black_figure,https://kerameikos.org/id/athens,,https://vocabs.bcdh.uni-bonn.de/hector_heritage_assets/de/page/concept_bf070035,https://vocabs.bcdh.uni-bonn.de/hector_heritage_assets/de/page/concept_fd4cbaed
bapd_100_13,bapd_100_13.jpg,Athena auf antiker Hydria,Hydria,http://vocabs.bcdh.uni-bonn.de/hector_heritage_assets/concept_bf070035,-,Attisch schwarzfigurig,http://vocabs.bcdh.uni-bonn.de/hector_heritage_assets/concept_fd4cbaed,-,-,Attisch,,ca. 575–525 v. Chr.,Ton,"Rome, Musei Capitolini",65,BAPD 100,https://kerameikos.org/id/hydria,https://kerameikos.org/id/black_figure,https://kerameikos.org/id/athens,,https://vocabs.bcdh.uni-bonn.de/hector_heritage_assets/de/page/concept_bf070035,https://vocabs.bcdh.uni-bonn.de/hector_heritage_assets/de/page/concept_fd4cbaed
bapd_100_14,bapd_100_14.jpg,Athena auf antiker Hydria,Hydria,http://vocabs.bcdh.uni-bonn.de/hector_heritage_assets/concept_bf070035,-,Attisch schwarzfigurig,http://vocabs.bcdh.uni-bonn.de/hector_heritage_assets/concept_fd4cbaed,-,-,Attisch,,ca. 575–525 v. Chr.,Ton,"Rome, Musei Capitolini",65,BAPD 100,https://kerameikos.org/id/hydria,https://kerameikos.org/id/black_figure,https://kerameikos.org/id/athens,,https://vocabs.bcdh.uni-bonn.de/hector_heritage_assets/de/page/concept_bf070035,https://vocabs.bcdh.uni-bonn.de/hector_heritage_assets/de/page/concept_fd4cbaed
bapd_100_15,bapd_100_15.jpg,Athena auf antiker Hydria,Hydria,http://vocabs.bcdh.uni-bonn.de/hector_heritage_assets/concept_bf070035,-,Attisch schwarzfigurig,http://vocabs.bcdh.uni-bonn.de/hector_heritage_assets/concept_fd4cbaed,-,-,Attisch,,ca. 575–525 v. Chr.,Ton,"Rome, Musei Capitolini",65,BAPD 100,https://kerameikos.org/id/hydria,https://kerameikos.org/id/black_figure,https://kerameikos.org/id/athens,,https://vocabs.bcdh.uni-bonn.de/hector_heritage_assets/de/page/concept_bf070035,https://vocabs.bcdh.uni-bonn.de/hector_heritage_assets/de/page/concept_fd4cbaed
bapd_100_16,bapd_100_16.jpg,Athena auf antiker Hydria,Hydria,http://vocabs.bcdh.uni-bonn.de/hector_heritage_assets/concept_bf070035,-,Attisch schwarzfigurig,http://vocabs.bcdh.uni-bonn.de/hector_heritage_assets/concept_fd4cbaed,-,-,Attisch,,ca. 575–525 v. Chr.,Ton,"Rome, Musei Capitolini",65,BAPD 100,https://kerameikos.org/id/hydria,https://kerameikos.org/id/black_figure,https://kerameikos.org/id/athens,,https://vocabs.bcdh.uni-bonn.de/hector_heritage_assets/de/page/concept_bf070035,https://vocabs.bcdh.uni-bonn.de/hector_heritage_assets/de/page/concept_fd4cbaed
bapd_100_17,bapd_100_17.jpg,Athena auf antiker Hydria,Hydria,http://vocabs.bcdh.uni-bonn.de/hector_heritage_assets/concept_bf070035,-,Attisch schwarzfigurig,http://vocabs.bcdh.uni-bonn.de/hector_heritage_assets/concept_fd4cbaed,-,-,Attisch,,ca. 575–525 v. Chr.,Ton,"Rome, Musei Capitolini",65,BAPD 100,https://kerameikos.org/id/hydria,https://kerameikos.org/id/black_figure,https://kerameikos.org/id/athens,,https://vocabs.bcdh.uni-bonn.de/hector_heritage_assets/de/page/concept_bf070035,https://vocabs.bcdh.uni-bonn.de/hector_heritage_assets/de/page/concept_fd4cbaed
bapd_100_18,bapd_100_18.jpg,Athena auf antiker Hydria,Hydria,http://vocabs.bcdh.uni-bonn.de/hector_heritage_assets/concept_bf070035,-,Attisch schwarzfigurig,http://vocabs.bcdh.uni-bonn.de/hector_heritage_assets/concept_fd4cbaed,-,-,Attisch,,ca. 575–525 v. Chr.,Ton,"Rome, Musei Capitolini",65,BAPD 100,https://kerameikos.org/id/hydria,https://kerameikos.org/id/black_figure,https://kerameikos.org/id/athens,,https://vocabs.bcdh.uni-bonn.de/hector_heritage_assets/de/page/concept_bf070035,https://vocabs.bcdh.uni-bonn.de/hector_heritage_assets/de/page/concept_fd4cbaed
bapd_100_19,bapd_100_19.jpg,Athena auf antiker Hydria,Hydria,http://vocabs.bcdh.uni-bonn.de/hector_heritage_assets/concept_bf070035,-,Attisch schwarzfigurig,http://vocabs.bcdh.uni-bonn.de/hector_heritage_assets/concept_fd4cbaed,-,-,Attisch,,ca. 575–525 v. Chr.,Ton,"Rome, Musei Capitolini",65,BAPD 100,https://kerameikos.org/id/hydria,https://kerameikos.org/id/black_figure,https://kerameikos.org/id/athens,,https://vocabs.bcdh.uni-bonn.de/hector_heritage_assets/de/page/concept_bf070035,https://vocabs.bcdh.uni-bonn.de/hector_heritage_assets/de/page/concept_fd4cbaed
bapd_100_2,bapd_100_2.jpg,Athena auf antiker Hydria,Hydria,http://vocabs.bcdh.uni-bonn.de/hector_heritage_assets/concept_bf070035,-,Attisch schwarzfigurig,http://vocabs.bcdh.uni-bonn.de/hector_heritage_assets/concept_fd4cbaed,-,-,Attisch,,ca. 575–525 v. Chr.,Ton,"Rome, Musei Capitolini",65,BAPD 100,https://kerameikos.org/id/hydria,https://kerameikos.org/id/black_figure,https://kerameikos.org/id/athens,,https://vocabs.bcdh.uni-bonn.de/hector_heritage_assets/de/page/concept_bf070035,https://vocabs.bcdh.uni-bonn.de/hector_heritage_assets/de/page/concept_fd4cbaed
bapd_100_20,bapd_100_20.jpg,Athena auf antiker Hydria,Hydria,http://vocabs.bcdh.uni-bonn.de/hector_heritage_assets/concept_bf070035,-,Attisch schwarzfigurig,http://vocabs.bcdh.uni-bonn.de/hector_heritage_assets/concept_fd4cbaed,-,-,Attisch,,ca. 575–525 v. Chr.,Ton,"Rome, Musei Capitolini",65,BAPD 100,https://kerameikos.org/id/hydria,https://kerameikos.org/id/black_figure,https://kerameikos.org/id/athens,,https://vocabs.bcdh.uni-bonn.de/hector_heritage_assets/de/page/concept_bf070035,https://vocabs.bcdh.uni-bonn.de/hector_heritage_assets/de/page/concept_fd4cbaed
bapd_100_21,bapd_100_21.jpg,Athena auf antiker Hydria,Hydria,http://vocabs.bcdh.uni-bonn.de/hector_heritage_assets/concept_bf070035,-,Attisch schwarzfigurig,http://vocabs.bcdh.uni-bonn.de/hector_heritage_assets/concept_fd4cbaed,-,-,Attisch,,ca. 575–525 v. Chr.,Ton,"Rome, Musei Capitolini",65,BAPD 100,https://kerameikos.org/id/hydria,https://kerameikos.org/id/black_figure,https://kerameikos.org/id/athens,,https://vocabs.bcdh.uni-bonn.de/hector_heritage_assets/de/page/concept_bf070035,https://vocabs.bcdh.uni-bonn.de/hector_heritage_assets/de/page/concept_fd4cbaed
bapd_100_3,bapd_100_3.jpg,Athena auf antiker Hydria,Hydria,http://vocabs.bcdh.uni-bonn.de/hector_heritage_assets/concept_bf070035,-,Attisch schwarzfigurig,http://vocabs.bcdh.uni-bonn.de/hector_heritage_assets/concept_fd4cbaed,-,-,Attisch,,ca. 575–525 v. Chr.,Ton,"Rome, Musei Capitolini",65,BAPD 100,https://kerameikos.org/id/hydria,https://kerameikos.org/id/black_figure,https://kerameikos.org/id/athens,,https://vocabs.bcdh.uni-bonn.de/hector_heritage_assets/de/page/concept_bf070035,https://vocabs.bcdh.uni-bonn.de/hector_heritage_assets/de/page/concept_fd4cbaed
bapd_100_4,bapd_100_4.jpg,Athena auf antiker Hydria,Hydria,http://vocabs.bcdh.uni-bonn.de/hector_heritage_assets/concept_bf070035,-,Attisch schwarzfigurig,http://vocabs.bcdh.uni-bonn.de/hector_heritage_assets/concept_fd4cbaed,-,-,Attisch,,ca. 575–525 v. Chr.,Ton,"Rome, Musei Capitolini",65,BAPD 100,https://kerameikos.org/id/hydria,https://kerameikos.org/id/black_figure,https://kerameikos.org/id/athens,,https://vocabs.bcdh.uni-bonn.de/hector_heritage_assets/de/page/concept_bf070035,https://vocabs.bcdh.uni-bonn.de/hector_heritage_assets/de/page/concept_fd4cbaed
bapd_100_5,bapd_100_5.jpg,Athena auf antiker Hydria,Hydria,http://vocabs.bcdh.uni-bonn.de/hector_heritage_assets/concept_bf070035,-,Attisch schwarzfigurig,http://vocabs.bcdh.uni-bonn.de/hector_heritage_assets/concept_fd4cbaed,-,-,Attisch,,ca. 575–525 v. Chr.,Ton,"Rome, Musei Capitolini",65,BAPD 100,https://kerameikos.org/id/hydria,https://kerameikos.org/id/black_figure,https://kerameikos.org/id/athens,,https://vocabs.bcdh.uni-bonn.de/hector_heritage_assets/de/page/concept_bf070035,https://vocabs.bcdh.uni-bonn.de/hector_heritage_assets/de/page/concept_fd4cbaed
bapd_100_6,bapd_100_6.jpg,Athena auf antiker Hydria,Hydria,http://vocabs.bcdh.uni-bonn.de/hector_heritage_assets/concept_bf070035,-,Attisch schwarzfigurig,http://vocabs.bcdh.uni-bonn.de/hector_heritage_assets/concept_fd4cbaed,-,-,Attisch,,ca. 575–525 v. Chr.,Ton,"Rome, Musei Capitolini",65,BAPD 100,https://kerameikos.org/id/hydria,https://kerameikos.org/id/black_figure,https://kerameikos.org/id/athens,,https://vocabs.bcdh.uni-bonn.de/hector_heritage_assets/de/page/concept_bf070035,https://vocabs.bcdh.uni-bonn.de/hector_heritage_assets/de/page/concept_fd4cbaed
bapd_100_7,bapd_100_7.jpg,Athena auf antiker Hydria,Hydria,http://vocabs.bcdh.uni-bonn.de/hector_heritage_assets/concept_bf070035,-,Attisch schwarzfigurig,http://vocabs.bcdh.uni-bonn.de/hector_heritage_assets/concept_fd4cbaed,-,-,Attisch,,ca. 575–525 v. Chr.,Ton,"Rome, Musei Capitolini",65,BAPD 100,https://kerameikos.org/id/hydria,https://kerameikos.org/id/black_figure,https://kerameikos.org/id/athens,,https://vocabs.bcdh.uni-bonn.de/hector_heritage_assets/de/page/concept_bf070035,https://vocabs.bcdh.uni-bonn.de/hector_heritage_assets/de/page/concept_fd4cbaed
bapd_100_8,bapd_100_8.jpg,Athena auf antiker Hydria,Hydria,http://vocabs.bcdh.uni-bonn.de/hector_heritage_assets/concept_bf070035,-,Attisch schwarzfigurig,http://vocabs.bcdh.uni-bonn.de/hector_heritage_assets/concept_fd4cbaed,-,-,Attisch,,ca. 575–525 v. Chr.,Ton,"Rome, Musei Capitolini",65,BAPD 100,https://kerameikos.org/id/hydria,https://kerameikos.org/id/black_figure,https://kerameikos.org/id/athens,,https://vocabs.bcdh.uni-bonn.de/hector_heritage_assets/de/page/concept_bf070035,https://vocabs.bcdh.uni-bonn.de/hector_heritage_assets/de/page/concept_fd4cbaed
bapd_100_9,bapd_100_9.jpg,Athena auf antiker Hydria,Hydria,http://vocabs.bcdh.uni-bonn.de/hector_heritage_assets/concept_bf070035,-,Attisch schwarzfigurig,http://vocabs.bcdh.uni-bonn.de/hector_heritage_assets/concept_fd4cbaed,-,-,Attisch,,ca. 575–525 v. Chr.,Ton,"Rome, Musei Capitolini",65,BAPD 100,https://kerameikos.org/id/hydria,https://kerameikos.org/id/black_figure,https://kerameikos.org/id/athens,,https://vocabs.bcdh.uni-bonn.de/hector_heritage_assets/de/page/concept_bf070035,https://vocabs.bcdh.uni-bonn.de/hector_heritage_assets/de/page/concept_fd4cbaed
bapd_102_1,bapd_102_1.jpg,Athena auf antiker Hydria (Manner of ANTIMENES P),Hydria,http://vocabs.bcdh.uni-bonn.de/hector_heritage_assets/concept_bf070035,-,Attisch schwarzfigurig,http://vocabs.bcdh.uni-bonn.de/hector_heritage_assets/concept_fd4cbaed,-,-,Attisch,"Manner of ANTIMENES P by PAUL, E.",ca. 550–500 v. Chr.,Ton,"Leipzig, Antikenmuseum der Universität Leipzig",T49,BAPD 102,https://kerameikos.org/id/hydria,https://kerameikos.org/id/black_figure,https://kerameikos.org/id/athens,https://kerameikos.org/id/antimenes_painter,https://vocabs.bcdh.uni-bonn.de/hector_heritage_assets/de/page/concept_bf070035,https://vocabs.bcdh.uni-bonn.de/hector_heritage_assets/de/page/concept_fd4cbaed
bapd_102_10,bapd_102_10.jpg,Athena auf antiker Hydria (Manner of ANTIMENES P),Hydria,http://vocabs.bcdh.uni-bonn.de/hector_heritage_assets/concept_bf070035,-,Attisch schwarzfigurig,http://vocabs.bcdh.uni-bonn.de/hector_heritage_assets/concept_fd4cbaed,-,-,Attisch,"Manner of ANTIMENES P by PAUL, E.",ca. 550–500 v. Chr.,Ton,"Leipzig, Antikenmuseum der Universität Leipzig",T49,BAPD 102,https://kerameikos.org/id/hydria,https://kerameikos.org/id/black_figure,https://kerameikos.org/id/athens,https://kerameikos.org/id/antimenes_painter,https://vocabs.bcdh.uni-bonn.de/hector_heritage_assets/de/page/concept_bf070035,https://vocabs.bcdh.uni-bonn.de/hector_heritage_assets/de/page/concept_fd4cbaed
bapd_102_11,bapd_102_11.jpg,Athena auf antiker Hydria (Manner of ANTIMENES P),Hydria,http://vocabs.bcdh.uni-bonn.de/hector_heritage_assets/concept_bf070035,-,Attisch schwarzfigurig,http://vocabs.bcdh.uni-bonn.de/hector_heritage_assets/concept_fd4cbaed,-,-,Attisch,"Manner of ANTIMENES P by PAUL, E.",ca. 550–500 v. Chr.,Ton,"Leipzig, Antikenmuseum der Universität Leipzig",T49,BAPD 102,https://kerameikos.org/id/hydria,https://kerameikos.org/id/black_figure,https://kerameikos.org/id/athens,https://kerameikos.org/id/antimenes_painter,https://vocabs.bcdh.uni-bonn.de/hector_heritage_assets/de/page/concept_bf070035,https://vocabs.bcdh.uni-bonn.de/hector_heritage_assets/de/page/concept_fd4cbaed
bapd_102_12,bapd_102_12.jpg,Athena auf antiker Hydria (Manner of ANTIMENES P),Hydria,http://vocabs.bcdh.uni-bonn.de/hector_heritage_assets/concept_bf070035,-,Attisch schwarzfigurig,http://vocabs.bcdh.uni-bonn.de/hector_heritage_assets/concept_fd4cbaed,-,-,Attisch,"Manner of ANTIMENES P by PAUL, E.",ca. 550–500 v. Chr.,Ton,"Leipzig, Antikenmuseum der Universität Leipzig",T49,BAPD 102,https://kerameikos.org/id/hydria,https://kerameikos.org/id/black_figure,https://kerameikos.org/id/athens,https://kerameikos.org/id/antimenes_painter,https://vocabs.bcdh.uni-bonn.de/hector_heritage_assets/de/page/concept_bf070035,https://vocabs.bcdh.uni-bonn.de/hector_heritage_assets/de/page/concept_fd4cbaed
bapd_102_13,bapd_102_13.jpg,Athena auf antiker Hydria (Manner of ANTIMENES P),Hydria,http://vocabs.bcdh.uni-bonn.de/hector_heritage_assets/concept_bf070035,-,Attisch schwarzfigurig,http://vocabs.bcdh.uni-bonn.de/hector_heritage_assets/concept_fd4cbaed,-,-,Attisch,"Manner of ANTIMENES P by PAUL, E.",ca. 550–500 v. Chr.,Ton,"Leipzig, Antikenmuseum der Universität Leipzig",T49,BAPD 102,https://kerameikos.org/id/hydria,https://kerameikos.org/id/black_figure,https://kerameikos.org/id/athens,https://kerameikos.org/id/antimenes_painter,https://vocabs.bcdh.uni-bonn.de/hector_heritage_assets/de/page/concept_bf070035,https://vocabs.bcdh.uni-bonn.de/hector_heritage_assets/de/page/concept_fd4cbaed
bapd_102_14,bapd_102_14.jpg,Athena auf antiker Hydria (Manner of ANTIMENES P),Hydria,http://vocabs.bcdh.uni-bonn.de/hector_heritage_assets/concept_bf070035,-,Attisch schwarzfigurig,http://vocabs.bcdh.uni-bonn.de/hector_heritage_assets/concept_fd4cbaed,-,-,Attisch,"Manner of ANTIMENES P by PAUL, E.",ca. 550–500 v. Chr.,Ton,"Leipzig, Antikenmuseum der Universität Leipzig",T49,BAPD 102,https://kerameikos.org/id/hydria,https://kerameikos.org/id/black_figure,https://kerameikos.org/id/athens,https://kerameikos.org/id/antimenes_painter,https://vocabs.bcdh.uni-bonn.de/hector_heritage_assets/de/page/concept_bf070035,https://vocabs.bcdh.uni-bonn.de/hector_heritage_assets/de/page/concept_fd4cbaed
bapd_102_15,bapd_102_15.jpg,Athena auf antiker Hydria (Manner of ANTIMENES P),Hydria,http://vocabs.bcdh.uni-bonn.de/hector_heritage_assets/concept_bf070035,-,Attisch schwarzfigurig,http://vocabs.bcdh.uni-bonn.de/hector_heritage_assets/concept_fd4cbaed,-,-,Attisch,"Manner of ANTIMENES P by PAUL, E.",ca. 550–500 v. Chr.,Ton,"Leipzig, Antikenmuseum der Universität Leipzig",T49,BAPD 102,https://kerameikos.org/id/hydria,https://kerameikos.org/id/black_figure,https://kerameikos.org/id/athens,https://kerameikos.org/id/antimenes_painter,https://vocabs.bcdh.uni-bonn.de/hector_heritage_assets/de/page/concept_bf070035,https://vocabs.bcdh.uni-bonn.de/hector_heritage_assets/de/page/concept_fd4cbaed
bapd_102_16,bapd_102_16.jpg,Athena auf antiker Hydria (Manner of ANTIMENES P),Hydria,http://vocabs.bcdh.uni-bonn.de/hector_heritage_assets/concept_bf070035,-,Attisch schwarzfigurig,http://vocabs.bcdh.uni-bonn.de/hector_heritage_assets/concept_fd4cbaed,-,-,Attisch,"Manner of ANTIMENES P by PAUL, E.",ca. 550–500 v. Chr.,Ton,"Leipzig, Antikenmuseum der Universität Leipzig",T49,BAPD 102,https://kerameikos.org/id/hydria,https://kerameikos.org/id/black_figure,https://kerameikos.org/id/athens,https://kerameikos.org/id/antimenes_painter,https://vocabs.bcdh.uni-bonn.de/hector_heritage_assets/de/page/concept_bf070035,https://vocabs.bcdh.uni-bonn.de/hector_heritage_assets/de/page/concept_fd4cbaed
bapd_102_17,bapd_102_17.jpg,Athena auf antiker Hydria (Manner of ANTIMENES P),Hydria,http://vocabs.bcdh.uni-bonn.de/hector_heritage_assets/concept_bf070035,-,Attisch schwarzfigurig,http://vocabs.bcdh.uni-bonn.de/hector_heritage_assets/concept_fd4cbaed,-,-,Attisch,"Manner of ANTIMENES P by PAUL, E.",ca. 550–500 v. Chr.,Ton,"Leipzig, Antikenmuseum der Universität Leipzig",T49,BAPD 102,https://kerameikos.org/id/hydria,https://kerameikos.org/id/black_figure,https://kerameikos.org/id/athens,https://kerameikos.org/id/antimenes_painter,https://vocabs.bcdh.uni-bonn.de/hector_heritage_assets/de/page/concept_bf070035,https://vocabs.bcdh.uni-bonn.de/hector_heritage_assets/de/page/concept_fd4cbaed
bapd_102_18,bapd_102_18.jpg,Athena auf antiker Hydria (Manner of ANTIMENES P),Hydria,http://vocabs.bcdh.uni-bonn.de/hector_heritage_assets/concept_bf070035,-,Attisch schwarzfigurig,http://vocabs.bcdh.uni-bonn.de/hector_heritage_assets/concept_fd4cbaed,-,-,Attisch,"Manner of ANTIMENES P by PAUL, E.",ca. 550–500 v. Chr.,Ton,"Leipzig, Antikenmuseum der Universität Leipzig",T49,BAPD 102,https://kerameikos.org/id/hydria,https://kerameikos.org/id/black_figure,https://kerameikos.org/id/athens,https://kerameikos.org/id/antimenes_painter,https://vocabs.bcdh.uni-bonn.de/hector_heritage_assets/de/page/concept_bf070035,https://vocabs.bcdh.uni-bonn.de/hector_heritage_assets/de/page/concept_fd4cbaed
bapd_102_2,bapd_102_2.jpg,Athena auf antiker Hydria (Manner of ANTIMENES P),Hydria,http://vocabs.bcdh.uni-bonn.de/hector_heritage_assets/concept_bf070035,-,Attisch schwarzfigurig,http://vocabs.bcdh.uni-bonn.de/hector_heritage_assets/concept_fd4cbaed,-,-,Attisch,"Manner of ANTIMENES P by PAUL, E.",ca. 550–500 v. Chr.,Ton,"Leipzig, Antikenmuseum der Universität Leipzig",T49,BAPD 102,https://kerameikos.org/id/hydria,https://kerameikos.org/id/black_figure,https://kerameikos.org/id/athens,https://kerameikos.org/id/antimenes_painter,https://vocabs.bcdh.uni-bonn.de/hector_heritage_assets/de/page/concept_bf070035,https://vocabs.bcdh.uni-bonn.de/hector_heritage_assets/de/page/concept_fd4cbaed
bapd_102_3,bapd_102_3.jpg,Athena auf antiker Hydria (Manner of ANTIMENES P),Hydria,http://vocabs.bcdh.uni-bonn.de/hector_heritage_assets/concept_bf070035,-,Attisch schwarzfigurig,http://vocabs.bcdh.uni-bonn.de/hector_heritage_assets/concept_fd4cbaed,-,-,Attisch,"Manner of ANTIMENES P by PAUL, E.",ca. 550–500 v. Chr.,Ton,"Leipzig, Antikenmuseum der Universität Leipzig",T49,BAPD 102,https://kerameikos.org/id/hydria,https://kerameikos.org/id/black_figure,https://kerameikos.org/id/athens,https://kerameikos.org/id/antimenes_painter,https://vocabs.bcdh.uni-bonn.de/hector_heritage_assets/de/page/concept_bf070035,https://vocabs.bcdh.uni-bonn.de/hector_heritage_assets/de/page/concept_fd4cbaed
bapd_102_4,bapd_102_4.jpg,Athena auf antiker Hydria (Manner of ANTIMENES P),Hydria,http://vocabs.bcdh.uni-bonn.de/hector_heritage_assets/concept_bf070035,-,Attisch schwarzfigurig,http://vocabs.bcdh.uni-bonn.de/hector_heritage_assets/concept_fd4cbaed,-,-,Attisch,"Manner of ANTIMENES P by PAUL, E.",ca. 550–500 v. Chr.,Ton,"Leipzig, Antikenmuseum der Universität Leipzig",T49,BAPD 102,https://kerameikos.org/id/hydria,https://kerameikos.org/id/black_figure,https://kerameikos.org/id/athens,https://kerameikos.org/id/antimenes_painter,https://vocabs.bcdh.uni-bonn.de/hector_heritage_assets/de/page/concept_bf070035,https://vocabs.bcdh.uni-bonn.de/hector_heritage_assets/de/page/concept_fd4cbaed
bapd_102_5,bapd_102_5.jpg,Athena auf antiker Hydria (Manner of ANTIMENES P),Hydria,http://vocabs.bcdh.uni-bonn.de/hector_heritage_assets/concept_bf070035,-,Attisch schwarzfigurig,http://vocabs.bcdh.uni-bonn.de/hector_heritage_assets/concept_fd4cbaed,-,-,Attisch,"Manner of ANTIMENES P by PAUL, E.",ca. 550–500 v. Chr.,Ton,"Leipzig, Antikenmuseum der Universität Leipzig",T49,BAPD 102,https://kerameikos.org/id/hydria,https://kerameikos.org/id/black_figure,https://kerameikos.org/id/athens,https://kerameikos.org/id/antimenes_painter,https://vocabs.bcdh.uni-bonn.de/hector_heritage_assets/de/page/concept_bf070035,https://vocabs.bcdh.uni-bonn.de/hector_heritage_assets/de/page/concept_fd4cbaed
bapd_102_6,bapd_102_6.jpg,Athena auf antiker Hydria (Manner of ANTIMENES P),Hydria,http://vocabs.bcdh.uni-bonn.de/hector_heritage_assets/concept_bf070035,-,Attisch schwarzfigurig,http://vocabs.bcdh.uni-bonn.de/hector_heritage_assets/concept_fd4cbaed,-,-,Attisch,"Manner of ANTIMENES P by PAUL, E.",ca. 550–500 v. Chr.,Ton,"Leipzig, Antikenmuseum der Universität Leipzig",T49,BAPD 102,https://kerameikos.org/id/hydria,https://kerameikos.org/id/black_figure,https://kerameikos.org/id/athens,https://kerameikos.org/id/antimenes_painter,https://vocabs.bcdh.uni-bonn.de/hector_heritage_assets/de/page/concept_bf070035,https://vocabs.bcdh.uni-bonn.de/hector_heritage_assets/de/page/concept_fd4cbaed
bapd_102_7,bapd_102_7.jpg,Athena auf antiker Hydria (Manner of ANTIMENES P),Hydria,http://vocabs.bcdh.uni-bonn.de/hector_heritage_assets/concept_bf070035,-,Attisch schwarzfigurig,http://vocabs.bcdh.uni-bonn.de/hector_heritage_assets/concept_fd4cbaed,-,-,Attisch,"Manner of ANTIMENES P by PAUL, E.",ca. 550–500 v. Chr.,Ton,"Leipzig, Antikenmuseum der Universität Leipzig",T49,BAPD 102,https://kerameikos.org/id/hydria,https://kerameikos.org/id/black_figure,https://kerameikos.org/id/athens,https://kerameikos.org/id/antimenes_painter,https://vocabs.bcdh.uni-bonn.de/hector_heritage_assets/de/page/concept_bf070035,https://vocabs.bcdh.uni-bonn.de/hector_heritage_assets/de/page/concept_fd4cbaed
bapd_102_8,bapd_102_8.jpg,Athena auf antiker Hydria (Manner of ANTIMENES P),Hydria,http://vocabs.bcdh.uni-bonn.de/hector_heritage_assets/concept_bf070035,-,Attisch schwarzfigurig,http://vocabs.bcdh.uni-bonn.de/hector_heritage_assets/concept_fd4cbaed,-,-,Attisch,"Manner of ANTIMENES P by PAUL, E.",ca. 550–500 v. Chr.,Ton,"Leipzig, Antikenmuseum der Universität Leipzig",T49,BAPD 102,https://kerameikos.org/id/hydria,https://kerameikos.org/id/black_figure,https://kerameikos.org/id/athens,https://kerameikos.org/id/antimenes_painter,https://vocabs.bcdh.uni-bonn.de/hector_heritage_assets/de/page/concept_bf070035,https://vocabs.bcdh.uni-bonn.de/hector_heritage_assets/de/page/concept_fd4cbaed
bapd_102_9,bapd_102_9.jpg,Athena auf antiker Hydria (Manner of ANTIMENES P),Hydria,http://vocabs.bcdh.uni-bonn.de/hector_heritage_assets/concept_bf070035,-,Attisch schwarzfigurig,http://vocabs.bcdh.uni-bonn.de/hector_heritage_assets/concept_fd4cbaed,-,-,Attisch,"Manner of ANTIMENES P by PAUL, E.",ca. 550–500 v. Chr.,Ton,"Leipzig, Antikenmuseum der Universität Leipzig",T49,BAPD 102,https://kerameikos.org/id/hydria,https://kerameikos.org/id/black_figure,https://kerameikos.org/id/athens,https://kerameikos.org/id/antimenes_painter,https://vocabs.bcdh.uni-bonn.de/hector_heritage_assets/de/page/concept_bf070035,https://vocabs.bcdh.uni-bonn.de/hector_heritage_assets/de/page/concept_fd4cbaed
bapd_1064_1,bapd_1064_1.jpg,Apollon auf antiker Krater (Manner of KADMOS P),Krater,http://vocabs.bcdh.uni-bonn.de/hector_heritage_assets/concept_4ec3b0ea,-,Attisch Rotfigurig,http://vocabs.bcdh.uni-bonn.de/hector_heritage_assets/concept_69d3cf4c,-,-,Attisch,Manner of KADMOS P by UNKNOWN,ca. 450–400 v. Chr.,Ton,"San Antonio (TX), Art Museum",85.120.2,BAPD 1064,https://kerameikos.org/id/krater,https://kerameikos.org/id/red_figure,https://kerameikos.org/id/athens,,https://vocabs.bcdh.uni-bonn.de/hector_heritage_assets/de/page/concept_4ec3b0ea,https://vocabs.bcdh.uni-bonn.de/hector_heritage_assets/de/page/concept_69d3cf4c
bapd_1064_2,bapd_1064_2.jpg,Apollon auf antiker Krater (Manner of KADMOS P),Krater,http://vocabs.bcdh.uni-bonn.de/hector_heritage_assets/concept_4ec3b0ea,-,Attisch Rotfigurig,http://vocabs.bcdh.uni-bonn.de/hector_heritage_assets/concept_69d3cf4c,-,-,Attisch,Manner of KADMOS P by UNKNOWN,ca. 450–400 v. Chr.,Ton,"San Antonio (TX), Art Museum",85.120.2,BAPD 1064,https://kerameikos.org/id/krater,https://kerameikos.org/id/red_figure,https://kerameikos.org/id/athens,,https://vocabs.bcdh.uni-bonn.de/hector_heritage_assets/de/page/concept_4ec3b0ea,https://vocabs.bcdh.uni-bonn.de/hector_heritage_assets/de/page/concept_69d3cf4c
bapd_1064_3,bapd_1064_3.jpg,Apollon auf antiker Krater (Manner of KADMOS P),Krater,http://vocabs.bcdh.uni-bonn.de/hector_heritage_assets/concept_4ec3b0ea,-,Attisch Rotfigurig,http://vocabs.bcdh.uni-bonn.de/hector_heritage_assets/concept_69d3cf4c,-,-,Attisch,Manner of KADMOS P by UNKNOWN,ca. 450–400 v. Chr.,Ton,"San Antonio (TX), Art Museum",85.120.2,BAPD 1064,https://kerameikos.org/id/krater,https://kerameikos.org/id/red_figure,https://kerameikos.org/id/athens,,https://vocabs.bcdh.uni-bonn.de/hector_heritage_assets/de/page/concept_4ec3b0ea,https://vocabs.bcdh.uni-bonn.de/hector_heritage_assets/de/page/concept_69d3cf4c
bapd_1064_4,bapd_1064_4.jpg,Apollon auf antiker Krater (Manner of KADMOS P),Krater,http://vocabs.bcdh.uni-bonn.de/hector_heritage_assets/concept_4ec3b0ea,-,Attisch Rotfigurig,http://vocabs.bcdh.uni-bonn.de/hector_heritage_assets/concept_69d3cf4c,-,-,Attisch,Manner of KADMOS P by UNKNOWN,ca. 450–400 v. Chr.,Ton,"San Antonio (TX), Art Museum",85.120.2,BAPD 1064,https://kerameikos.org/id/krater,https://kerameikos.org/id/red_figure,https://kerameikos.org/id/athens,,https://vocabs.bcdh.uni-bonn.de/hector_heritage_assets/de/page/concept_4ec3b0ea,https://vocabs.bcdh.uni-bonn.de/hector_heritage_assets/de/page/concept_69d3cf4c
bapd_1140_1,bapd_1140_1.jpg,Apollon auf antiker Lekythos (ACHILLES P),Lekythos,http://vocabs.bcdh.uni-bonn.de/hector_heritage_assets/concept_5b62f4af,-,Attisch Rotfigurig,http://vocabs.bcdh.uni-bonn.de/hector_heritage_assets/concept_69d3cf4c,-,-,Attisch,ACHILLES P by BOTHMER,ca. 475–425 v. Chr.,Ton,"New York (N.Y.), Metropolitan Museum",1989.281.72,BAPD 1140,https://kerameikos.org/id/lekythos,https://kerameikos.org/id/red_figure,https://kerameikos.org/id/athens,https://kerameikos.org/id/achilles_painter,https://vocabs.bcdh.uni-bonn.de/hector_heritage_assets/de/page/concept_5b62f4af,https://vocabs.bcdh.uni-bonn.de/hector_heritage_assets/de/page/concept_69d3cf4c
bapd_1140_2,bapd_1140_2.jpg,Apollon auf antiker Lekythos (ACHILLES P),Lekythos,http://vocabs.bcdh.uni-bonn.de/hector_heritage_assets/concept_5b62f4af,-,Attisch Rotfigurig,http://vocabs.bcdh.uni-bonn.de/hector_heritage_assets/concept_69d3cf4c,-,-,Attisch,ACHILLES P by BOTHMER,ca. 475–425 v. Chr.,Ton,"New York (N.Y.), Metropolitan Museum",1989.281.72,BAPD 1140,https://kerameikos.org/id/lekythos,https://kerameikos.org/id/red_figure,https://kerameikos.org/id/athens,https://kerameikos.org/id/achilles_painter,https://vocabs.bcdh.uni-bonn.de/hector_heritage_assets/de/page/concept_5b62f4af,https://vocabs.bcdh.uni-bonn.de/hector_heritage_assets/de/page/concept_69d3cf4c
bapd_1140_3,bapd_1140_3.jpg,Apollon auf antiker Lekythos (ACHILLES P),Lekythos,http://vocabs.bcdh.uni-bonn.de/hector_heritage_assets/concept_5b62f4af,-,Attisch Rotfigurig,http://vocabs.bcdh.uni-bonn.de/hector_heritage_assets/concept_69d3cf4c,-,-,Attisch,ACHILLES P by BOTHMER,ca. 475–425 v. Chr.,Ton,"New York (N.Y.), Metropolitan Museum",1989.281.72,BAPD 1140,https://kerameikos.org/id/lekythos,https://kerameikos.org/id/red_figure,https://kerameikos.org/id/athens,https://kerameikos.org/id/achilles_painter,https://vocabs.bcdh.uni-bonn.de/hector_heritage_assets/de/page/concept_5b62f4af,https://vocabs.bcdh.uni-bonn.de/hector_heritage_assets/de/page/concept_69d3cf4c
bapd_1140_4,bapd_1140_4.jpg,Apollon auf antiker Lekythos (ACHILLES P),Lekythos,http://vocabs.bcdh.uni-bonn.de/hector_heritage_assets/concept_5b62f4af,-,Attisch Rotfigurig,http://vocabs.bcdh.uni-bonn.de/hector_heritage_assets/concept_69d3cf4c,-,-,Attisch,ACHILLES P by BOTHMER,ca. 475–425 v. Chr.,Ton,"New York (N.Y.), Metropolitan Museum",1989.281.72,BAPD 1140,https://kerameikos.org/id/lekythos,https://kerameikos.org/id/red_figure,https://kerameikos.org/id/athens,https://kerameikos.org/id/achilles_painter,https://vocabs.bcdh.uni-bonn.de/hector_heritage_assets/de/page/concept_5b62f4af,https://vocabs.bcdh.uni-bonn.de/hector_heritage_assets/de/page/concept_69d3cf4c
bapd_1158_1,bapd_1158_1.jpg,Apollon auf antiker Halsamphora (ANTIMENES P),Transportamphora,http://vocabs.bcdh.uni-bonn.de/hector_heritage_assets/concept_65909227,-,Attisch schwarzfigurig,http://vocabs.bcdh.uni-bonn.de/hector_heritage_assets/concept_fd4cbaed,-,-,Attisch,ANTIMENES P by KUNZE-GÖTTE,ca. 550–500 v. Chr.,Ton,"Munich, Antikensammlungen",J145,BAPD 1158,https://kerameikos.org/id/amphora,https://kerameikos.org/id/black_figure,https://kerameikos.org/id/athens,https://kerameikos.org/id/antimenes_painter,https://vocabs.bcdh.uni-bonn.de/hector_heritage_assets/de/page/concept_65909227,https://vocabs.bcdh.uni-bonn.de/hector_heritage_assets/de/page/concept_fd4cbaed
bapd_1158_2,bapd_1158_2.jpg,Apollon auf antiker Halsamphora (ANTIMENES P),Transportamphora,http://vocabs.bcdh.uni-bonn.de/hector_heritage_assets/concept_65909227,-,Attisch schwarzfigurig,http://vocabs.bcdh.uni-bonn.de/hector_heritage_assets/concept_fd4cbaed,-,-,Attisch,ANTIMENES P by KUNZE-GÖTTE,ca. 550–500 v. Chr.,Ton,"Munich, Antikensammlungen",J145,BAPD 1158,https://kerameikos.org/id/amphora,https://kerameikos.org/id/black_figure,https://kerameikos.org/id/athens,https://kerameikos.org/id/antimenes_painter,https://vocabs.bcdh.uni-bonn.de/hector_heritage_assets/de/page/concept_65909227,https://vocabs.bcdh.uni-bonn.de/hector_heritage_assets/de/page/concept_fd4cbaed
bapd_1158_3,bapd_1158_3.jpg,Apollon auf antiker Halsamphora (ANTIMENES P),Transportamphora,http://vocabs.bcdh.uni-bonn.de/hector_heritage_assets/concept_65909227,-,Attisch schwarzfigurig,http://vocabs.bcdh.uni-bonn.de/hector_heritage_assets/concept_fd4cbaed,-,-,Attisch,ANTIMENES P by KUNZE-GÖTTE,ca. 550–500 v. Chr.,Ton,"Munich, Antikensammlungen",J145,BAPD 1158,https://kerameikos.org/id/amphora,https://kerameikos.org/id/black_figure,https://kerameikos.org/id/athens,https://kerameikos.org/id/antimenes_painter,https://vocabs.bcdh.uni-bonn.de/hector_heritage_assets/de/page/concept_65909227,https://vocabs.bcdh.uni-bonn.de/hector_heritage_assets/de/page/concept_fd4cbaed
bapd_1158_4,bapd_1158_4.jpg,Apollon auf antiker Halsamphora (ANTIMENES P),Transportamphora,http://vocabs.bcdh.uni-bonn.de/hector_heritage_assets/concept_65909227,-,Attisch schwarzfigurig,http://vocabs.bcdh.uni-bonn.de/hector_heritage_assets/concept_fd4cbaed,-,-,Attisch,ANTIMENES P by KUNZE-GÖTTE,ca. 550–500 v. Chr.,Ton,"Munich, Antikensammlungen",J145,BAPD 1158,https://kerameikos.org/id/amphora,https://kerameikos.org/id/black_figure,https://kerameikos.org/id/athens,https://kerameikos.org/id/antimenes_painter,https://vocabs.bcdh.uni-bonn.de/hector_heritage_assets/de/page/concept_65909227,https://vocabs.bcdh.uni-bonn.de/hector_heritage_assets/de/page/concept_fd4cbaed
bapd_1158_5,bapd_1158_5.jpg,Apollon auf antiker Halsamphora (ANTIMENES P),Transportamphora,http://vocabs.bcdh.uni-bonn.de/hector_heritage_assets/concept_65909227,-,Attisch schwarzfigurig,http://vocabs.bcdh.uni-bonn.de/hector_heritage_assets/concept_fd4cbaed,-,-,Attisch,ANTIMENES P by KUNZE-GÖTTE,ca. 550–500 v. Chr.,Ton,"Munich, Antikensammlungen",J145,BAPD 1158,https://kerameikos.org/id/amphora,https://kerameikos.org/id/black_figure,https://kerameikos.org/id/athens,https://kerameikos.org/id/antimenes_painter,https://vocabs.bcdh.uni-bonn.de/hector_heritage_assets/de/page/concept_65909227,https://vocabs.bcdh.uni-bonn.de/hector_heritage_assets/de/page/concept_fd4cbaed
bapd_1268_1,bapd_1268_1.jpg,"Apollon auf antiker Halsamphora (TARQUINIA RC 6847, P OF)",Transportamphora,http://vocabs.bcdh.uni-bonn.de/hector_heritage_assets/concept_65909227,-,Attisch schwarzfigurig,http://vocabs.bcdh.uni-bonn.de/hector_heritage_assets/concept_fd4cbaed,-,-,Attisch,"TARQUINIA RC 6847, P OF by KUNZE-GÖTTE",ca. 550–500 v. Chr.,Ton,"Munich, Antikensammlungen",J692,BAPD 1268,https://kerameikos.org/id/amphora,https://kerameikos.org/id/black_figure,https://kerameikos.org/id/athens,,https://vocabs.bcdh.uni-bonn.de/hector_heritage_assets/de/page/concept_65909227,https://vocabs.bcdh.uni-bonn.de/hector_heritage_assets/de/page/concept_fd4cbaed
bapd_1268_2,bapd_1268_2.jpg,"Apollon auf antiker Halsamphora (TARQUINIA RC 6847, P OF)",Transportamphora,http://vocabs.bcdh.uni-bonn.de/hector_heritage_assets/concept_65909227,-,Attisch schwarzfigurig,http://vocabs.bcdh.uni-bonn.de/hector_heritage_assets/concept_fd4cbaed,-,-,Attisch,"TARQUINIA RC 6847, P OF by KUNZE-GÖTTE",ca. 550–500 v. Chr.,Ton,"Munich, Antikensammlungen",J692,BAPD 1268,https://kerameikos.org/id/amphora,https://kerameikos.org/id/black_figure,https://kerameikos.org/id/athens,,https://vocabs.bcdh.uni-bonn.de/hector_heritage_assets/de/page/concept_65909227,https://vocabs.bcdh.uni-bonn.de/hector_heritage_assets/de/page/concept_fd4cbaed
bapd_1268_3,bapd_1268_3.jpg,"Apollon auf antiker Halsamphora (TARQUINIA RC 6847, P OF)",Transportamphora,http://vocabs.bcdh.uni-bonn.de/hector_heritage_assets/concept_65909227,-,Attisch schwarzfigurig,http://vocabs.bcdh.uni-bonn.de/hector_heritage_assets/concept_fd4cbaed,-,-,Attisch,"TARQUINIA RC 6847, P OF by KUNZE-GÖTTE",ca. 550–500 v. Chr.,Ton,"Munich, Antikensammlungen",J692,BAPD 1268,https://kerameikos.org/id/amphora,https://kerameikos.org/id/black_figure,https://kerameikos.org/id/athens,,https://vocabs.bcdh.uni-bonn.de/hector_heritage_assets/de/page/concept_65909227,https://vocabs.bcdh.uni-bonn.de/hector_heritage_assets/de/page/concept_fd4cbaed
bapd_1268_4,bapd_1268_4.jpg,"Apollon auf antiker Halsamphora (TARQUINIA RC 6847, P OF)",Transportamphora,http://vocabs.bcdh.uni-bonn.de/hector_heritage_assets/concept_65909227,-,Attisch schwarzfigurig,http://vocabs.bcdh.uni-bonn.de/hector_heritage_assets/concept_fd4cbaed,-,-,Attisch,"TARQUINIA RC 6847, P OF by KUNZE-GÖTTE",ca. 550–500 v. Chr.,Ton,"Munich, Antikensammlungen",J692,BAPD 1268,https://kerameikos.org/id/amphora,https://kerameikos.org/id/black_figure,https://kerameikos.org/id/athens,,https://vocabs.bcdh.uni-bonn.de/hector_heritage_assets/de/page/concept_65909227,https://vocabs.bcdh.uni-bonn.de/hector_heritage_assets/de/page/concept_fd4cbaed
bapd_1268_5,bapd_1268_5.jpg,"Apollon auf antiker Halsamphora (TARQUINIA RC 6847, P OF)",Transportamphora,http://vocabs.bcdh.uni-bonn.de/hector_heritage_assets/concept_65909227,-,Attisch schwarzfigurig,http://vocabs.bcdh.uni-bonn.de/hector_heritage_assets/concept_fd4cbaed,-,-,Attisch,"TARQUINIA RC 6847, P OF by KUNZE-GÖTTE",ca. 550–500 v. Chr.,Ton,"Munich, Antikensammlungen",J692,BAPD 1268,https://kerameikos.org/id/amphora,https://kerameikos.org/id/black_figure,https://kerameikos.org/id/athens,,https://vocabs.bcdh.uni-bonn.de/hector_heritage_assets/de/page/concept_65909227,https://vocabs.bcdh.uni-bonn.de/hector_heritage_assets/de/page/concept_fd4cbaed
bapd_138_1,bapd_138_1.jpg,Herakles auf antiker Pelike,Pelike,http://vocabs.bcdh.uni-bonn.de/hector_heritage_assets/concept_89023780,-,Attisch schwarzfigurig,http://vocabs.bcdh.uni-bonn.de/hector_heritage_assets/concept_fd4cbaed,-,-,Attisch,,ca. 525–475 v. Chr.,Ton,"Berlin, Antikensammlung",3228,BAPD 138,https://kerameikos.org/id/pelike,https://kerameikos.org/id/black_figure,https://kerameikos.org/id/athens,,https://vocabs.bcdh.uni-bonn.de/hector_heritage_assets/de/page/concept_89023780,https://vocabs.bcdh.uni-bonn.de/hector_heritage_assets/de/page/concept_fd4cbaed
bapd_138_2,bapd_138_2.jpg,Herakles auf antiker Pelike,Pelike,http://vocabs.bcdh.uni-bonn.de/hector_heritage_assets/concept_89023780,-,Attisch schwarzfigurig,http://vocabs.bcdh.uni-bonn.de/hector_heritage_assets/concept_fd4cbaed,-,-,Attisch,,ca. 525–475 v. Chr.,Ton,"Berlin, Antikensammlung",3228,BAPD 138,https://kerameikos.org/id/pelike,https://kerameikos.org/id/black_figure,https://kerameikos.org/id/athens,,https://vocabs.bcdh.uni-bonn.de/hector_heritage_assets/de/page/concept_89023780,https://vocabs.bcdh.uni-bonn.de/hector_heritage_assets/de/page/concept_fd4cbaed
bapd_138_3,bapd_138_3.jpg,Herakles auf antiker Pelike,Pelike,http://vocabs.bcdh.uni-bonn.de/hector_heritage_assets/concept_89023780,-,Attisch schwarzfigurig,http://vocabs.bcdh.uni-bonn.de/hector_heritage_assets/concept_fd4cbaed,-,-,Attisch,,ca. 525–475 v. Chr.,Ton,"Berlin, Antikensammlung",3228,BAPD 138,https://kerameikos.org/id/pelike,https://kerameikos.org/id/black_figure,https://kerameikos.org/id/athens,,https://vocabs.bcdh.uni-bonn.de/hector_heritage_assets/de/page/concept_89023780,https://vocabs.bcdh.uni-bonn.de/hector_heritage_assets/de/page/concept_fd4cbaed
bapd_138_4,bapd_138_4.jpg,Herakles auf antiker Pelike,Pelike,http://vocabs.bcdh.uni-bonn.de/hector_heritage_assets/concept_89023780,-,Attisch schwarzfigurig,http://vocabs.bcdh.uni-bonn.de/hector_heritage_assets/concept_fd4cbaed,-,-,Attisch,,ca. 525–475 v. Chr.,Ton,"Berlin, Antikensammlung",3228,BAPD 138,https://kerameikos.org/id/pelike,https://kerameikos.org/id/black_figure,https://kerameikos.org/id/athens,,https://vocabs.bcdh.uni-bonn.de/hector_heritage_assets/de/page/concept_89023780,https://vocabs.bcdh.uni-bonn.de/hector_heritage_assets/de/page/concept_fd4cbaed
bapd_138_5,bapd_138_5.jpg,Herakles auf antiker Pelike,Pelike,http://vocabs.bcdh.uni-bonn.de/hector_heritage_assets/concept_89023780,-,Attisch schwarzfigurig,http://vocabs.bcdh.uni-bonn.de/hector_heritage_assets/concept_fd4cbaed,-,-,Attisch,,ca. 525–475 v. Chr.,Ton,"Berlin, Antikensammlung",3228,BAPD 138,https://kerameikos.org/id/pelike,https://kerameikos.org/id/black_figure,https://kerameikos.org/id/athens,,https://vocabs.bcdh.uni-bonn.de/hector_heritage_assets/de/page/concept_89023780,https://vocabs.bcdh.uni-bonn.de/hector_heritage_assets/de/page/concept_fd4cbaed
bapd_138_6,bapd_138_6.jpg,Herakles auf antiker Pelike,Pelike,http://vocabs.bcdh.uni-bonn.de/hector_heritage_assets/concept_89023780,-,Attisch schwarzfigurig,http://vocabs.bcdh.uni-bonn.de/hector_heritage_assets/concept_fd4cbaed,-,-,Attisch,,ca. 525–475 v. Chr.,Ton,"Berlin, Antikensammlung",3228,BAPD 138,https://kerameikos.org/id/pelike,https://kerameikos.org/id/black_figure,https://kerameikos.org/id/athens,,https://vocabs.bcdh.uni-bonn.de/hector_heritage_assets/de/page/concept_89023780,https://vocabs.bcdh.uni-bonn.de/hector_heritage_assets/de/page/concept_fd4cbaed
bapd_138_7,bapd_138_7.jpg,Herakles auf antiker Pelike,Pelike,http://vocabs.bcdh.uni-bonn.de/hector_heritage_assets/concept_89023780,-,Attisch schwarzfigurig,http://vocabs.bcdh.uni-bonn.de/hector_heritage_assets/concept_fd4cbaed,-,-,Attisch,,ca. 525–475 v. Chr.,Ton,"Berlin, Antikensammlung",3228,BAPD 138,https://kerameikos.org/id/pelike,https://kerameikos.org/id/black_figure,https://kerameikos.org/id/athens,,https://vocabs.bcdh.uni-bonn.de/hector_heritage_assets/de/page/concept_89023780,https://vocabs.bcdh.uni-bonn.de/hector_heritage_assets/de/page/concept_fd4cbaed
bapd_1434_1,bapd_1434_1.jpg,Apollon auf antiker Lekythos (Workshop of BOWDOIN P),Lekythos,http://vocabs.bcdh.uni-bonn.de/hector_heritage_assets/concept_5b62f4af,-,Attisch Rotfigurig,http://vocabs.bcdh.uni-bonn.de/hector_heritage_assets/concept_69d3cf4c,-,-,Attisch,Workshop of BOWDOIN P by UNKNOWN ATHENA P by UNKNOWN,ca. 500–450 v. Chr.,Ton,"Madrid, Museo Arqueologico Nacional, coll. Varez Fisa",1999.99.78,BAPD 1434,https://kerameikos.org/id/lekythos,https://kerameikos.org/id/red_figure,https://kerameikos.org/id/athens,https://kerameikos.org/id/athena_painter,https://vocabs.bcdh.uni-bonn.de/hector_heritage_assets/de/page/concept_5b62f4af,https://vocabs.bcdh.uni-bonn.de/hector_heritage_assets/de/page/concept_69d3cf4c
bapd_1434_2,bapd_1434_2.jpg,Apollon auf antiker Lekythos (Workshop of BOWDOIN P),Lekythos,http://vocabs.bcdh.uni-bonn.de/hector_heritage_assets/concept_5b62f4af,-,Attisch Rotfigurig,http://vocabs.bcdh.uni-bonn.de/hector_heritage_assets/concept_69d3cf4c,-,-,Attisch,Workshop of BOWDOIN P by UNKNOWN ATHENA P by UNKNOWN,ca. 500–450 v. Chr.,Ton,"Madrid, Museo Arqueologico Nacional, coll. Varez Fisa",1999.99.78,BAPD 1434,https://kerameikos.org/id/lekythos,https://kerameikos.org/id/red_figure,https://kerameikos.org/id/athens,https://kerameikos.org/id/athena_painter,https://vocabs.bcdh.uni-bonn.de/hector_heritage_assets/de/page/concept_5b62f4af,https://vocabs.bcdh.uni-bonn.de/hector_heritage_assets/de/page/concept_69d3cf4c
bapd_1434_3,bapd_1434_3.jpg,Apollon auf antiker Lekythos (Workshop of BOWDOIN P),Lekythos,http://vocabs.bcdh.uni-bonn.de/hector_heritage_assets/concept_5b62f4af,-,Attisch Rotfigurig,http://vocabs.bcdh.uni-bonn.de/hector_heritage_assets/concept_69d3cf4c,-,-,Attisch,Workshop of BOWDOIN P by UNKNOWN ATHENA P by UNKNOWN,ca. 500–450 v. Chr.,Ton,"Madrid, Museo Arqueologico Nacional, coll. Varez Fisa",1999.99.78,BAPD 1434,https://kerameikos.org/id/lekythos,https://kerameikos.org/id/red_figure,https://kerameikos.org/id/athens,https://kerameikos.org/id/athena_painter,https://vocabs.bcdh.uni-bonn.de/hector_heritage_assets/de/page/concept_5b62f4af,https://vocabs.bcdh.uni-bonn.de/hector_heritage_assets/de/page/concept_69d3cf4c
bapd_1434_4,bapd_1434_4.jpg,Apollon auf antiker Lekythos (Workshop of BOWDOIN P),Lekythos,http://vocabs.bcdh.uni-bonn.de/hector_heritage_assets/concept_5b62f4af,-,Attisch Rotfigurig,http://vocabs.bcdh.uni-bonn.de/hector_heritage_assets/concept_69d3cf4c,-,-,Attisch,Workshop of BOWDOIN P by UNKNOWN ATHENA P by UNKNOWN,ca. 500–450 v. Chr.,Ton,"Madrid, Museo Arqueologico Nacional, coll. Varez Fisa",1999.99.78,BAPD 1434,https://kerameikos.org/id/lekythos,https://kerameikos.org/id/red_figure,https://kerameikos.org/id/athens,https://kerameikos.org/id/athena_painter,https://vocabs.bcdh.uni-bonn.de/hector_heritage_assets/de/page/concept_5b62f4af,https://vocabs.bcdh.uni-bonn.de/hector_heritage_assets/de/page/concept_69d3cf4c
bapd_1434_5,bapd_1434_5.jpg,Apollon auf antiker Lekythos (Workshop of BOWDOIN P),Lekythos,http://vocabs.bcdh.uni-bonn.de/hector_heritage_assets/concept_5b62f4af,-,Attisch Rotfigurig,http://vocabs.bcdh.uni-bonn.de/hector_heritage_assets/concept_69d3cf4c,-,-,Attisch,Workshop of BOWDOIN P by UNKNOWN ATHENA P by UNKNOWN,ca. 500–450 v. Chr.,Ton,"Madrid, Museo Arqueologico Nacional, coll. Varez Fisa",1999.99.78,BAPD 1434,https://kerameikos.org/id/lekythos,https://kerameikos.org/id/red_figure,https://kerameikos.org/id/athens,https://kerameikos.org/id/athena_painter,https://vocabs.bcdh.uni-bonn.de/hector_heritage_assets/de/page/concept_5b62f4af,https://vocabs.bcdh.uni-bonn.de/hector_heritage_assets/de/page/concept_69d3cf4c
bapd_1434_6,bapd_1434_6.jpg,Apollon auf antiker Lekythos (Workshop of BOWDOIN P),Lekythos,http://vocabs.bcdh.uni-bonn.de/hector_heritage_assets/concept_5b62f4af,-,Attisch Rotfigurig,http://vocabs.bcdh.uni-bonn.de/hector_heritage_assets/concept_69d3cf4c,-,-,Attisch,Workshop of BOWDOIN P by UNKNOWN ATHENA P by UNKNOWN,ca. 500–450 v. Chr.,Ton,"Madrid, Museo Arqueologico Nacional, coll. Varez Fisa",1999.99.78,BAPD 1434,https://kerameikos.org/id/lekythos,https://kerameikos.org/id/red_figure,https://kerameikos.org/id/athens,https://kerameikos.org/id/athena_painter,https://vocabs.bcdh.uni-bonn.de/hector_heritage_assets/de/page/concept_5b62f4af,https://vocabs.bcdh.uni-bonn.de/hector_heritage_assets/de/page/concept_69d3cf4c
bapd_1434_7,bapd_1434_7.jpg,Apollon auf antiker Lekythos (Workshop of BOWDOIN P),Lekythos,http://vocabs.bcdh.uni-bonn.de/hector_heritage_assets/concept_5b62f4af,-,Attisch Rotfigurig,http://vocabs.bcdh.uni-bonn.de/hector_heritage_assets/concept_69d3cf4c,-,-,Attisch,Workshop of BOWDOIN P by UNKNOWN ATHENA P by UNKNOWN,ca. 500–450 v. Chr.,Ton,"Madrid, Museo Arqueologico Nacional, coll. Varez Fisa",1999.99.78,BAPD 1434,https://kerameikos.org/id/lekythos,https://kerameikos.org/id/red_figure,https://kerameikos.org/id/athens,https://kerameikos.org/id/athena_painter,https://vocabs.bcdh.uni-bonn.de/hector_heritage_assets/de/page/concept_5b62f4af,https://vocabs.bcdh.uni-bonn.de/hector_heritage_assets/de/page/concept_69d3cf4c
bapd_1434_8,bapd_1434_8.jpg,Apollon auf antiker Lekythos (Workshop of BOWDOIN P),Lekythos,http://vocabs.bcdh.uni-bonn.de/hector_heritage_assets/concept_5b62f4af,-,Attisch Rotfigurig,http://vocabs.bcdh.uni-bonn.de/hector_heritage_assets/concept_69d3cf4c,-,-,Attisch,Workshop of BOWDOIN P by UNKNOWN ATHENA P by UNKNOWN,ca. 500–450 v. Chr.,Ton,"Madrid, Museo Arqueologico Nacional, coll. Varez Fisa",1999.99.78,BAPD 1434,https://kerameikos.org/id/lekythos,https://kerameikos.org/id/red_figure,https://kerameikos.org/id/athens,https://kerameikos.org/id/athena_painter,https://vocabs.bcdh.uni-bonn.de/hector_heritage_assets/de/page/concept_5b62f4af,https://vocabs.bcdh.uni-bonn.de/hector_heritage_assets/de/page/concept_69d3cf4c
bapd_1434_9,bapd_1434_9.jpg,Apollon auf antiker Lekythos (Workshop of BOWDOIN P),Lekythos,http://vocabs.bcdh.uni-bonn.de/hector_heritage_assets/concept_5b62f4af,-,Attisch Rotfigurig,http://vocabs.bcdh.uni-bonn.de/hector_heritage_assets/concept_69d3cf4c,-,-,Attisch,Workshop of BOWDOIN P by UNKNOWN ATHENA P by UNKNOWN,ca. 500–450 v. Chr.,Ton,"Madrid, Museo Arqueologico Nacional, coll. Varez Fisa",1999.99.78,BAPD 1434,https://kerameikos.org/id/lekythos,https://kerameikos.org/id/red_figure,https://kerameikos.org/id/athens,https://kerameikos.org/id/athena_painter,https://vocabs.bcdh.uni-bonn.de/hector_heritage_assets/de/page/concept_5b62f4af,https://vocabs.bcdh.uni-bonn.de/hector_heritage_assets/de/page/concept_69d3cf4c
bapd_148_1,bapd_148_1.jpg,Apollon auf antiker Pelike,Pelike,http://vocabs.bcdh.uni-bonn.de/hector_heritage_assets/concept_89023780,-,Attisch Rotfigurig,http://vocabs.bcdh.uni-bonn.de/hector_heritage_assets/concept_69d3cf4c,-,-,Attisch,,ca. 475–425 v. Chr.,Ton,"London, market, Christie's",,BAPD 148,https://kerameikos.org/id/pelike,https://kerameikos.org/id/red_figure,https://kerameikos.org/id/athens,,https://vocabs.bcdh.uni-bonn.de/hector_heritage_assets/de/page/concept_89023780,https://vocabs.bcdh.uni-bonn.de/hector_heritage_assets/de/page/concept_69d3cf4c
bapd_148_2,bapd_148_2.jpg,Apollon auf antiker Pelike,Pelike,http://vocabs.bcdh.uni-bonn.de/hector_heritage_assets/concept_89023780,-,Attisch Rotfigurig,http://vocabs.bcdh.uni-bonn.de/hector_heritage_assets/concept_69d3cf4c,-,-,Attisch,,ca. 475–425 v. Chr.,Ton,"London, market, Christie's",,BAPD 148,https://kerameikos.org/id/pelike,https://kerameikos.org/id/red_figure,https://kerameikos.org/id/athens,,https://vocabs.bcdh.uni-bonn.de/hector_heritage_assets/de/page/concept_89023780,https://vocabs.bcdh.uni-bonn.de/hector_heritage_assets/de/page/concept_69d3cf4c
bapd_148_3,bapd_148_3.jpg,Apollon auf antiker Pelike,Pelike,http://vocabs.bcdh.uni-bonn.de/hector_heritage_assets/concept_89023780,-,Attisch Rotfigurig,http://vocabs.bcdh.uni-bonn.de/hector_heritage_assets/concept_69d3cf4c,-,-,Attisch,,ca. 475–425 v. Chr.,Ton,"London, market, Christie's",,BAPD 148,https://kerameikos.org/id/pelike,https://kerameikos.org/id/red_figure,https://kerameikos.org/id/athens,,https://vocabs.bcdh.uni-bonn.de/hector_heritage_assets/de/page/concept_89023780,https://vocabs.bcdh.uni-bonn.de/hector_heritage_assets/de/page/concept_69d3cf4c
bapd_14_1,bapd_14_1.jpg,Herakles auf antiker Halsamphora (BOTKIN CLASS PHRYNOS P),Transportamphora,http://vocabs.bcdh.uni-bonn.de/hector_heritage_assets/concept_65909227,-,Attisch schwarzfigurig,http://vocabs.bcdh.uni-bonn.de/hector_heritage_assets/concept_fd4cbaed,-,-,Attisch,BOTKIN CLASS PHRYNOS P by UNKNOWN,ca. 575–525 v. Chr.,Ton,"New York (N.Y.), private",,BAPD 14,https://kerameikos.org/id/amphora,https://kerameikos.org/id/black_figure,https://kerameikos.org/id/athens,https://kerameikos.org/id/phrynos_painter,https://vocabs.bcdh.uni-bonn.de/hector_heritage_assets/de/page/concept_65909227,https://vocabs.bcdh.uni-bonn.de/hector_heritage_assets/de/page/concept_fd4cbaed
bapd_14_2,bapd_14_2.jpg,Herakles auf antiker Halsamphora (BOTKIN CLASS PHRYNOS P),Transportamphora,http://vocabs.bcdh.uni-bonn.de/hector_heritage_assets/concept_65909227,-,Attisch schwarzfigurig,http://vocabs.bcdh.uni-bonn.de/hector_heritage_assets/concept_fd4cbaed,-,-,Attisch,BOTKIN CLASS PHRYNOS P by UNKNOWN,ca. 575–525 v. Chr.,Ton,"New York (N.Y.), private",,BAPD 14,https://kerameikos.org/id/amphora,https://kerameikos.org/id/black_figure,https://kerameikos.org/id/athens,https://kerameikos.org/id/phrynos_painter,https://vocabs.bcdh.uni-bonn.de/hector_heritage_assets/de/page/concept_65909227,https://vocabs.bcdh.uni-bonn.de/hector_heritage_assets/de/page/concept_fd4cbaed
bapd_14_3,bapd_14_3.jpg,Herakles auf antiker Halsamphora (BOTKIN CLASS PHRYNOS P),Transportamphora,http://vocabs.bcdh.uni-bonn.de/hector_heritage_assets/concept_65909227,-,Attisch schwarzfigurig,http://vocabs.bcdh.uni-bonn.de/hector_heritage_assets/concept_fd4cbaed,-,-,Attisch,BOTKIN CLASS PHRYNOS P by UNKNOWN,ca. 575–525 v. Chr.,Ton,"New York (N.Y.), private",,BAPD 14,https://kerameikos.org/id/amphora,https://kerameikos.org/id/black_figure,https://kerameikos.org/id/athens,https://kerameikos.org/id/phrynos_painter,https://vocabs.bcdh.uni-bonn.de/hector_heritage_assets/de/page/concept_65909227,https://vocabs.bcdh.uni-bonn.de/hector_heritage_assets/de/page/concept_fd4cbaed
bapd_14_4,bapd_14_4.jpg,Herakles auf antiker Halsamphora (BOTKIN CLASS PHRYNOS P),Transportamphora,http://vocabs.bcdh.uni-bonn.de/hector_heritage_assets/concept_65909227,-,Attisch schwarzfigurig,http://vocabs.bcdh.uni-bonn.de/hector_heritage_assets/concept_fd4cbaed,-,-,Attisch,BOTKIN CLASS PHRYNOS P by UNKNOWN,ca. 575–525 v. Chr.,Ton,"New York (N.Y.), private",,BAPD 14,https://kerameikos.org/id/amphora,https://kerameikos.org/id/black_figure,https://kerameikos.org/id/athens,https://kerameikos.org/id/phrynos_painter,https://vocabs.bcdh.uni-bonn.de/hector_heritage_assets/de/page/concept_65909227,https://vocabs.bcdh.uni-bonn.de/hector_heritage_assets/de/page/concept_fd4cbaed
bapd_14_5,bapd_14_5.jpg,Herakles auf antiker Halsamphora (BOTKIN CLASS PHRYNOS P),Transportamphora,http://vocabs.bcdh.uni-bonn.de/hector_heritage_assets/concept_65909227,-,Attisch schwarzfigurig,http://vocabs.bcdh.uni-bonn.de/hector_heritage_assets/concept_fd4cbaed,-,-,Attisch,BOTKIN CLASS PHRYNOS P by UNKNOWN,ca. 575–525 v. Chr.,Ton,"New York (N.Y.), private",,BAPD 14,https://kerameikos.org/id/amphora,https://kerameikos.org/id/black_figure,https://kerameikos.org/id/athens,https://kerameikos.org/id/phrynos_painter,https://vocabs.bcdh.uni-bonn.de/hector_heritage_assets/de/page/concept_65909227,https://vocabs.bcdh.uni-bonn.de/hector_heritage_assets/de/page/concept_fd4cbaed
bapd_14_6,bapd_14_6.jpg,Herakles auf antiker Halsamphora (BOTKIN CLASS PHRYNOS P),Transportamphora,http://vocabs.bcdh.uni-bonn.de/hector_heritage_assets/concept_65909227,-,Attisch schwarzfigurig,http://vocabs.bcdh.uni-bonn.de/hector_heritage_assets/concept_fd4cbaed,-,-,Attisch,BOTKIN CLASS PHRYNOS P by UNKNOWN,ca. 575–525 v. Chr.,Ton,"New York (N.Y.), private",,BAPD 14,https://kerameikos.org/id/amphora,https://kerameikos.org/id/black_figure,https://kerameikos.org/id/athens,https://kerameikos.org/id/phrynos_painter,https://vocabs.bcdh.uni-bonn.de/hector_heritage_assets/de/page/concept_65909227,https://vocabs.bcdh.uni-bonn.de/hector_heritage_assets/de/page/concept_fd4cbaed
bapd_14_7,bapd_14_7.jpg,Herakles auf antiker Halsamphora (BOTKIN CLASS PHRYNOS P),Transportamphora,http://vocabs.bcdh.uni-bonn.de/hector_heritage_assets/concept_65909227,-,Attisch schwarzfigurig,http://vocabs.bcdh.uni-bonn.de/hector_heritage_assets/concept_fd4cbaed,-,-,Attisch,BOTKIN CLASS PHRYNOS P by UNKNOWN,ca. 575–525 v. Chr.,Ton,"New York (N.Y.), private",,BAPD 14,https://kerameikos.org/id/amphora,https://kerameikos.org/id/black_figure,https://kerameikos.org/id/athens,https://kerameikos.org/id/phrynos_painter,https://vocabs.bcdh.uni-bonn.de/hector_heritage_assets/de/page/concept_65909227,https://vocabs.bcdh.uni-bonn.de/hector_heritage_assets/de/page/concept_fd4cbaed
bapd_1518_1,bapd_1518_1.jpg,Apollon auf antiker Lekythos (HAIMON P),Lekythos,http://vocabs.bcdh.uni-bonn.de/hector_heritage_assets/concept_5b62f4af,-,Attisch schwarzfigurig,http://vocabs.bcdh.uni-bonn.de/hector_heritage_assets/concept_fd4cbaed,-,-,Attisch,HAIMON P by ISLER,ca. 500–450 v. Chr.,Ton,"Zurich, University",2495,BAPD 1518,https://kerameikos.org/id/lekythos,https://kerameikos.org/id/black_figure,https://kerameikos.org/id/athens,,https://vocabs.bcdh.uni-bonn.de/hector_heritage_assets/de/page/concept_5b62f4af,https://vocabs.bcdh.uni-bonn.de/hector_heritage_assets/de/page/concept_fd4cbaed
bapd_1518_2,bapd_1518_2.jpg,Apollon auf antiker Lekythos (HAIMON P),Lekythos,http://vocabs.bcdh.uni-bonn.de/hector_heritage_assets/concept_5b62f4af,-,Attisch schwarzfigurig,http://vocabs.bcdh.uni-bonn.de/hector_heritage_assets/concept_fd4cbaed,-,-,Attisch,HAIMON P by ISLER,ca. 500–450 v. Chr.,Ton,"Zurich, University",2495,BAPD 1518,https://kerameikos.org/id/lekythos,https://kerameikos.org/id/black_figure,https://kerameikos.org/id/athens,,https://vocabs.bcdh.uni-bonn.de/hector_heritage_assets/de/page/concept_5b62f4af,https://vocabs.bcdh.uni-bonn.de/hector_heritage_assets/de/page/concept_fd4cbaed
bapd_1518_3,bapd_1518_3.jpg,Apollon auf antiker Lekythos (HAIMON P),Lekythos,http://vocabs.bcdh.uni-bonn.de/hector_heritage_assets/concept_5b62f4af,-,Attisch schwarzfigurig,http://vocabs.bcdh.uni-bonn.de/hector_heritage_assets/concept_fd4cbaed,-,-,Attisch,HAIMON P by ISLER,ca. 500–450 v. Chr.,Ton,"Zurich, University",2495,BAPD 1518,https://kerameikos.org/id/lekythos,https://kerameikos.org/id/black_figure,https://kerameikos.org/id/athens,,https://vocabs.bcdh.uni-bonn.de/hector_heritage_assets/de/page/concept_5b62f4af,https://vocabs.bcdh.uni-bonn.de/hector_heritage_assets/de/page/concept_fd4cbaed
bapd_1518_4,bapd_1518_4.jpg,Apollon auf antiker Lekythos (HAIMON P),Lekythos,http://vocabs.bcdh.uni-bonn.de/hector_heritage_assets/concept_5b62f4af,-,Attisch schwarzfigurig,http://vocabs.bcdh.uni-bonn.de/hector_heritage_assets/concept_fd4cbaed,-,-,Attisch,HAIMON P by ISLER,ca. 500–450 v. Chr.,Ton,"Zurich, University",2495,BAPD 1518,https://kerameikos.org/id/lekythos,https://kerameikos.org/id/black_figure,https://kerameikos.org/id/athens,,https://vocabs.bcdh.uni-bonn.de/hector_heritage_assets/de/page/concept_5b62f4af,https://vocabs.bcdh.uni-bonn.de/hector_heritage_assets/de/page/concept_fd4cbaed
bapd_171_1,bapd_171_1.jpg,Athena auf antiker Hydria (KERCH),Hydria,http://vocabs.bcdh.uni-bonn.de/hector_heritage_assets/concept_bf070035,-,Attisch Rotfigurig,http://vocabs.bcdh.uni-bonn.de/hector_heritage_assets/concept_69d3cf4c,-,-,Attisch,KERCH by UNKNOWN,ca. 400–300 v. Chr.,Ton,"Munich, Antikensammlungen",6011,BAPD 171,https://kerameikos.org/id/hydria,https://kerameikos.org/id/red_figure,https://kerameikos.org/id/athens,,https://vocabs.bcdh.uni-bonn.de/hector_heritage_assets/de/page/concept_bf070035,https://vocabs.bcdh.uni-bonn.de/hector_heritage_assets/de/page/concept_69d3cf4c
bapd_171_10,bapd_171_10.jpg,Athena auf antiker Hydria (KERCH),Hydria,http://vocabs.bcdh.uni-bonn.de/hector_heritage_assets/concept_bf070035,-,Attisch Rotfigurig,http://vocabs.bcdh.uni-bonn.de/hector_heritage_assets/concept_69d3cf4c,-,-,Attisch,KERCH by UNKNOWN,ca. 400–300 v. Chr.,Ton,"Munich, Antikensammlungen",6011,BAPD 171,https://kerameikos.org/id/hydria,https://kerameikos.org/id/red_figure,https://kerameikos.org/id/athens,,https://vocabs.bcdh.uni-bonn.de/hector_heritage_assets/de/page/concept_bf070035,https://vocabs.bcdh.uni-bonn.de/hector_heritage_assets/de/page/concept_69d3cf4c
bapd_171_11,bapd_171_11.jpg,Athena auf antiker Hydria (KERCH),Hydria,http://vocabs.bcdh.uni-bonn.de/hector_heritage_assets/concept_bf070035,-,Attisch Rotfigurig,http://vocabs.bcdh.uni-bonn.de/hector_heritage_assets/concept_69d3cf4c,-,-,Attisch,KERCH by UNKNOWN,ca. 400–300 v. Chr.,Ton,"Munich, Antikensammlungen",6011,BAPD 171,https://kerameikos.org/id/hydria,https://kerameikos.org/id/red_figure,https://kerameikos.org/id/athens,,https://vocabs.bcdh.uni-bonn.de/hector_heritage_assets/de/page/concept_bf070035,https://vocabs.bcdh.uni-bonn.de/hector_heritage_assets/de/page/concept_69d3cf4c
bapd_171_12,bapd_171_12.jpg,Athena auf antiker Hydria (KERCH),Hydria,http://vocabs.bcdh.uni-bonn.de/hector_heritage_assets/concept_bf070035,-,Attisch Rotfigurig,http://vocabs.bcdh.uni-bonn.de/hector_heritage_assets/concept_69d3cf4c,-,-,Attisch,KERCH by UNKNOWN,ca. 400–300 v. Chr.,Ton,"Munich, Antikensammlungen",6011,BAPD 171,https://kerameikos.org/id/hydria,https://kerameikos.org/id/red_figure,https://kerameikos.org/id/athens,,https://vocabs.bcdh.uni-bonn.de/hector_heritage_assets/de/page/concept_bf070035,https://vocabs.bcdh.uni-bonn.de/hector_heritage_assets/de/page/concept_69d3cf4c
bapd_171_13,bapd_171_13.jpg,Athena auf antiker Hydria (KERCH),Hydria,http://vocabs.bcdh.uni-bonn.de/hector_heritage_assets/concept_bf070035,-,Attisch Rotfigurig,http://vocabs.bcdh.uni-bonn.de/hector_heritage_assets/concept_69d3cf4c,-,-,Attisch,KERCH by UNKNOWN,ca. 400–300 v. Chr.,Ton,"Munich, Antikensammlungen",6011,BAPD 171,https://kerameikos.org/id/hydria,https://kerameikos.org/id/red_figure,https://kerameikos.org/id/athens,,https://vocabs.bcdh.uni-bonn.de/hector_heritage_assets/de/page/concept_bf070035,https://vocabs.bcdh.uni-bonn.de/hector_heritage_assets/de/page/concept_69d3cf4c
bapd_171_14,bapd_171_14.jpg,Athena auf antiker Hydria (KERCH),Hydria,http://vocabs.bcdh.uni-bonn.de/hector_heritage_assets/concept_bf070035,-,Attisch Rotfigurig,http://vocabs.bcdh.uni-bonn.de/hector_heritage_assets/concept_69d3cf4c,-,-,Attisch,KERCH by UNKNOWN,ca. 400–300 v. Chr.,Ton,"Munich, Antikensammlungen",6011,BAPD 171,https://kerameikos.org/id/hydria,https://kerameikos.org/id/red_figure,https://kerameikos.org/id/athens,,https://vocabs.bcdh.uni-bonn.de/hector_heritage_assets/de/page/concept_bf070035,https://vocabs.bcdh.uni-bonn.de/hector_heritage_assets/de/page/concept_69d3cf4c
bapd_171_2,bapd_171_2.jpg,Athena auf antiker Hydria (KERCH),Hydria,http://vocabs.bcdh.uni-bonn.de/hector_heritage_assets/concept_bf070035,-,Attisch Rotfigurig,http://vocabs.bcdh.uni-bonn.de/hector_heritage_assets/concept_69d3cf4c,-,-,Attisch,KERCH by UNKNOWN,ca. 400–300 v. Chr.,Ton,"Munich, Antikensammlungen",6011,BAPD 171,https://kerameikos.org/id/hydria,https://kerameikos.org/id/red_figure,https://kerameikos.org/id/athens,,https://vocabs.bcdh.uni-bonn.de/hector_heritage_assets/de/page/concept_bf070035,https://vocabs.bcdh.uni-bonn.de/hector_heritage_assets/de/page/concept_69d3cf4c
bapd_171_3,bapd_171_3.jpg,Athena auf antiker Hydria (KERCH),Hydria,http://vocabs.bcdh.uni-bonn.de/hector_heritage_assets/concept_bf070035,-,Attisch Rotfigurig,http://vocabs.bcdh.uni-bonn.de/hector_heritage_assets/concept_69d3cf4c,-,-,Attisch,KERCH by UNKNOWN,ca. 400–300 v. Chr.,Ton,"Munich, Antikensammlungen",6011,BAPD 171,https://kerameikos.org/id/hydria,https://kerameikos.org/id/red_figure,https://kerameikos.org/id/athens,,https://vocabs.bcdh.uni-bonn.de/hector_heritage_assets/de/page/concept_bf070035,https://vocabs.bcdh.uni-bonn.de/hector_heritage_assets/de/page/concept_69d3cf4c
bapd_171_4,bapd_171_4.jpg,Athena auf antiker Hydria (KERCH),Hydria,http://vocabs.bcdh.uni-bonn.de/hector_heritage_assets/concept_bf070035,-,Attisch Rotfigurig,http://vocabs.bcdh.uni-bonn.de/hector_heritage_assets/concept_69d3cf4c,-,-,Attisch,KERCH by UNKNOWN,ca. 400–300 v. Chr.,Ton,"Munich, Antikensammlungen",6011,BAPD 171,https://kerameikos.org/id/hydria,https://kerameikos.org/id/red_figure,https://kerameikos.org/id/athens,,https://vocabs.bcdh.uni-bonn.de/hector_heritage_assets/de/page/concept_bf070035,https://vocabs.bcdh.uni-bonn.de/hector_heritage_assets/de/page/concept_69d3cf4c
bapd_171_5,bapd_171_5.jpg,Athena auf antiker Hydria (KERCH),Hydria,http://vocabs.bcdh.uni-bonn.de/hector_heritage_assets/concept_bf070035,-,Attisch Rotfigurig,http://vocabs.bcdh.uni-bonn.de/hector_heritage_assets/concept_69d3cf4c,-,-,Attisch,KERCH by UNKNOWN,ca. 400–300 v. Chr.,Ton,"Munich, Antikensammlungen",6011,BAPD 171,https://kerameikos.org/id/hydria,https://kerameikos.org/id/red_figure,https://kerameikos.org/id/athens,,https://vocabs.bcdh.uni-bonn.de/hector_heritage_assets/de/page/concept_bf070035,https://vocabs.bcdh.uni-bonn.de/hector_heritage_assets/de/page/concept_69d3cf4c
bapd_171_6,bapd_171_6.jpg,Athena auf antiker Hydria (KERCH),Hydria,http://vocabs.bcdh.uni-bonn.de/hector_heritage_assets/concept_bf070035,-,Attisch Rotfigurig,http://vocabs.bcdh.uni-bonn.de/hector_heritage_assets/concept_69d3cf4c,-,-,Attisch,KERCH by UNKNOWN,ca. 400–300 v. Chr.,Ton,"Munich, Antikensammlungen",6011,BAPD 171,https://kerameikos.org/id/hydria,https://kerameikos.org/id/red_figure,https://kerameikos.org/id/athens,,https://vocabs.bcdh.uni-bonn.de/hector_heritage_assets/de/page/concept_bf070035,https://vocabs.bcdh.uni-bonn.de/hector_heritage_assets/de/page/concept_69d3cf4c
bapd_171_7,bapd_171_7.jpg,Athena auf antiker Hydria (KERCH),Hydria,http://vocabs.bcdh.uni-bonn.de/hector_heritage_assets/concept_bf070035,-,Attisch Rotfigurig,http://vocabs.bcdh.uni-bonn.de/hector_heritage_assets/concept_69d3cf4c,-,-,Attisch,KERCH by UNKNOWN,ca. 400–300 v. Chr.,Ton,"Munich, Antikensammlungen",6011,BAPD 171,https://kerameikos.org/id/hydria,https://kerameikos.org/id/red_figure,https://kerameikos.org/id/athens,,https://vocabs.bcdh.uni-bonn.de/hector_heritage_assets/de/page/concept_bf070035,https://vocabs.bcdh.uni-bonn.de/hector_heritage_assets/de/page/concept_69d3cf4c
bapd_171_8,bapd_171_8.jpg,Athena auf antiker Hydria (KERCH),Hydria,http://vocabs.bcdh.uni-bonn.de/hector_heritage_assets/concept_bf070035,-,Attisch Rotfigurig,http://vocabs.bcdh.uni-bonn.de/hector_heritage_assets/concept_69d3cf4c,-,-,Attisch,KERCH by UNKNOWN,ca. 400–300 v. Chr.,Ton,"Munich, Antikensammlungen",6011,BAPD 171,https://kerameikos.org/id/hydria,https://kerameikos.org/id/red_figure,https://kerameikos.org/id/athens,,https://vocabs.bcdh.uni-bonn.de/hector_heritage_assets/de/page/concept_bf070035,https://vocabs.bcdh.uni-bonn.de/hector_heritage_assets/de/page/concept_69d3cf4c
bapd_171_9,bapd_171_9.jpg,Athena auf antiker Hydria (KERCH),Hydria,http://vocabs.bcdh.uni-bonn.de/hector_heritage_assets/concept_bf070035,-,Attisch Rotfigurig,http://vocabs.bcdh.uni-bonn.de/hector_heritage_assets/concept_69d3cf4c,-,-,Attisch,KERCH by UNKNOWN,ca. 400–300 v. Chr.,Ton,"Munich, Antikensammlungen",6011,BAPD 171,https://kerameikos.org/id/hydria,https://kerameikos.org/id/red_figure,https://kerameikos.org/id/athens,,https://vocabs.bcdh.uni-bonn.de/hector_heritage_assets/de/page/concept_bf070035,https://vocabs.bcdh.uni-bonn.de/hector_heritage_assets/de/page/concept_69d3cf4c
bapd_172_1,bapd_172_1.jpg,Apollon auf antiker Oinochoe (SHUVALOV P),Oinochoe,http://vocabs.bcdh.uni-bonn.de/hector_heritage_assets/concept_fed2da29,-,Attisch Rotfigurig,http://vocabs.bcdh.uni-bonn.de/hector_heritage_assets/concept_69d3cf4c,-,-,Attisch,SHUVALOV P by MARTELLI,ca. 450–400 v. Chr.,Ton,"Agrigento, Museo Archeologico Regionale",T65,BAPD 172,https://kerameikos.org/id/oinochoe,https://kerameikos.org/id/red_figure,https://kerameikos.org/id/athens,,https://vocabs.bcdh.uni-bonn.de/hector_heritage_assets/de/page/concept_fed2da29,https://vocabs.bcdh.uni-bonn.de/hector_heritage_assets/de/page/concept_69d3cf4c
bapd_172_2,bapd_172_2.jpg,Apollon auf antiker Oinochoe (SHUVALOV P),Oinochoe,http://vocabs.bcdh.uni-bonn.de/hector_heritage_assets/concept_fed2da29,-,Attisch Rotfigurig,http://vocabs.bcdh.uni-bonn.de/hector_heritage_assets/concept_69d3cf4c,-,-,Attisch,SHUVALOV P by MARTELLI,ca. 450–400 v. Chr.,Ton,"Agrigento, Museo Archeologico Regionale",T65,BAPD 172,https://kerameikos.org/id/oinochoe,https://kerameikos.org/id/red_figure,https://kerameikos.org/id/athens,,https://vocabs.bcdh.uni-bonn.de/hector_heritage_assets/de/page/concept_fed2da29,https://vocabs.bcdh.uni-bonn.de/hector_heritage_assets/de/page/concept_69d3cf4c
bapd_172_3,bapd_172_3.jpg,Apollon auf antiker Oinochoe (SHUVALOV P),Oinochoe,http://vocabs.bcdh.uni-bonn.de/hector_heritage_assets/concept_fed2da29,-,Attisch Rotfigurig,http://vocabs.bcdh.uni-bonn.de/hector_heritage_assets/concept_69d3cf4c,-,-,Attisch,SHUVALOV P by MARTELLI,ca. 450–400 v. Chr.,Ton,"Agrigento, Museo Archeologico Regionale",T65,BAPD 172,https://kerameikos.org/id/oinochoe,https://kerameikos.org/id/red_figure,https://kerameikos.org/id/athens,,https://vocabs.bcdh.uni-bonn.de/hector_heritage_assets/de/page/concept_fed2da29,https://vocabs.bcdh.uni-bonn.de/hector_heritage_assets/de/page/concept_69d3cf4c
bapd_177_1,bapd_177_1.jpg,Dionysos auf antiker Kylix (Related to C P),Trinkschale,http://vocabs.bcdh.uni-bonn.de/hector_heritage_assets/concept_b1d6ebaf,-,Attisch schwarzfigurig,http://vocabs.bcdh.uni-bonn.de/hector_heritage_assets/concept_fd4cbaed,-,-,Attisch,Related to C P by BEAZLEY,ca. 600–550 v. Chr.,Ton,"Berlin, Antikensammlung",3755,BAPD 177,https://kerameikos.org/id/kylix,https://kerameikos.org/id/black_figure,https://kerameikos.org/id/athens,,https://vocabs.bcdh.uni-bonn.de/hector_heritage_assets/de/page/concept_b1d6ebaf,https://vocabs.bcdh.uni-bonn.de/hector_heritage_assets/de/page/concept_fd4cbaed
bapd_177_2,bapd_177_2.jpg,Dionysos auf antiker Kylix (Related to C P),Trinkschale,http://vocabs.bcdh.uni-bonn.de/hector_heritage_assets/concept_b1d6ebaf,-,Attisch schwarzfigurig,http://vocabs.bcdh.uni-bonn.de/hector_heritage_assets/concept_fd4cbaed,-,-,Attisch,Related to C P by BEAZLEY,ca. 600–550 v. Chr.,Ton,"Berlin, Antikensammlung",3755,BAPD 177,https://kerameikos.org/id/kylix,https://kerameikos.org/id/black_figure,https://kerameikos.org/id/athens,,https://vocabs.bcdh.uni-bonn.de/hector_heritage_assets/de/page/concept_b1d6ebaf,https://vocabs.bcdh.uni-bonn.de/hector_heritage_assets/de/page/concept_fd4cbaed
bapd_177_3,bapd_177_3.jpg,Dionysos auf antiker Kylix (Related to C P),Trinkschale,http://vocabs.bcdh.uni-bonn.de/hector_heritage_assets/concept_b1d6ebaf,-,Attisch schwarzfigurig,http://vocabs.bcdh.uni-bonn.de/hector_heritage_assets/concept_fd4cbaed,-,-,Attisch,Related to C P by BEAZLEY,ca. 600–550 v. Chr.,Ton,"Berlin, Antikensammlung",3755,BAPD 177,https://kerameikos.org/id/kylix,https://kerameikos.org/id/black_figure,https://kerameikos.org/id/athens,,https://vocabs.bcdh.uni-bonn.de/hector_heritage_assets/de/page/concept_b1d6ebaf,https://vocabs.bcdh.uni-bonn.de/hector_heritage_assets/de/page/concept_fd4cbaed
bapd_187_1,bapd_187_1.jpg,Apollon auf antiker Krater (EUPHRONIOS),Krater,http://vocabs.bcdh.uni-bonn.de/hector_heritage_assets/concept_4ec3b0ea,-,Attisch Rotfigurig,http://vocabs.bcdh.uni-bonn.de/hector_heritage_assets/concept_69d3cf4c,-,-,Attisch,EUPHRONIOS by SIGNATURE EUXITHEOS by SIGNATURE,ca. 550–500 v. Chr.,Ton,"Cerveteri, Museo Nazionale Archeologico Cerite",,BAPD 187,https://kerameikos.org/id/krater,https://kerameikos.org/id/red_figure,https://kerameikos.org/id/athens,https://kerameikos.org/id/euphronios,https://vocabs.bcdh.uni-bonn.de/hector_heritage_assets/de/page/concept_4ec3b0ea,https://vocabs.bcdh.uni-bonn.de/hector_heritage_assets/de/page/concept_69d3cf4c
bapd_187_2,bapd_187_2.jpg,Apollon auf antiker Krater (EUPHRONIOS),Krater,http://vocabs.bcdh.uni-bonn.de/hector_heritage_assets/concept_4ec3b0ea,-,Attisch Rotfigurig,http://vocabs.bcdh.uni-bonn.de/hector_heritage_assets/concept_69d3cf4c,-,-,Attisch,EUPHRONIOS by SIGNATURE EUXITHEOS by SIGNATURE,ca. 550–500 v. Chr.,Ton,"Cerveteri, Museo Nazionale Archeologico Cerite",,BAPD 187,https://kerameikos.org/id/krater,https://kerameikos.org/id/red_figure,https://kerameikos.org/id/athens,https://kerameikos.org/id/euphronios,https://vocabs.bcdh.uni-bonn.de/hector_heritage_assets/de/page/concept_4ec3b0ea,https://vocabs.bcdh.uni-bonn.de/hector_heritage_assets/de/page/concept_69d3cf4c
bapd_187_3,bapd_187_3.jpg,Apollon auf antiker Krater (EUPHRONIOS),Krater,http://vocabs.bcdh.uni-bonn.de/hector_heritage_assets/concept_4ec3b0ea,-,Attisch Rotfigurig,http://vocabs.bcdh.uni-bonn.de/hector_heritage_assets/concept_69d3cf4c,-,-,Attisch,EUPHRONIOS by SIGNATURE EUXITHEOS by SIGNATURE,ca. 550–500 v. Chr.,Ton,"Cerveteri, Museo Nazionale Archeologico Cerite",,BAPD 187,https://kerameikos.org/id/krater,https://kerameikos.org/id/red_figure,https://kerameikos.org/id/athens,https://kerameikos.org/id/euphronios,https://vocabs.bcdh.uni-bonn.de/hector_heritage_assets/de/page/concept_4ec3b0ea,https://vocabs.bcdh.uni-bonn.de/hector_heritage_assets/de/page/concept_69d3cf4c
bapd_187_4,bapd_187_4.jpg,Apollon auf antiker Krater (EUPHRONIOS),Krater,http://vocabs.bcdh.uni-bonn.de/hector_heritage_assets/concept_4ec3b0ea,-,Attisch Rotfigurig,http://vocabs.bcdh.uni-bonn.de/hector_heritage_assets/concept_69d3cf4c,-,-,Attisch,EUPHRONIOS by SIGNATURE EUXITHEOS by SIGNATURE,ca. 550–500 v. Chr.,Ton,"Cerveteri, Museo Nazionale Archeologico Cerite",,BAPD 187,https://kerameikos.org/id/krater,https://kerameikos.org/id/red_figure,https://kerameikos.org/id/athens,https://kerameikos.org/id/euphronios,https://vocabs.bcdh.uni-bonn.de/hector_heritage_assets/de/page/concept_4ec3b0ea,https://vocabs.bcdh.uni-bonn.de/hector_heritage_assets/de/page/concept_69d3cf4c
bapd_187_5,bapd_187_5.jpg,Apollon auf antiker Krater (EUPHRONIOS),Krater,http://vocabs.bcdh.uni-bonn.de/hector_heritage_assets/concept_4ec3b0ea,-,Attisch Rotfigurig,http://vocabs.bcdh.uni-bonn.de/hector_heritage_assets/concept_69d3cf4c,-,-,Attisch,EUPHRONIOS by SIGNATURE EUXITHEOS by SIGNATURE,ca. 550–500 v. Chr.,Ton,"Cerveteri, Museo Nazionale Archeologico Cerite",,BAPD 187,https://kerameikos.org/id/krater,https://kerameikos.org/id/red_figure,https://kerameikos.org/id/athens,https://kerameikos.org/id/euphronios,https://vocabs.bcdh.uni-bonn.de/hector_heritage_assets/de/page/concept_4ec3b0ea,https://vocabs.bcdh.uni-bonn.de/hector_heritage_assets/de/page/concept_69d3cf4c
bapd_187_6,bapd_187_6.jpg,Apollon auf antiker Krater (EUPHRONIOS),Krater,http://vocabs.bcdh.uni-bonn.de/hector_heritage_assets/concept_4ec3b0ea,-,Attisch Rotfigurig,http://vocabs.bcdh.uni-bonn.de/hector_heritage_assets/concept_69d3cf4c,-,-,Attisch,EUPHRONIOS by SIGNATURE EUXITHEOS by SIGNATURE,ca. 550–500 v. Chr.,Ton,"Cerveteri, Museo Nazionale Archeologico Cerite",,BAPD 187,https://kerameikos.org/id/krater,https://kerameikos.org/id/red_figure,https://kerameikos.org/id/athens,https://kerameikos.org/id/euphronios,https://vocabs.bcdh.uni-bonn.de/hector_heritage_assets/de/page/concept_4ec3b0ea,https://vocabs.bcdh.uni-bonn.de/hector_heritage_assets/de/page/concept_69d3cf4c
bapd_187_7,bapd_187_7.jpg,Apollon auf antiker Krater (EUPHRONIOS),Krater,http://vocabs.bcdh.uni-bonn.de/hector_heritage_assets/concept_4ec3b0ea,-,Attisch Rotfigurig,http://vocabs.bcdh.uni-bonn.de/hector_heritage_assets/concept_69d3cf4c,-,-,Attisch,EUPHRONIOS by SIGNATURE EUXITHEOS by SIGNATURE,ca. 550–500 v. Chr.,Ton,"Cerveteri, Museo Nazionale Archeologico Cerite",,BAPD 187,https://kerameikos.org/id/krater,https://kerameikos.org/id/red_figure,https://kerameikos.org/id/athens,https://kerameikos.org/id/euphronios,https://vocabs.bcdh.uni-bonn.de/hector_heritage_assets/de/page/concept_4ec3b0ea,https://vocabs.bcdh.uni-bonn.de/hector_heritage_assets/de/page/concept_69d3cf4c
bapd_187_8,bapd_187_8.jpg,Apollon auf antiker Krater (EUPHRONIOS),Krater,http://vocabs.bcdh.uni-bonn.de/hector_heritage_assets/concept_4ec3b0ea,-,Attisch Rotfigurig,http://vocabs.bcdh.uni-bonn.de/hector_heritage_assets/concept_69d3cf4c,-,-,Attisch,EUPHRONIOS by SIGNATURE EUXITHEOS by SIGNATURE,ca. 550–500 v. Chr.,Ton,"Cerveteri, Museo Nazionale Archeologico Cerite",,BAPD 187,https://kerameikos.org/id/krater,https://kerameikos.org/id/red_figure,https://kerameikos.org/id/athens,https://kerameikos.org/id/euphronios,https://vocabs.bcdh.uni-bonn.de/hector_heritage_assets/de/page/concept_4ec3b0ea,https://vocabs.bcdh.uni-bonn.de/hector_heritage_assets/de/page/concept_69d3cf4c
bapd_194_1,bapd_194_1.jpg,Athena auf antiker Bauchamphora (PRIAM P),Transportamphora,http://vocabs.bcdh.uni-bonn.de/hector_heritage_assets/concept_65909227,-,Attisch schwarzfigurig,http://vocabs.bcdh.uni-bonn.de/hector_heritage_assets/concept_fd4cbaed,-,-,Attisch,PRIAM P by BOTHMER,ca. 550–500 v. Chr.,Ton,"Frankfurt, Museum für Vor- und Frühgeschichte",PERMANENT LOAN,BAPD 194,https://kerameikos.org/id/amphora,https://kerameikos.org/id/black_figure,https://kerameikos.org/id/athens,,https://vocabs.bcdh.uni-bonn.de/hector_heritage_assets/de/page/concept_65909227,https://vocabs.bcdh.uni-bonn.de/hector_heritage_assets/de/page/concept_fd4cbaed
bapd_194_2,bapd_194_2.jpg,Athena auf antiker Bauchamphora (PRIAM P),Transportamphora,http://vocabs.bcdh.uni-bonn.de/hector_heritage_assets/concept_65909227,-,Attisch schwarzfigurig,http://vocabs.bcdh.uni-bonn.de/hector_heritage_assets/concept_fd4cbaed,-,-,Attisch,PRIAM P by BOTHMER,ca. 550–500 v. Chr.,Ton,"Frankfurt, Museum für Vor- und Frühgeschichte",PERMANENT LOAN,BAPD 194,https://kerameikos.org/id/amphora,https://kerameikos.org/id/black_figure,https://kerameikos.org/id/athens,,https://vocabs.bcdh.uni-bonn.de/hector_heritage_assets/de/page/concept_65909227,https://vocabs.bcdh.uni-bonn.de/hector_heritage_assets/de/page/concept_fd4cbaed
bapd_194_3,bapd_194_3.jpg,Athena auf antiker Bauchamphora (PRIAM P),Transportamphora,http://vocabs.bcdh.uni-bonn.de/hector_heritage_assets/concept_65909227,-,Attisch schwarzfigurig,http://vocabs.bcdh.uni-bonn.de/hector_heritage_assets/concept_fd4cbaed,-,-,Attisch,PRIAM P by BOTHMER,ca. 550–500 v. Chr.,Ton,"Frankfurt, Museum für Vor- und Frühgeschichte",PERMANENT LOAN,BAPD 194,https://kerameikos.org/id/amphora,https://kerameikos.org/id/black_figure,https://kerameikos.org/id/athens,,https://vocabs.bcdh.uni-bonn.de/hector_heritage_assets/de/page/concept_65909227,https://vocabs.bcdh.uni-bonn.de/hector_heritage_assets/de/page/concept_fd4cbaed
bapd_194_4,bapd_194_4.jpg,Athena auf antiker Bauchamphora (PRIAM P),Transportamphora,http://vocabs.bcdh.uni-bonn.de/hector_heritage_assets/concept_65909227,-,Attisch schwarzfigurig,http://vocabs.bcdh.uni-bonn.de/hector_heritage_assets/concept_fd4cbaed,-,-,Attisch,PRIAM P by BOTHMER,ca. 550–500 v. Chr.,Ton,"Frankfurt, Museum für Vor- und Frühgeschichte",PERMANENT LOAN,BAPD 194,https://kerameikos.org/id/amphora,https://kerameikos.org/id/black_figure,https://kerameikos.org/id/athens,,https://vocabs.bcdh.uni-bonn.de/hector_heritage_assets/de/page/concept_65909227,https://vocabs.bcdh.uni-bonn.de/hector_heritage_assets/de/page/concept_fd4cbaed
bapd_194_5,bapd_194_5.jpg,Athena auf antiker Bauchamphora (PRIAM P),Transportamphora,http://vocabs.bcdh.uni-bonn.de/hector_heritage_assets/concept_65909227,-,Attisch schwarzfigurig,http://vocabs.bcdh.uni-bonn.de/hector_heritage_assets/concept_fd4cbaed,-,-,Attisch,PRIAM P by BOTHMER,ca. 550–500 v. Chr.,Ton,"Frankfurt, Museum für Vor- und Frühgeschichte",PERMANENT LOAN,BAPD 194,https://kerameikos.org/id/amphora,https://kerameikos.org/id/black_figure,https://kerameikos.org/id/athens,,https://vocabs.bcdh.uni-bonn.de/hector_heritage_assets/de/page/concept_65909227,https://vocabs.bcdh.uni-bonn.de/hector_heritage_assets/de/page/concept_fd4cbaed
bapd_209_1,bapd_209_1.jpg,Dionysos auf antiker Krater (POTHOS P),Krater,http://vocabs.bcdh.uni-bonn.de/hector_heritage_assets/concept_4ec3b0ea,-,Attisch Rotfigurig,http://vocabs.bcdh.uni-bonn.de/hector_heritage_assets/concept_69d3cf4c,-,-,Attisch,POTHOS P by UNKNOWN,ca. 400–300 v. Chr.,Ton,"London, market, Sotheby's",,BAPD 209,https://kerameikos.org/id/krater,https://kerameikos.org/id/red_figure,https://kerameikos.org/id/athens,,https://vocabs.bcdh.uni-bonn.de/hector_heritage_assets/de/page/concept_4ec3b0ea,https://vocabs.bcdh.uni-bonn.de/hector_heritage_assets/de/page/concept_69d3cf4c
bapd_209_2,bapd_209_2.jpg,Dionysos auf antiker Krater (POTHOS P),Krater,http://vocabs.bcdh.uni-bonn.de/hector_heritage_assets/concept_4ec3b0ea,-,Attisch Rotfigurig,http://vocabs.bcdh.uni-bonn.de/hector_heritage_assets/concept_69d3cf4c,-,-,Attisch,POTHOS P by UNKNOWN,ca. 400–300 v. Chr.,Ton,"London, market, Sotheby's",,BAPD 209,https://kerameikos.org/id/krater,https://kerameikos.org/id/red_figure,https://kerameikos.org/id/athens,,https://vocabs.bcdh.uni-bonn.de/hector_heritage_assets/de/page/concept_4ec3b0ea,https://vocabs.bcdh.uni-bonn.de/hector_heritage_assets/de/page/concept_69d3cf4c
bapd_209_3,bapd_209_3.jpg,Dionysos auf antiker Krater (POTHOS P),Krater,http://vocabs.bcdh.uni-bonn.de/hector_heritage_assets/concept_4ec3b0ea,-,Attisch Rotfigurig,http://vocabs.bcdh.uni-bonn.de/hector_heritage_assets/concept_69d3cf4c,-,-,Attisch,POTHOS P by UNKNOWN,ca. 400–300 v. Chr.,Ton,"London, market, Sotheby's",,BAPD 209,https://kerameikos.org/id/krater,https://kerameikos.org/id/red_figure,https://kerameikos.org/id/athens,,https://vocabs.bcdh.uni-bonn.de/hector_heritage_assets/de/page/concept_4ec3b0ea,https://vocabs.bcdh.uni-bonn.de/hector_heritage_assets/de/page/concept_69d3cf4c
bapd_209_4,bapd_209_4.jpg,Dionysos auf antiker Krater (POTHOS P),Krater,http://vocabs.bcdh.uni-bonn.de/hector_heritage_assets/concept_4ec3b0ea,-,Attisch Rotfigurig,http://vocabs.bcdh.uni-bonn.de/hector_heritage_assets/concept_69d3cf4c,-,-,Attisch,POTHOS P by UNKNOWN,ca. 400–300 v. Chr.,Ton,"London, market, Sotheby's",,BAPD 209,https://kerameikos.org/id/krater,https://kerameikos.org/id/red_figure,https://kerameikos.org/id/athens,,https://vocabs.bcdh.uni-bonn.de/hector_heritage_assets/de/page/concept_4ec3b0ea,https://vocabs.bcdh.uni-bonn.de/hector_heritage_assets/de/page/concept_69d3cf4c
bapd_213_1,bapd_213_1.jpg,Herakles auf antiker Bauchamphora (GROUP E),Transportamphora,http://vocabs.bcdh.uni-bonn.de/hector_heritage_assets/concept_65909227,-,Attisch schwarzfigurig,http://vocabs.bcdh.uni-bonn.de/hector_heritage_assets/concept_fd4cbaed,-,-,Attisch,GROUP E by UNKNOWN PHRYNOS P by MOMMSEN,ca. 575–525 v. Chr.,Ton,"Basel, Antikenmuseum und Sammlung Ludwig",BS496,BAPD 213,https://kerameikos.org/id/amphora,https://kerameikos.org/id/black_figure,https://kerameikos.org/id/athens,https://kerameikos.org/id/phrynos_painter,https://vocabs.bcdh.uni-bonn.de/hector_heritage_assets/de/page/concept_65909227,https://vocabs.bcdh.uni-bonn.de/hector_heritage_assets/de/page/concept_fd4cbaed
bapd_213_10,bapd_213_10.jpg,Herakles auf antiker Bauchamphora (GROUP E),Transportamphora,http://vocabs.bcdh.uni-bonn.de/hector_heritage_assets/concept_65909227,-,Attisch schwarzfigurig,http://vocabs.bcdh.uni-bonn.de/hector_heritage_assets/concept_fd4cbaed,-,-,Attisch,GROUP E by UNKNOWN PHRYNOS P by MOMMSEN,ca. 575–525 v. Chr.,Ton,"Basel, Antikenmuseum und Sammlung Ludwig",BS496,BAPD 213,https://kerameikos.org/id/amphora,https://kerameikos.org/id/black_figure,https://kerameikos.org/id/athens,https://kerameikos.org/id/phrynos_painter,https://vocabs.bcdh.uni-bonn.de/hector_heritage_assets/de/page/concept_65909227,https://vocabs.bcdh.uni-bonn.de/hector_heritage_assets/de/page/concept_fd4cbaed
bapd_213_2,bapd_213_2.jpg,Herakles auf antiker Bauchamphora (GROUP E),Transportamphora,http://vocabs.bcdh.uni-bonn.de/hector_heritage_assets/concept_65909227,-,Attisch schwarzfigurig,http://vocabs.bcdh.uni-bonn.de/hector_heritage_assets/concept_fd4cbaed,-,-,Attisch,GROUP E by UNKNOWN PHRYNOS P by MOMMSEN,ca. 575–525 v. Chr.,Ton,"Basel, Antikenmuseum und Sammlung Ludwig",BS496,BAPD 213,https://kerameikos.org/id/amphora,https://kerameikos.org/id/black_figure,https://kerameikos.org/id/athens,https://kerameikos.org/id/phrynos_painter,https://vocabs.bcdh.uni-bonn.de/hector_heritage_assets/de/page/concept_65909227,https://vocabs.bcdh.uni-bonn.de/hector_heritage_assets/de/page/concept_fd4cbaed
bapd_213_3,bapd_213_3.jpg,Herakles auf antiker Bauchamphora (GROUP E),Transportamphora,http://vocabs.bcdh.uni-bonn.de/hector_heritage_assets/concept_65909227,-,Attisch schwarzfigurig,http://vocabs.bcdh.uni-bonn.de/hector_heritage_assets/concept_fd4cbaed,-,-,Attisch,GROUP E by UNKNOWN PHRYNOS P by MOMMSEN,ca. 575–525 v. Chr.,Ton,"Basel, Antikenmuseum und Sammlung Ludwig",BS496,BAPD 213,https://kerameikos.org/id/amphora,https://kerameikos.org/id/black_figure,https://kerameikos.org/id/athens,https://kerameikos.org/id/phrynos_painter,https://vocabs.bcdh.uni-bonn.de/hector_heritage_assets/de/page/concept_65909227,https://vocabs.bcdh.uni-bonn.de/hector_heritage_assets/de/page/concept_fd4cbaed
bapd_213_4,bapd_213_4.jpg,Herakles auf antiker Bauchamphora (GROUP E),Transportamphora,http://vocabs.bcdh.uni-bonn.de/hector_heritage_assets/concept_65909227,-,Attisch schwarzfigurig,http://vocabs.bcdh.uni-bonn.de/hector_heritage_assets/concept_fd4cbaed,-,-,Attisch,GROUP E by UNKNOWN PHRYNOS P by MOMMSEN,ca. 575–525 v. Chr.,Ton,"Basel, Antikenmuseum und Sammlung Ludwig",BS496,BAPD 213,https://kerameikos.org/id/amphora,https://kerameikos.org/id/black_figure,https://kerameikos.org/id/athens,https://kerameikos.org/id/phrynos_painter,https://vocabs.bcdh.uni-bonn.de/hector_heritage_assets/de/page/concept_65909227,https://vocabs.bcdh.uni-bonn.de/hector_heritage_assets/de/page/concept_fd4cbaed
bapd_213_5,bapd_213_5.jpg,Herakles auf antiker Bauchamphora (GROUP E),Transportamphora,http://vocabs.bcdh.uni-bonn.de/hector_heritage_assets/concept_65909227,-,Attisch schwarzfigurig,http://vocabs.bcdh.uni-bonn.de/hector_heritage_assets/concept_fd4cbaed,-,-,Attisch,GROUP E by UNKNOWN PHRYNOS P by MOMMSEN,ca. 575–525 v. Chr.,Ton,"Basel, Antikenmuseum und Sammlung Ludwig",BS496,BAPD 213,https://kerameikos.org/id/amphora,https://kerameikos.org/id/black_figure,https://kerameikos.org/id/athens,https://kerameikos.org/id/phrynos_painter,https://vocabs.bcdh.uni-bonn.de/hector_heritage_assets/de/page/concept_65909227,https://vocabs.bcdh.uni-bonn.de/hector_heritage_assets/de/page/concept_fd4cbaed
bapd_213_6,bapd_213_6.jpg,Herakles auf antiker Bauchamphora (GROUP E),Transportamphora,http://vocabs.bcdh.uni-bonn.de/hector_heritage_assets/concept_65909227,-,Attisch schwarzfigurig,http://vocabs.bcdh.uni-bonn.de/hector_heritage_assets/concept_fd4cbaed,-,-,Attisch,GROUP E by UNKNOWN PHRYNOS P by MOMMSEN,ca. 575–525 v. Chr.,Ton,"Basel, Antikenmuseum und Sammlung Ludwig",BS496,BAPD 213,https://kerameikos.org/id/amphora,https://kerameikos.org/id/black_figure,https://kerameikos.org/id/athens,https://kerameikos.org/id/phrynos_painter,https://vocabs.bcdh.uni-bonn.de/hector_heritage_assets/de/page/concept_65909227,https://vocabs.bcdh.uni-bonn.de/hector_heritage_assets/de/page/concept_fd4cbaed
bapd_213_7,bapd_213_7.jpg,Herakles auf antiker Bauchamphora (GROUP E),Transportamphora,http://vocabs.bcdh.uni-bonn.de/hector_heritage_assets/concept_65909227,-,Attisch schwarzfigurig,http://vocabs.bcdh.uni-bonn.de/hector_heritage_assets/concept_fd4cbaed,-,-,Attisch,GROUP E by UNKNOWN PHRYNOS P by MOMMSEN,ca. 575–525 v. Chr.,Ton,"Basel, Antikenmuseum und Sammlung Ludwig",BS496,BAPD 213,https://kerameikos.org/id/amphora,https://kerameikos.org/id/black_figure,https://kerameikos.org/id/athens,https://kerameikos.org/id/phrynos_painter,https://vocabs.bcdh.uni-bonn.de/hector_heritage_assets/de/page/concept_65909227,https://vocabs.bcdh.uni-bonn.de/hector_heritage_assets/de/page/concept_fd4cbaed
bapd_213_8,bapd_213_8.jpg,Herakles auf antiker Bauchamphora (GROUP E),Transportamphora,http://vocabs.bcdh.uni-bonn.de/hector_heritage_assets/concept_65909227,-,Attisch schwarzfigurig,http://vocabs.bcdh.uni-bonn.de/hector_heritage_assets/concept_fd4cbaed,-,-,Attisch,GROUP E by UNKNOWN PHRYNOS P by MOMMSEN,ca. 575–525 v. Chr.,Ton,"Basel, Antikenmuseum und Sammlung Ludwig",BS496,BAPD 213,https://kerameikos.org/id/amphora,https://kerameikos.org/id/black_figure,https://kerameikos.org/id/athens,https://kerameikos.org/id/phrynos_painter,https://vocabs.bcdh.uni-bonn.de/hector_heritage_assets/de/page/concept_65909227,https://vocabs.bcdh.uni-bonn.de/hector_heritage_assets/de/page/concept_fd4cbaed
bapd_213_9,bapd_213_9.jpg,Herakles auf antiker Bauchamphora (GROUP E),Transportamphora,http://vocabs.bcdh.uni-bonn.de/hector_heritage_assets/concept_65909227,-,Attisch schwarzfigurig,http://vocabs.bcdh.uni-bonn.de/hector_heritage_assets/concept_fd4cbaed,-,-,Attisch,GROUP E by UNKNOWN PHRYNOS P by MOMMSEN,ca. 575–525 v. Chr.,Ton,"Basel, Antikenmuseum und Sammlung Ludwig",BS496,BAPD 213,https://kerameikos.org/id/amphora,https://kerameikos.org/id/black_figure,https://kerameikos.org/id/athens,https://kerameikos.org/id/phrynos_painter,https://vocabs.bcdh.uni-bonn.de/hector_heritage_assets/de/page/concept_65909227,https://vocabs.bcdh.uni-bonn.de/hector_heritage_assets/de/page/concept_fd4cbaed
bapd_219_1,bapd_219_1.jpg,Herakles auf antiker Kylix (LYDOS),Trinkschale,http://vocabs.bcdh.uni-bonn.de/hector_heritage_assets/concept_b1d6ebaf,-,Attisch schwarzfigurig,http://vocabs.bcdh.uni-bonn.de/hector_heritage_assets/concept_fd4cbaed,-,-,Attisch,LYDOS by DRAGO,ca. 575–525 v. Chr.,Ton,"Taranto, Museo Archeologico Nazionale",52155,BAPD 219,https://kerameikos.org/id/kylix,https://kerameikos.org/id/black_figure,https://kerameikos.org/id/athens,https://kerameikos.org/id/lydos,https://vocabs.bcdh.uni-bonn.de/hector_heritage_assets/de/page/concept_b1d6ebaf,https://vocabs.bcdh.uni-bonn.de/hector_heritage_assets/de/page/concept_fd4cbaed
bapd_219_2,bapd_219_2.jpg,Herakles auf antiker Kylix (LYDOS),Trinkschale,http://vocabs.bcdh.uni-bonn.de/hector_heritage_assets/concept_b1d6ebaf,-,Attisch schwarzfigurig,http://vocabs.bcdh.uni-bonn.de/hector_heritage_assets/concept_fd4cbaed,-,-,Attisch,LYDOS by DRAGO,ca. 575–525 v. Chr.,Ton,"Taranto, Museo Archeologico Nazionale",52155,BAPD 219,https://kerameikos.org/id/kylix,https://kerameikos.org/id/black_figure,https://kerameikos.org/id/athens,https://kerameikos.org/id/lydos,https://vocabs.bcdh.uni-bonn.de/hector_heritage_assets/de/page/concept_b1d6ebaf,https://vocabs.bcdh.uni-bonn.de/hector_heritage_assets/de/page/concept_fd4cbaed
bapd_219_3,bapd_219_3.jpg,Herakles auf antiker Kylix (LYDOS),Trinkschale,http://vocabs.bcdh.uni-bonn.de/hector_heritage_assets/concept_b1d6ebaf,-,Attisch schwarzfigurig,http://vocabs.bcdh.uni-bonn.de/hector_heritage_assets/concept_fd4cbaed,-,-,Attisch,LYDOS by DRAGO,ca. 575–525 v. Chr.,Ton,"Taranto, Museo Archeologico Nazionale",52155,BAPD 219,https://kerameikos.org/id/kylix,https://kerameikos.org/id/black_figure,https://kerameikos.org/id/athens,https://kerameikos.org/id/lydos,https://vocabs.bcdh.uni-bonn.de/hector_heritage_assets/de/page/concept_b1d6ebaf,https://vocabs.bcdh.uni-bonn.de/hector_heritage_assets/de/page/concept_fd4cbaed
bapd_219_4,bapd_219_4.jpg,Herakles auf antiker Kylix (LYDOS),Trinkschale,http://vocabs.bcdh.uni-bonn.de/hector_heritage_assets/concept_b1d6ebaf,-,Attisch schwarzfigurig,http://vocabs.bcdh.uni-bonn.de/hector_heritage_assets/concept_fd4cbaed,-,-,Attisch,LYDOS by DRAGO,ca. 575–525 v. Chr.,Ton,"Taranto, Museo Archeologico Nazionale",52155,BAPD 219,https://kerameikos.org/id/kylix,https://kerameikos.org/id/black_figure,https://kerameikos.org/id/athens,https://kerameikos.org/id/lydos,https://vocabs.bcdh.uni-bonn.de/hector_heritage_assets/de/page/concept_b1d6ebaf,https://vocabs.bcdh.uni-bonn.de/hector_heritage_assets/de/page/concept_fd4cbaed
bapd_219_5,bapd_219_5.jpg,Herakles auf antiker Kylix (LYDOS),Trinkschale,http://vocabs.bcdh.uni-bonn.de/hector_heritage_assets/concept_b1d6ebaf,-,Attisch schwarzfigurig,http://vocabs.bcdh.uni-bonn.de/hector_heritage_assets/concept_fd4cbaed,-,-,Attisch,LYDOS by DRAGO,ca. 575–525 v. Chr.,Ton,"Taranto, Museo Archeologico Nazionale",52155,BAPD 219,https://kerameikos.org/id/kylix,https://kerameikos.org/id/black_figure,https://kerameikos.org/id/athens,https://kerameikos.org/id/lydos,https://vocabs.bcdh.uni-bonn.de/hector_heritage_assets/de/page/concept_b1d6ebaf,https://vocabs.bcdh.uni-bonn.de/hector_heritage_assets/de/page/concept_fd4cbaed
bapd_219_6,bapd_219_6.jpg,Herakles auf antiker Kylix (LYDOS),Trinkschale,http://vocabs.bcdh.uni-bonn.de/hector_heritage_assets/concept_b1d6ebaf,-,Attisch schwarzfigurig,http://vocabs.bcdh.uni-bonn.de/hector_heritage_assets/concept_fd4cbaed,-,-,Attisch,LYDOS by DRAGO,ca. 575–525 v. Chr.,Ton,"Taranto, Museo Archeologico Nazionale",52155,BAPD 219,https://kerameikos.org/id/kylix,https://kerameikos.org/id/black_figure,https://kerameikos.org/id/athens,https://kerameikos.org/id/lydos,https://vocabs.bcdh.uni-bonn.de/hector_heritage_assets/de/page/concept_b1d6ebaf,https://vocabs.bcdh.uni-bonn.de/hector_heritage_assets/de/page/concept_fd4cbaed
bapd_219_7,bapd_219_7.jpg,Herakles auf antiker Kylix (LYDOS),Trinkschale,http://vocabs.bcdh.uni-bonn.de/hector_heritage_assets/concept_b1d6ebaf,-,Attisch schwarzfigurig,http://vocabs.bcdh.uni-bonn.de/hector_heritage_assets/concept_fd4cbaed,-,-,Attisch,LYDOS by DRAGO,ca. 575–525 v. Chr.,Ton,"Taranto, Museo Archeologico Nazionale",52155,BAPD 219,https://kerameikos.org/id/kylix,https://kerameikos.org/id/black_figure,https://kerameikos.org/id/athens,https://kerameikos.org/id/lydos,https://vocabs.bcdh.uni-bonn.de/hector_heritage_assets/de/page/concept_b1d6ebaf,https://vocabs.bcdh.uni-bonn.de/hector_heritage_assets/de/page/concept_fd4cbaed
bapd_233_1,bapd_233_1.jpg,Dionysos auf antiker Krater,Krater,http://vocabs.bcdh.uni-bonn.de/hector_heritage_assets/concept_4ec3b0ea,-,Attisch Rotfigurig,http://vocabs.bcdh.uni-bonn.de/hector_heritage_assets/concept_69d3cf4c,-,-,Attisch,,ca. 450–400 v. Chr.,Ton,"Naples, Museo Archeologico Nazionale",STG688,BAPD 233,https://kerameikos.org/id/krater,https://kerameikos.org/id/red_figure,https://kerameikos.org/id/athens,,https://vocabs.bcdh.uni-bonn.de/hector_heritage_assets/de/page/concept_4ec3b0ea,https://vocabs.bcdh.uni-bonn.de/hector_heritage_assets/de/page/concept_69d3cf4c
bapd_233_2,bapd_233_2.jpg,Dionysos auf antiker Krater,Krater,http://vocabs.bcdh.uni-bonn.de/hector_heritage_assets/concept_4ec3b0ea,-,Attisch Rotfigurig,http://vocabs.bcdh.uni-bonn.de/hector_heritage_assets/concept_69d3cf4c,-,-,Attisch,,ca. 450–400 v. Chr.,Ton,"Naples, Museo Archeologico Nazionale",STG688,BAPD 233,https://kerameikos.org/id/krater,https://kerameikos.org/id/red_figure,https://kerameikos.org/id/athens,,https://vocabs.bcdh.uni-bonn.de/hector_heritage_assets/de/page/concept_4ec3b0ea,https://vocabs.bcdh.uni-bonn.de/hector_heritage_assets/de/page/concept_69d3cf4c
bapd_233_3,bapd_233_3.jpg,Dionysos auf antiker Krater,Krater,http://vocabs.bcdh.uni-bonn.de/hector_heritage_assets/concept_4ec3b0ea,-,Attisch Rotfigurig,http://vocabs.bcdh.uni-bonn.de/hector_heritage_assets/concept_69d3cf4c,-,-,Attisch,,ca. 450–400 v. Chr.,Ton,"Naples, Museo Archeologico Nazionale",STG688,BAPD 233,https://kerameikos.org/id/krater,https://kerameikos.org/id/red_figure,https://kerameikos.org/id/athens,,https://vocabs.bcdh.uni-bonn.de/hector_heritage_assets/de/page/concept_4ec3b0ea,https://vocabs.bcdh.uni-bonn.de/hector_heritage_assets/de/page/concept_69d3cf4c
bapd_233_4,bapd_233_4.jpg,Dionysos auf antiker Krater,Krater,http://vocabs.bcdh.uni-bonn.de/hector_heritage_assets/concept_4ec3b0ea,-,Attisch Rotfigurig,http://vocabs.bcdh.uni-bonn.de/hector_heritage_assets/concept_69d3cf4c,-,-,Attisch,,ca. 450–400 v. Chr.,Ton,"Naples, Museo Archeologico Nazionale",STG688,BAPD 233,https://kerameikos.org/id/krater,https://kerameikos.org/id/red_figure,https://kerameikos.org/id/athens,,https://vocabs.bcdh.uni-bonn.de/hector_heritage_assets/de/page/concept_4ec3b0ea,https://vocabs.bcdh.uni-bonn.de/hector_heritage_assets/de/page/concept_69d3cf4c
bapd_237_1,bapd_237_1.jpg,Apollon auf antiker Krater (RYCROFT P),Krater,http://vocabs.bcdh.uni-bonn.de/hector_heritage_assets/concept_4ec3b0ea,-,Attisch schwarzfigurig,http://vocabs.bcdh.uni-bonn.de/hector_heritage_assets/concept_fd4cbaed,-,-,Attisch,RYCROFT P by UNKNOWN,ca. 550–500 v. Chr.,Ton,"London, market, Christie's",,BAPD 237,https://kerameikos.org/id/krater,https://kerameikos.org/id/black_figure,https://kerameikos.org/id/athens,,https://vocabs.bcdh.uni-bonn.de/hector_heritage_assets/de/page/concept_4ec3b0ea,https://vocabs.bcdh.uni-bonn.de/hector_heritage_assets/de/page/concept_fd4cbaed
bapd_237_2,bapd_237_2.jpg,Apollon auf antiker Krater (RYCROFT P),Krater,http://vocabs.bcdh.uni-bonn.de/hector_heritage_assets/concept_4ec3b0ea,-,Attisch schwarzfigurig,http://vocabs.bcdh.uni-bonn.de/hector_heritage_assets/concept_fd4cbaed,-,-,Attisch,RYCROFT P by UNKNOWN,ca. 550–500 v. Chr.,Ton,"London, market, Christie's",,BAPD 237,https://kerameikos.org/id/krater,https://kerameikos.org/id/black_figure,https://kerameikos.org/id/athens,,https://vocabs.bcdh.uni-bonn.de/hector_heritage_assets/de/page/concept_4ec3b0ea,https://vocabs.bcdh.uni-bonn.de/hector_heritage_assets/de/page/concept_fd4cbaed
bapd_237_3,bapd_237_3.jpg,Apollon auf antiker Krater (RYCROFT P),Krater,http://vocabs.bcdh.uni-bonn.de/hector_heritage_assets/concept_4ec3b0ea,-,Attisch schwarzfigurig,http://vocabs.bcdh.uni-bonn.de/hector_heritage_assets/concept_fd4cbaed,-,-,Attisch,RYCROFT P by UNKNOWN,ca. 550–500 v. Chr.,Ton,"London, market, Christie's",,BAPD 237,https://kerameikos.org/id/krater,https://kerameikos.org/id/black_figure,https://kerameikos.org/id/athens,,https://vocabs.bcdh.uni-bonn.de/hector_heritage_assets/de/page/concept_4ec3b0ea,https://vocabs.bcdh.uni-bonn.de/hector_heritage_assets/de/page/concept_fd4cbaed
bapd_237_4,bapd_237_4.jpg,Apollon auf antiker Krater (RYCROFT P),Krater,http://vocabs.bcdh.uni-bonn.de/hector_heritage_assets/concept_4ec3b0ea,-,Attisch schwarzfigurig,http://vocabs.bcdh.uni-bonn.de/hector_heritage_assets/concept_fd4cbaed,-,-,Attisch,RYCROFT P by UNKNOWN,ca. 550–500 v. Chr.,Ton,"London, market, Christie's",,BAPD 237,https://kerameikos.org/id/krater,https://kerameikos.org/id/black_figure,https://kerameikos.org/id/athens,,https://vocabs.bcdh.uni-bonn.de/hector_heritage_assets/de/page/concept_4ec3b0ea,https://vocabs.bcdh.uni-bonn.de/hector_heritage_assets/de/page/concept_fd4cbaed
bapd_238_1,bapd_238_1.jpg,Herakles auf antiker Halsamphora,Transportamphora,http://vocabs.bcdh.uni-bonn.de/hector_heritage_assets/concept_65909227,-,Attisch schwarzfigurig,http://vocabs.bcdh.uni-bonn.de/hector_heritage_assets/concept_fd4cbaed,-,-,Attisch,,ca. 575–525 v. Chr.,Ton,"London, market, Sotheby's",,BAPD 238,https://kerameikos.org/id/amphora,https://kerameikos.org/id/black_figure,https://kerameikos.org/id/athens,,https://vocabs.bcdh.uni-bonn.de/hector_heritage_assets/de/page/concept_65909227,https://vocabs.bcdh.uni-bonn.de/hector_heritage_assets/de/page/concept_fd4cbaed
bapd_238_2,bapd_238_2.jpg,Herakles auf antiker Halsamphora,Transportamphora,http://vocabs.bcdh.uni-bonn.de/hector_heritage_assets/concept_65909227,-,Attisch schwarzfigurig,http://vocabs.bcdh.uni-bonn.de/hector_heritage_assets/concept_fd4cbaed,-,-,Attisch,,ca. 575–525 v. Chr.,Ton,"London, market, Sotheby's",,BAPD 238,https://kerameikos.org/id/amphora,https://kerameikos.org/id/black_figure,https://kerameikos.org/id/athens,,https://vocabs.bcdh.uni-bonn.de/hector_heritage_assets/de/page/concept_65909227,https://vocabs.bcdh.uni-bonn.de/hector_heritage_assets/de/page/concept_fd4cbaed
bapd_238_3,bapd_238_3.jpg,Herakles auf antiker Halsamphora,Transportamphora,http://vocabs.bcdh.uni-bonn.de/hector_heritage_assets/concept_65909227,-,Attisch schwarzfigurig,http://vocabs.bcdh.uni-bonn.de/hector_heritage_assets/concept_fd4cbaed,-,-,Attisch,,ca. 575–525 v. Chr.,Ton,"London, market, Sotheby's",,BAPD 238,https://kerameikos.org/id/amphora,https://kerameikos.org/id/black_figure,https://kerameikos.org/id/athens,,https://vocabs.bcdh.uni-bonn.de/hector_heritage_assets/de/page/concept_65909227,https://vocabs.bcdh.uni-bonn.de/hector_heritage_assets/de/page/concept_fd4cbaed
bapd_238_4,bapd_238_4.jpg,Herakles auf antiker Halsamphora,Transportamphora,http://vocabs.bcdh.uni-bonn.de/hector_heritage_assets/concept_65909227,-,Attisch schwarzfigurig,http://vocabs.bcdh.uni-bonn.de/hector_heritage_assets/concept_fd4cbaed,-,-,Attisch,,ca. 575–525 v. Chr.,Ton,"London, market, Sotheby's",,BAPD 238,https://kerameikos.org/id/amphora,https://kerameikos.org/id/black_figure,https://kerameikos.org/id/athens,,https://vocabs.bcdh.uni-bonn.de/hector_heritage_assets/de/page/concept_65909227,https://vocabs.bcdh.uni-bonn.de/hector_heritage_assets/de/page/concept_fd4cbaed
bapd_252_1,bapd_252_1.jpg,Dionysos auf antiker Bauchamphora (Near LYDOS),Transportamphora,http://vocabs.bcdh.uni-bonn.de/hector_heritage_assets/concept_65909227,-,Attisch schwarzfigurig,http://vocabs.bcdh.uni-bonn.de/hector_heritage_assets/concept_fd4cbaed,-,-,Attisch,Near LYDOS by UNKNOWN LYDOS by UNKNOWN,ca. 575–525 v. Chr.,Ton,"Basel, Antikenmuseum und Sammlung Ludwig",BS424,BAPD 252,https://kerameikos.org/id/amphora,https://kerameikos.org/id/black_figure,https://kerameikos.org/id/athens,https://kerameikos.org/id/lydos,https://vocabs.bcdh.uni-bonn.de/hector_heritage_assets/de/page/concept_65909227,https://vocabs.bcdh.uni-bonn.de/hector_heritage_assets/de/page/concept_fd4cbaed
bapd_252_10,bapd_252_10.jpg,Dionysos auf antiker Bauchamphora (Near LYDOS),Transportamphora,http://vocabs.bcdh.uni-bonn.de/hector_heritage_assets/concept_65909227,-,Attisch schwarzfigurig,http://vocabs.bcdh.uni-bonn.de/hector_heritage_assets/concept_fd4cbaed,-,-,Attisch,Near LYDOS by UNKNOWN LYDOS by UNKNOWN,ca. 575–525 v. Chr.,Ton,"Basel, Antikenmuseum und Sammlung Ludwig",BS424,BAPD 252,https://kerameikos.org/id/amphora,https://kerameikos.org/id/black_figure,https://kerameikos.org/id/athens,https://kerameikos.org/id/lydos,https://vocabs.bcdh.uni-bonn.de/hector_heritage_assets/de/page/concept_65909227,https://vocabs.bcdh.uni-bonn.de/hector_heritage_assets/de/page/concept_fd4cbaed
bapd_252_11,bapd_252_11.jpg,Dionysos auf antiker Bauchamphora (Near LYDOS),Transportamphora,http://vocabs.bcdh.uni-bonn.de/hector_heritage_assets/concept_65909227,-,Attisch schwarzfigurig,http://vocabs.bcdh.uni-bonn.de/hector_heritage_assets/concept_fd4cbaed,-,-,Attisch,Near LYDOS by UNKNOWN LYDOS by UNKNOWN,ca. 575–525 v. Chr.,Ton,"Basel, Antikenmuseum und Sammlung Ludwig",BS424,BAPD 252,https://kerameikos.org/id/amphora,https://kerameikos.org/id/black_figure,https://kerameikos.org/id/athens,https://kerameikos.org/id/lydos,https://vocabs.bcdh.uni-bonn.de/hector_heritage_assets/de/page/concept_65909227,https://vocabs.bcdh.uni-bonn.de/hector_heritage_assets/de/page/concept_fd4cbaed
bapd_252_12,bapd_252_12.jpg,Dionysos auf antiker Bauchamphora (Near LYDOS),Transportamphora,http://vocabs.bcdh.uni-bonn.de/hector_heritage_assets/concept_65909227,-,Attisch schwarzfigurig,http://vocabs.bcdh.uni-bonn.de/hector_heritage_assets/concept_fd4cbaed,-,-,Attisch,Near LYDOS by UNKNOWN LYDOS by UNKNOWN,ca. 575–525 v. Chr.,Ton,"Basel, Antikenmuseum und Sammlung Ludwig",BS424,BAPD 252,https://kerameikos.org/id/amphora,https://kerameikos.org/id/black_figure,https://kerameikos.org/id/athens,https://kerameikos.org/id/lydos,https://vocabs.bcdh.uni-bonn.de/hector_heritage_assets/de/page/concept_65909227,https://vocabs.bcdh.uni-bonn.de/hector_heritage_assets/de/page/concept_fd4cbaed
bapd_252_13,bapd_252_13.jpg,Dionysos auf antiker Bauchamphora (Near LYDOS),Transportamphora,http://vocabs.bcdh.uni-bonn.de/hector_heritage_assets/concept_65909227,-,Attisch schwarzfigurig,http://vocabs.bcdh.uni-bonn.de/hector_heritage_assets/concept_fd4cbaed,-,-,Attisch,Near LYDOS by UNKNOWN LYDOS by UNKNOWN,ca. 575–525 v. Chr.,Ton,"Basel, Antikenmuseum und Sammlung Ludwig",BS424,BAPD 252,https://kerameikos.org/id/amphora,https://kerameikos.org/id/black_figure,https://kerameikos.org/id/athens,https://kerameikos.org/id/lydos,https://vocabs.bcdh.uni-bonn.de/hector_heritage_assets/de/page/concept_65909227,https://vocabs.bcdh.uni-bonn.de/hector_heritage_assets/de/page/concept_fd4cbaed
bapd_252_14,bapd_252_14.jpg,Dionysos auf antiker Bauchamphora (Near LYDOS),Transportamphora,http://vocabs.bcdh.uni-bonn.de/hector_heritage_assets/concept_65909227,-,Attisch schwarzfigurig,http://vocabs.bcdh.uni-bonn.de/hector_heritage_assets/concept_fd4cbaed,-,-,Attisch,Near LYDOS by UNKNOWN LYDOS by UNKNOWN,ca. 575–525 v. Chr.,Ton,"Basel, Antikenmuseum und Sammlung Ludwig",BS424,BAPD 252,https://kerameikos.org/id/amphora,https://kerameikos.org/id/black_figure,https://kerameikos.org/id/athens,https://kerameikos.org/id/lydos,https://vocabs.bcdh.uni-bonn.de/hector_heritage_assets/de/page/concept_65909227,https://vocabs.bcdh.uni-bonn.de/hector_heritage_assets/de/page/concept_fd4cbaed
bapd_252_15,bapd_252_15.jpg,Dionysos auf antiker Bauchamphora (Near LYDOS),Transportamphora,http://vocabs.bcdh.uni-bonn.de/hector_heritage_assets/concept_65909227,-,Attisch schwarzfigurig,http://vocabs.bcdh.uni-bonn.de/hector_heritage_assets/concept_fd4cbaed,-,-,Attisch,Near LYDOS by UNKNOWN LYDOS by UNKNOWN,ca. 575–525 v. Chr.,Ton,"Basel, Antikenmuseum und Sammlung Ludwig",BS424,BAPD 252,https://kerameikos.org/id/amphora,https://kerameikos.org/id/black_figure,https://kerameikos.org/id/athens,https://kerameikos.org/id/lydos,https://vocabs.bcdh.uni-bonn.de/hector_heritage_assets/de/page/concept_65909227,https://vocabs.bcdh.uni-bonn.de/hector_heritage_assets/de/page/concept_fd4cbaed
bapd_252_16,bapd_252_16.jpg,Dionysos auf antiker Bauchamphora (Near LYDOS),Transportamphora,http://vocabs.bcdh.uni-bonn.de/hector_heritage_assets/concept_65909227,-,Attisch schwarzfigurig,http://vocabs.bcdh.uni-bonn.de/hector_heritage_assets/concept_fd4cbaed,-,-,Attisch,Near LYDOS by UNKNOWN LYDOS by UNKNOWN,ca. 575–525 v. Chr.,Ton,"Basel, Antikenmuseum und Sammlung Ludwig",BS424,BAPD 252,https://kerameikos.org/id/amphora,https://kerameikos.org/id/black_figure,https://kerameikos.org/id/athens,https://kerameikos.org/id/lydos,https://vocabs.bcdh.uni-bonn.de/hector_heritage_assets/de/page/concept_65909227,https://vocabs.bcdh.uni-bonn.de/hector_heritage_assets/de/page/concept_fd4cbaed
bapd_252_17,bapd_252_17.jpg,Dionysos auf antiker Bauchamphora (Near LYDOS),Transportamphora,http://vocabs.bcdh.uni-bonn.de/hector_heritage_assets/concept_65909227,-,Attisch schwarzfigurig,http://vocabs.bcdh.uni-bonn.de/hector_heritage_assets/concept_fd4cbaed,-,-,Attisch,Near LYDOS by UNKNOWN LYDOS by UNKNOWN,ca. 575–525 v. Chr.,Ton,"Basel, Antikenmuseum und Sammlung Ludwig",BS424,BAPD 252,https://kerameikos.org/id/amphora,https://kerameikos.org/id/black_figure,https://kerameikos.org/id/athens,https://kerameikos.org/id/lydos,https://vocabs.bcdh.uni-bonn.de/hector_heritage_assets/de/page/concept_65909227,https://vocabs.bcdh.uni-bonn.de/hector_heritage_assets/de/page/concept_fd4cbaed
bapd_252_18,bapd_252_18.jpg,Dionysos auf antiker Bauchamphora (Near LYDOS),Transportamphora,http://vocabs.bcdh.uni-bonn.de/hector_heritage_assets/concept_65909227,-,Attisch schwarzfigurig,http://vocabs.bcdh.uni-bonn.de/hector_heritage_assets/concept_fd4cbaed,-,-,Attisch,Near LYDOS by UNKNOWN LYDOS by UNKNOWN,ca. 575–525 v. Chr.,Ton,"Basel, Antikenmuseum und Sammlung Ludwig",BS424,BAPD 252,https://kerameikos.org/id/amphora,https://kerameikos.org/id/black_figure,https://kerameikos.org/id/athens,https://kerameikos.org/id/lydos,https://vocabs.bcdh.uni-bonn.de/hector_heritage_assets/de/page/concept_65909227,https://vocabs.bcdh.uni-bonn.de/hector_heritage_assets/de/page/concept_fd4cbaed
bapd_252_19,bapd_252_19.jpg,Dionysos auf antiker Bauchamphora (Near LYDOS),Transportamphora,http://vocabs.bcdh.uni-bonn.de/hector_heritage_assets/concept_65909227,-,Attisch schwarzfigurig,http://vocabs.bcdh.uni-bonn.de/hector_heritage_assets/concept_fd4cbaed,-,-,Attisch,Near LYDOS by UNKNOWN LYDOS by UNKNOWN,ca. 575–525 v. Chr.,Ton,"Basel, Antikenmuseum und Sammlung Ludwig",BS424,BAPD 252,https://kerameikos.org/id/amphora,https://kerameikos.org/id/black_figure,https://kerameikos.org/id/athens,https://kerameikos.org/id/lydos,https://vocabs.bcdh.uni-bonn.de/hector_heritage_assets/de/page/concept_65909227,https://vocabs.bcdh.uni-bonn.de/hector_heritage_assets/de/page/concept_fd4cbaed
bapd_252_2,bapd_252_2.jpg,Dionysos auf antiker Bauchamphora (Near LYDOS),Transportamphora,http://vocabs.bcdh.uni-bonn.de/hector_heritage_assets/concept_65909227,-,Attisch schwarzfigurig,http://vocabs.bcdh.uni-bonn.de/hector_heritage_assets/concept_fd4cbaed,-,-,Attisch,Near LYDOS by UNKNOWN LYDOS by UNKNOWN,ca. 575–525 v. Chr.,Ton,"Basel, Antikenmuseum und Sammlung Ludwig",BS424,BAPD 252,https://kerameikos.org/id/amphora,https://kerameikos.org/id/black_figure,https://kerameikos.org/id/athens,https://kerameikos.org/id/lydos,https://vocabs.bcdh.uni-bonn.de/hector_heritage_assets/de/page/concept_65909227,https://vocabs.bcdh.uni-bonn.de/hector_heritage_assets/de/page/concept_fd4cbaed
bapd_252_20,bapd_252_20.jpg,Dionysos auf antiker Bauchamphora (Near LYDOS),Transportamphora,http://vocabs.bcdh.uni-bonn.de/hector_heritage_assets/concept_65909227,-,Attisch schwarzfigurig,http://vocabs.bcdh.uni-bonn.de/hector_heritage_assets/concept_fd4cbaed,-,-,Attisch,Near LYDOS by UNKNOWN LYDOS by UNKNOWN,ca. 575–525 v. Chr.,Ton,"Basel, Antikenmuseum und Sammlung Ludwig",BS424,BAPD 252,https://kerameikos.org/id/amphora,https://kerameikos.org/id/black_figure,https://kerameikos.org/id/athens,https://kerameikos.org/id/lydos,https://vocabs.bcdh.uni-bonn.de/hector_heritage_assets/de/page/concept_65909227,https://vocabs.bcdh.uni-bonn.de/hector_heritage_assets/de/page/concept_fd4cbaed
bapd_252_21,bapd_252_21.jpg,Dionysos auf antiker Bauchamphora (Near LYDOS),Transportamphora,http://vocabs.bcdh.uni-bonn.de/hector_heritage_assets/concept_65909227,-,Attisch schwarzfigurig,http://vocabs.bcdh.uni-bonn.de/hector_heritage_assets/concept_fd4cbaed,-,-,Attisch,Near LYDOS by UNKNOWN LYDOS by UNKNOWN,ca. 575–525 v. Chr.,Ton,"Basel, Antikenmuseum und Sammlung Ludwig",BS424,BAPD 252,https://kerameikos.org/id/amphora,https://kerameikos.org/id/black_figure,https://kerameikos.org/id/athens,https://kerameikos.org/id/lydos,https://vocabs.bcdh.uni-bonn.de/hector_heritage_assets/de/page/concept_65909227,https://vocabs.bcdh.uni-bonn.de/hector_heritage_assets/de/page/concept_fd4cbaed
bapd_252_3,bapd_252_3.jpg,Dionysos auf antiker Bauchamphora (Near LYDOS),Transportamphora,http://vocabs.bcdh.uni-bonn.de/hector_heritage_assets/concept_65909227,-,Attisch schwarzfigurig,http://vocabs.bcdh.uni-bonn.de/hector_heritage_assets/concept_fd4cbaed,-,-,Attisch,Near LYDOS by UNKNOWN LYDOS by UNKNOWN,ca. 575–525 v. Chr.,Ton,"Basel, Antikenmuseum und Sammlung Ludwig",BS424,BAPD 252,https://kerameikos.org/id/amphora,https://kerameikos.org/id/black_figure,https://kerameikos.org/id/athens,https://kerameikos.org/id/lydos,https://vocabs.bcdh.uni-bonn.de/hector_heritage_assets/de/page/concept_65909227,https://vocabs.bcdh.uni-bonn.de/hector_heritage_assets/de/page/concept_fd4cbaed
bapd_252_4,bapd_252_4.jpg,Dionysos auf antiker Bauchamphora (Near LYDOS),Transportamphora,http://vocabs.bcdh.uni-bonn.de/hector_heritage_assets/concept_65909227,-,Attisch schwarzfigurig,http://vocabs.bcdh.uni-bonn.de/hector_heritage_assets/concept_fd4cbaed,-,-,Attisch,Near LYDOS by UNKNOWN LYDOS by UNKNOWN,ca. 575–525 v. Chr.,Ton,"Basel, Antikenmuseum und Sammlung Ludwig",BS424,BAPD 252,https://kerameikos.org/id/amphora,https://kerameikos.org/id/black_figure,https://kerameikos.org/id/athens,https://kerameikos.org/id/lydos,https://vocabs.bcdh.uni-bonn.de/hector_heritage_assets/de/page/concept_65909227,https://vocabs.bcdh.uni-bonn.de/hector_heritage_assets/de/page/concept_fd4cbaed
bapd_252_5,bapd_252_5.jpg,Dionysos auf antiker Bauchamphora (Near LYDOS),Transportamphora,http://vocabs.bcdh.uni-bonn.de/hector_heritage_assets/concept_65909227,-,Attisch schwarzfigurig,http://vocabs.bcdh.uni-bonn.de/hector_heritage_assets/concept_fd4cbaed,-,-,Attisch,Near LYDOS by UNKNOWN LYDOS by UNKNOWN,ca. 575–525 v. Chr.,Ton,"Basel, Antikenmuseum und Sammlung Ludwig",BS424,BAPD 252,https://kerameikos.org/id/amphora,https://kerameikos.org/id/black_figure,https://kerameikos.org/id/athens,https://kerameikos.org/id/lydos,https://vocabs.bcdh.uni-bonn.de/hector_heritage_assets/de/page/concept_65909227,https://vocabs.bcdh.uni-bonn.de/hector_heritage_assets/de/page/concept_fd4cbaed
bapd_252_6,bapd_252_6.jpg,Dionysos auf antiker Bauchamphora (Near LYDOS),Transportamphora,http://vocabs.bcdh.uni-bonn.de/hector_heritage_assets/concept_65909227,-,Attisch schwarzfigurig,http://vocabs.bcdh.uni-bonn.de/hector_heritage_assets/concept_fd4cbaed,-,-,Attisch,Near LYDOS by UNKNOWN LYDOS by UNKNOWN,ca. 575–525 v. Chr.,Ton,"Basel, Antikenmuseum und Sammlung Ludwig",BS424,BAPD 252,https://kerameikos.org/id/amphora,https://kerameikos.org/id/black_figure,https://kerameikos.org/id/athens,https://kerameikos.org/id/lydos,https://vocabs.bcdh.uni-bonn.de/hector_heritage_assets/de/page/concept_65909227,https://vocabs.bcdh.uni-bonn.de/hector_heritage_assets/de/page/concept_fd4cbaed
bapd_252_7,bapd_252_7.jpg,Dionysos auf antiker Bauchamphora (Near LYDOS),Transportamphora,http://vocabs.bcdh.uni-bonn.de/hector_heritage_assets/concept_65909227,-,Attisch schwarzfigurig,http://vocabs.bcdh.uni-bonn.de/hector_heritage_assets/concept_fd4cbaed,-,-,Attisch,Near LYDOS by UNKNOWN LYDOS by UNKNOWN,ca. 575–525 v. Chr.,Ton,"Basel, Antikenmuseum und Sammlung Ludwig",BS424,BAPD 252,https://kerameikos.org/id/amphora,https://kerameikos.org/id/black_figure,https://kerameikos.org/id/athens,https://kerameikos.org/id/lydos,https://vocabs.bcdh.uni-bonn.de/hector_heritage_assets/de/page/concept_65909227,https://vocabs.bcdh.uni-bonn.de/hector_heritage_assets/de/page/concept_fd4cbaed
bapd_252_8,bapd_252_8.jpg,Dionysos auf antiker Bauchamphora (Near LYDOS),Transportamphora,http://vocabs.bcdh.uni-bonn.de/hector_heritage_assets/concept_65909227,-,Attisch schwarzfigurig,http://vocabs.bcdh.uni-bonn.de/hector_heritage_assets/concept_fd4cbaed,-,-,Attisch,Near LYDOS by UNKNOWN LYDOS by UNKNOWN,ca. 575–525 v. Chr.,Ton,"Basel, Antikenmuseum und Sammlung Ludwig",BS424,BAPD 252,https://kerameikos.org/id/amphora,https://kerameikos.org/id/black_figure,https://kerameikos.org/id/athens,https://kerameikos.org/id/lydos,https://vocabs.bcdh.uni-bonn.de/hector_heritage_assets/de/page/concept_65909227,https://vocabs.bcdh.uni-bonn.de/hector_heritage_assets/de/page/concept_fd4cbaed
bapd_252_9,bapd_252_9.jpg,Dionysos auf antiker Bauchamphora (Near LYDOS),Transportamphora,http://vocabs.bcdh.uni-bonn.de/hector_heritage_assets/concept_65909227,-,Attisch schwarzfigurig,http://vocabs.bcdh.uni-bonn.de/hector_heritage_assets/concept_fd4cbaed,-,-,Attisch,Near LYDOS by UNKNOWN LYDOS by UNKNOWN,ca. 575–525 v. Chr.,Ton,"Basel, Antikenmuseum und Sammlung Ludwig",BS424,BAPD 252,https://kerameikos.org/id/amphora,https://kerameikos.org/id/black_figure,https://kerameikos.org/id/athens,https://kerameikos.org/id/lydos,https://vocabs.bcdh.uni-bonn.de/hector_heritage_assets/de/page/concept_65909227,https://vocabs.bcdh.uni-bonn.de/hector_heritage_assets/de/page/concept_fd4cbaed
bapd_25_1,bapd_25_1.jpg,Athena auf antiker Panathenäische Preisamphore,Transportamphora,http://vocabs.bcdh.uni-bonn.de/hector_heritage_assets/concept_65909227,-,Attisch schwarzfigurig,http://vocabs.bcdh.uni-bonn.de/hector_heritage_assets/concept_fd4cbaed,-,-,Attisch,,ca. 550–500 v. Chr.,Ton,"Austin (TX), University of Texas, Jack S. Blanton Museum of Art",1980.32,BAPD 25,https://kerameikos.org/id/amphora,https://kerameikos.org/id/black_figure,https://kerameikos.org/id/athens,,https://vocabs.bcdh.uni-bonn.de/hector_heritage_assets/de/page/concept_65909227,https://vocabs.bcdh.uni-bonn.de/hector_heritage_assets/de/page/concept_fd4cbaed
bapd_25_2,bapd_25_2.jpg,Athena auf antiker Panathenäische Preisamphore,Transportamphora,http://vocabs.bcdh.uni-bonn.de/hector_heritage_assets/concept_65909227,-,Attisch schwarzfigurig,http://vocabs.bcdh.uni-bonn.de/hector_heritage_assets/concept_fd4cbaed,-,-,Attisch,,ca. 550–500 v. Chr.,Ton,"Austin (TX), University of Texas, Jack S. Blanton Museum of Art",1980.32,BAPD 25,https://kerameikos.org/id/amphora,https://kerameikos.org/id/black_figure,https://kerameikos.org/id/athens,,https://vocabs.bcdh.uni-bonn.de/hector_heritage_assets/de/page/concept_65909227,https://vocabs.bcdh.uni-bonn.de/hector_heritage_assets/de/page/concept_fd4cbaed
bapd_25_3,bapd_25_3.jpg,Athena auf antiker Panathenäische Preisamphore,Transportamphora,http://vocabs.bcdh.uni-bonn.de/hector_heritage_assets/concept_65909227,-,Attisch schwarzfigurig,http://vocabs.bcdh.uni-bonn.de/hector_heritage_assets/concept_fd4cbaed,-,-,Attisch,,ca. 550–500 v. Chr.,Ton,"Austin (TX), University of Texas, Jack S. Blanton Museum of Art",1980.32,BAPD 25,https://kerameikos.org/id/amphora,https://kerameikos.org/id/black_figure,https://kerameikos.org/id/athens,,https://vocabs.bcdh.uni-bonn.de/hector_heritage_assets/de/page/concept_65909227,https://vocabs.bcdh.uni-bonn.de/hector_heritage_assets/de/page/concept_fd4cbaed
bapd_25_4,bapd_25_4.jpg,Athena auf antiker Panathenäische Preisamphore,Transportamphora,http://vocabs.bcdh.uni-bonn.de/hector_heritage_assets/concept_65909227,-,Attisch schwarzfigurig,http://vocabs.bcdh.uni-bonn.de/hector_heritage_assets/concept_fd4cbaed,-,-,Attisch,,ca. 550–500 v. Chr.,Ton,"Austin (TX), University of Texas, Jack S. Blanton Museum of Art",1980.32,BAPD 25,https://kerameikos.org/id/amphora,https://kerameikos.org/id/black_figure,https://kerameikos.org/id/athens,,https://vocabs.bcdh.uni-bonn.de/hector_heritage_assets/de/page/concept_65909227,https://vocabs.bcdh.uni-bonn.de/hector_heritage_assets/de/page/concept_fd4cbaed
bapd_25_5,bapd_25_5.jpg,Athena auf antiker Panathenäische Preisamphore,Transportamphora,http://vocabs.bcdh.uni-bonn.de/hector_heritage_assets/concept_65909227,-,Attisch schwarzfigurig,http://vocabs.bcdh.uni-bonn.de/hector_heritage_assets/concept_fd4cbaed,-,-,Attisch,,ca. 550–500 v. Chr.,Ton,"Austin (TX), University of Texas, Jack S. Blanton Museum of Art",1980.32,BAPD 25,https://kerameikos.org/id/amphora,https://kerameikos.org/id/black_figure,https://kerameikos.org/id/athens,,https://vocabs.bcdh.uni-bonn.de/hector_heritage_assets/de/page/concept_65909227,https://vocabs.bcdh.uni-bonn.de/hector_heritage_assets/de/page/concept_fd4cbaed
bapd_260_1,bapd_260_1.jpg,Dionysos auf antiker Krater (Manner of MYSON),Krater,http://vocabs.bcdh.uni-bonn.de/hector_heritage_assets/concept_4ec3b0ea,-,Attisch Rotfigurig,http://vocabs.bcdh.uni-bonn.de/hector_heritage_assets/concept_69d3cf4c,-,-,Attisch,"Manner of MYSON by SCHMIDT COLUMN KRATERS, OTHER Ps. OF by BERGE EARLY MANNERIST, UNDETERMINED by BOARDMAN SIREN P by GUY",ca. 500–450 v. Chr.,Ton,"Basel, Antikenmuseum und Sammlung Ludwig",BS415,BAPD 260,https://kerameikos.org/id/krater,https://kerameikos.org/id/red_figure,https://kerameikos.org/id/athens,https://kerameikos.org/id/myson,https://vocabs.bcdh.uni-bonn.de/hector_heritage_assets/de/page/concept_4ec3b0ea,https://vocabs.bcdh.uni-bonn.de/hector_heritage_assets/de/page/concept_69d3cf4c
bapd_260_10,bapd_260_10.jpg,Dionysos auf antiker Krater (Manner of MYSON),Krater,http://vocabs.bcdh.uni-bonn.de/hector_heritage_assets/concept_4ec3b0ea,-,Attisch Rotfigurig,http://vocabs.bcdh.uni-bonn.de/hector_heritage_assets/concept_69d3cf4c,-,-,Attisch,"Manner of MYSON by SCHMIDT COLUMN KRATERS, OTHER Ps. OF by BERGE EARLY MANNERIST, UNDETERMINED by BOARDMAN SIREN P by GUY",ca. 500–450 v. Chr.,Ton,"Basel, Antikenmuseum und Sammlung Ludwig",BS415,BAPD 260,https://kerameikos.org/id/krater,https://kerameikos.org/id/red_figure,https://kerameikos.org/id/athens,https://kerameikos.org/id/myson,https://vocabs.bcdh.uni-bonn.de/hector_heritage_assets/de/page/concept_4ec3b0ea,https://vocabs.bcdh.uni-bonn.de/hector_heritage_assets/de/page/concept_69d3cf4c
bapd_260_11,bapd_260_11.jpg,Dionysos auf antiker Krater (Manner of MYSON),Krater,http://vocabs.bcdh.uni-bonn.de/hector_heritage_assets/concept_4ec3b0ea,-,Attisch Rotfigurig,http://vocabs.bcdh.uni-bonn.de/hector_heritage_assets/concept_69d3cf4c,-,-,Attisch,"Manner of MYSON by SCHMIDT COLUMN KRATERS, OTHER Ps. OF by BERGE EARLY MANNERIST, UNDETERMINED by BOARDMAN SIREN P by GUY",ca. 500–450 v. Chr.,Ton,"Basel, Antikenmuseum und Sammlung Ludwig",BS415,BAPD 260,https://kerameikos.org/id/krater,https://kerameikos.org/id/red_figure,https://kerameikos.org/id/athens,https://kerameikos.org/id/myson,https://vocabs.bcdh.uni-bonn.de/hector_heritage_assets/de/page/concept_4ec3b0ea,https://vocabs.bcdh.uni-bonn.de/hector_heritage_assets/de/page/concept_69d3cf4c
bapd_260_12,bapd_260_12.jpg,Dionysos auf antiker Krater (Manner of MYSON),Krater,http://vocabs.bcdh.uni-bonn.de/hector_heritage_assets/concept_4ec3b0ea,-,Attisch Rotfigurig,http://vocabs.bcdh.uni-bonn.de/hector_heritage_assets/concept_69d3cf4c,-,-,Attisch,"Manner of MYSON by SCHMIDT COLUMN KRATERS, OTHER Ps. OF by BERGE EARLY MANNERIST, UNDETERMINED by BOARDMAN SIREN P by GUY",ca. 500–450 v. Chr.,Ton,"Basel, Antikenmuseum und Sammlung Ludwig",BS415,BAPD 260,https://kerameikos.org/id/krater,https://kerameikos.org/id/red_figure,https://kerameikos.org/id/athens,https://kerameikos.org/id/myson,https://vocabs.bcdh.uni-bonn.de/hector_heritage_assets/de/page/concept_4ec3b0ea,https://vocabs.bcdh.uni-bonn.de/hector_heritage_assets/de/page/concept_69d3cf4c
bapd_260_13,bapd_260_13.jpg,Dionysos auf antiker Krater (Manner of MYSON),Krater,http://vocabs.bcdh.uni-bonn.de/hector_heritage_assets/concept_4ec3b0ea,-,Attisch Rotfigurig,http://vocabs.bcdh.uni-bonn.de/hector_heritage_assets/concept_69d3cf4c,-,-,Attisch,"Manner of MYSON by SCHMIDT COLUMN KRATERS, OTHER Ps. OF by BERGE EARLY MANNERIST, UNDETERMINED by BOARDMAN SIREN P by GUY",ca. 500–450 v. Chr.,Ton,"Basel, Antikenmuseum und Sammlung Ludwig",BS415,BAPD 260,https://kerameikos.org/id/krater,https://kerameikos.org/id/red_figure,https://kerameikos.org/id/athens,https://kerameikos.org/id/myson,https://vocabs.bcdh.uni-bonn.de/hector_heritage_assets/de/page/concept_4ec3b0ea,https://vocabs.bcdh.uni-bonn.de/hector_heritage_assets/de/page/concept_69d3cf4c
bapd_260_14,bapd_260_14.jpg,Dionysos auf antiker Krater (Manner of MYSON),Krater,http://vocabs.bcdh.uni-bonn.de/hector_heritage_assets/concept_4ec3b0ea,-,Attisch Rotfigurig,http://vocabs.bcdh.uni-bonn.de/hector_heritage_assets/concept_69d3cf4c,-,-,Attisch,"Manner of MYSON by SCHMIDT COLUMN KRATERS, OTHER Ps. OF by BERGE EARLY MANNERIST, UNDETERMINED by BOARDMAN SIREN P by GUY",ca. 500–450 v. Chr.,Ton,"Basel, Antikenmuseum und Sammlung Ludwig",BS415,BAPD 260,https://kerameikos.org/id/krater,https://kerameikos.org/id/red_figure,https://kerameikos.org/id/athens,https://kerameikos.org/id/myson,https://vocabs.bcdh.uni-bonn.de/hector_heritage_assets/de/page/concept_4ec3b0ea,https://vocabs.bcdh.uni-bonn.de/hector_heritage_assets/de/page/concept_69d3cf4c
bapd_260_2,bapd_260_2.jpg,Dionysos auf antiker Krater (Manner of MYSON),Krater,http://vocabs.bcdh.uni-bonn.de/hector_heritage_assets/concept_4ec3b0ea,-,Attisch Rotfigurig,http://vocabs.bcdh.uni-bonn.de/hector_heritage_assets/concept_69d3cf4c,-,-,Attisch,"Manner of MYSON by SCHMIDT COLUMN KRATERS, OTHER Ps. OF by BERGE EARLY MANNERIST, UNDETERMINED by BOARDMAN SIREN P by GUY",ca. 500–450 v. Chr.,Ton,"Basel, Antikenmuseum und Sammlung Ludwig",BS415,BAPD 260,https://kerameikos.org/id/krater,https://kerameikos.org/id/red_figure,https://kerameikos.org/id/athens,https://kerameikos.org/id/myson,https://vocabs.bcdh.uni-bonn.de/hector_heritage_assets/de/page/concept_4ec3b0ea,https://vocabs.bcdh.uni-bonn.de/hector_heritage_assets/de/page/concept_69d3cf4c
bapd_260_3,bapd_260_3.jpg,Dionysos auf antiker Krater (Manner of MYSON),Krater,http://vocabs.bcdh.uni-bonn.de/hector_heritage_assets/concept_4ec3b0ea,-,Attisch Rotfigurig,http://vocabs.bcdh.uni-bonn.de/hector_heritage_assets/concept_69d3cf4c,-,-,Attisch,"Manner of MYSON by SCHMIDT COLUMN KRATERS, OTHER Ps. OF by BERGE EARLY MANNERIST, UNDETERMINED by BOARDMAN SIREN P by GUY",ca. 500–450 v. Chr.,Ton,"Basel, Antikenmuseum und Sammlung Ludwig",BS415,BAPD 260,https://kerameikos.org/id/krater,https://kerameikos.org/id/red_figure,https://kerameikos.org/id/athens,https://kerameikos.org/id/myson,https://vocabs.bcdh.uni-bonn.de/hector_heritage_assets/de/page/concept_4ec3b0ea,https://vocabs.bcdh.uni-bonn.de/hector_heritage_assets/de/page/concept_69d3cf4c
bapd_260_4,bapd_260_4.jpg,Dionysos auf antiker Krater (Manner of MYSON),Krater,http://vocabs.bcdh.uni-bonn.de/hector_heritage_assets/concept_4ec3b0ea,-,Attisch Rotfigurig,http://vocabs.bcdh.uni-bonn.de/hector_heritage_assets/concept_69d3cf4c,-,-,Attisch,"Manner of MYSON by SCHMIDT COLUMN KRATERS, OTHER Ps. OF by BERGE EARLY MANNERIST, UNDETERMINED by BOARDMAN SIREN P by GUY",ca. 500–450 v. Chr.,Ton,"Basel, Antikenmuseum und Sammlung Ludwig",BS415,BAPD 260,https://kerameikos.org/id/krater,https://kerameikos.org/id/red_figure,https://kerameikos.org/id/athens,https://kerameikos.org/id/myson,https://vocabs.bcdh.uni-bonn.de/hector_heritage_assets/de/page/concept_4ec3b0ea,https://vocabs.bcdh.uni-bonn.de/hector_heritage_assets/de/page/concept_69d3cf4c
bapd_260_5,bapd_260_5.jpg,Dionysos auf antiker Krater (Manner of MYSON),Krater,http://vocabs.bcdh.uni-bonn.de/hector_heritage_assets/concept_4ec3b0ea,-,Attisch Rotfigurig,http://vocabs.bcdh.uni-bonn.de/hector_heritage_assets/concept_69d3cf4c,-,-,Attisch,"Manner of MYSON by SCHMIDT COLUMN KRATERS, OTHER Ps. OF by BERGE EARLY MANNERIST, UNDETERMINED by BOARDMAN SIREN P by GUY",ca. 500–450 v. Chr.,Ton,"Basel, Antikenmuseum und Sammlung Ludwig",BS415,BAPD 260,https://kerameikos.org/id/krater,https://kerameikos.org/id/red_figure,https://kerameikos.org/id/athens,https://kerameikos.org/id/myson,https://vocabs.bcdh.uni-bonn.de/hector_heritage_assets/de/page/concept_4ec3b0ea,https://vocabs.bcdh.uni-bonn.de/hector_heritage_assets/de/page/concept_69d3cf4c
bapd_260_6,bapd_260_6.jpg,Dionysos auf antiker Krater (Manner of MYSON),Krater,http://vocabs.bcdh.uni-bonn.de/hector_heritage_assets/concept_4ec3b0ea,-,Attisch Rotfigurig,http://vocabs.bcdh.uni-bonn.de/hector_heritage_assets/concept_69d3cf4c,-,-,Attisch,"Manner of MYSON by SCHMIDT COLUMN KRATERS, OTHER Ps. OF by BERGE EARLY MANNERIST, UNDETERMINED by BOARDMAN SIREN P by GUY",ca. 500–450 v. Chr.,Ton,"Basel, Antikenmuseum und Sammlung Ludwig",BS415,BAPD 260,https://kerameikos.org/id/krater,https://kerameikos.org/id/red_figure,https://kerameikos.org/id/athens,https://kerameikos.org/id/myson,https://vocabs.bcdh.uni-bonn.de/hector_heritage_assets/de/page/concept_4ec3b0ea,https://vocabs.bcdh.uni-bonn.de/hector_heritage_assets/de/page/concept_69d3cf4c
bapd_260_7,bapd_260_7.jpg,Dionysos auf antiker Krater (Manner of MYSON),Krater,http://vocabs.bcdh.uni-bonn.de/hector_heritage_assets/concept_4ec3b0ea,-,Attisch Rotfigurig,http://vocabs.bcdh.uni-bonn.de/hector_heritage_assets/concept_69d3cf4c,-,-,Attisch,"Manner of MYSON by SCHMIDT COLUMN KRATERS, OTHER Ps. OF by BERGE EARLY MANNERIST, UNDETERMINED by BOARDMAN SIREN P by GUY",ca. 500–450 v. Chr.,Ton,"Basel, Antikenmuseum und Sammlung Ludwig",BS415,BAPD 260,https://kerameikos.org/id/krater,https://kerameikos.org/id/red_figure,https://kerameikos.org/id/athens,https://kerameikos.org/id/myson,https://vocabs.bcdh.uni-bonn.de/hector_heritage_assets/de/page/concept_4ec3b0ea,https://vocabs.bcdh.uni-bonn.de/hector_heritage_assets/de/page/concept_69d3cf4c
bapd_260_8,bapd_260_8.jpg,Dionysos auf antiker Krater (Manner of MYSON),Krater,http://vocabs.bcdh.uni-bonn.de/hector_heritage_assets/concept_4ec3b0ea,-,Attisch Rotfigurig,http://vocabs.bcdh.uni-bonn.de/hector_heritage_assets/concept_69d3cf4c,-,-,Attisch,"Manner of MYSON by SCHMIDT COLUMN KRATERS, OTHER Ps. OF by BERGE EARLY MANNERIST, UNDETERMINED by BOARDMAN SIREN P by GUY",ca. 500–450 v. Chr.,Ton,"Basel, Antikenmuseum und Sammlung Ludwig",BS415,BAPD 260,https://kerameikos.org/id/krater,https://kerameikos.org/id/red_figure,https://kerameikos.org/id/athens,https://kerameikos.org/id/myson,https://vocabs.bcdh.uni-bonn.de/hector_heritage_assets/de/page/concept_4ec3b0ea,https://vocabs.bcdh.uni-bonn.de/hector_heritage_assets/de/page/concept_69d3cf4c
bapd_260_9,bapd_260_9.jpg,Dionysos auf antiker Krater (Manner of MYSON),Krater,http://vocabs.bcdh.uni-bonn.de/hector_heritage_assets/concept_4ec3b0ea,-,Attisch Rotfigurig,http://vocabs.bcdh.uni-bonn.de/hector_heritage_assets/concept_69d3cf4c,-,-,Attisch,"Manner of MYSON by SCHMIDT COLUMN KRATERS, OTHER Ps. OF by BERGE EARLY MANNERIST, UNDETERMINED by BOARDMAN SIREN P by GUY",ca. 500–450 v. Chr.,Ton,"Basel, Antikenmuseum und Sammlung Ludwig",BS415,BAPD 260,https://kerameikos.org/id/krater,https://kerameikos.org/id/red_figure,https://kerameikos.org/id/athens,https://kerameikos.org/id/myson,https://vocabs.bcdh.uni-bonn.de/hector_heritage_assets/de/page/concept_4ec3b0ea,https://vocabs.bcdh.uni-bonn.de/hector_heritage_assets/de/page/concept_69d3cf4c
bapd_261_1,bapd_261_1.jpg,"Herakles auf antiker Chous, fragment (KERCH)","Chous, fragment",http://vocabs.bcdh.uni-bonn.de/hector_heritage_assets/concept_custom_chous%2C%20fragment,-,Attisch Rotfigurig,http://vocabs.bcdh.uni-bonn.de/hector_heritage_assets/concept_69d3cf4c,-,-,Attisch,KERCH by UNKNOWN,ca. 400–300 v. Chr.,Ton,"Tübingen, Eberhard-Karls-Universität, Archäologisches Institut",E180,BAPD 261,https://kerameikos.org/id/chous,https://kerameikos.org/id/red_figure,https://kerameikos.org/id/athens,,https://vocabs.bcdh.uni-bonn.de/hector_heritage_assets/de/page/concept_custom_chous%2C%20fragment,https://vocabs.bcdh.uni-bonn.de/hector_heritage_assets/de/page/concept_69d3cf4c
bapd_261_2,bapd_261_2.jpg,"Herakles auf antiker Chous, fragment (KERCH)","Chous, fragment",http://vocabs.bcdh.uni-bonn.de/hector_heritage_assets/concept_custom_chous%2C%20fragment,-,Attisch Rotfigurig,http://vocabs.bcdh.uni-bonn.de/hector_heritage_assets/concept_69d3cf4c,-,-,Attisch,KERCH by UNKNOWN,ca. 400–300 v. Chr.,Ton,"Tübingen, Eberhard-Karls-Universität, Archäologisches Institut",E180,BAPD 261,https://kerameikos.org/id/chous,https://kerameikos.org/id/red_figure,https://kerameikos.org/id/athens,,https://vocabs.bcdh.uni-bonn.de/hector_heritage_assets/de/page/concept_custom_chous%2C%20fragment,https://vocabs.bcdh.uni-bonn.de/hector_heritage_assets/de/page/concept_69d3cf4c
bapd_261_3,bapd_261_3.jpg,"Herakles auf antiker Chous, fragment (KERCH)","Chous, fragment",http://vocabs.bcdh.uni-bonn.de/hector_heritage_assets/concept_custom_chous%2C%20fragment,-,Attisch Rotfigurig,http://vocabs.bcdh.uni-bonn.de/hector_heritage_assets/concept_69d3cf4c,-,-,Attisch,KERCH by UNKNOWN,ca. 400–300 v. Chr.,Ton,"Tübingen, Eberhard-Karls-Universität, Archäologisches Institut",E180,BAPD 261,https://kerameikos.org/id/chous,https://kerameikos.org/id/red_figure,https://kerameikos.org/id/athens,,https://vocabs.bcdh.uni-bonn.de/hector_heritage_assets/de/page/concept_custom_chous%2C%20fragment,https://vocabs.bcdh.uni-bonn.de/hector_heritage_assets/de/page/concept_69d3cf4c
bapd_261_4,bapd_261_4.jpg,"Herakles auf antiker Chous, fragment (KERCH)","Chous, fragment",http://vocabs.bcdh.uni-bonn.de/hector_heritage_assets/concept_custom_chous%2C%20fragment,-,Attisch Rotfigurig,http://vocabs.bcdh.uni-bonn.de/hector_heritage_assets/concept_69d3cf4c,-,-,Attisch,KERCH by UNKNOWN,ca. 400–300 v. Chr.,Ton,"Tübingen, Eberhard-Karls-Universität, Archäologisches Institut",E180,BAPD 261,https://kerameikos.org/id/chous,https://kerameikos.org/id/red_figure,https://kerameikos.org/id/athens,,https://vocabs.bcdh.uni-bonn.de/hector_heritage_assets/de/page/concept_custom_chous%2C%20fragment,https://vocabs.bcdh.uni-bonn.de/hector_heritage_assets/de/page/concept_69d3cf4c
bapd_265_1,bapd_265_1.jpg,Athena auf antiker Lekythos,Lekythos,http://vocabs.bcdh.uni-bonn.de/hector_heritage_assets/concept_5b62f4af,-,Attisch Rotfigurig,http://vocabs.bcdh.uni-bonn.de/hector_heritage_assets/concept_69d3cf4c,-,-,Attisch,,ca. 475–425 v. Chr.,Ton,"Paris, Musée du Louvre",CA681,BAPD 265,https://kerameikos.org/id/lekythos,https://kerameikos.org/id/red_figure,https://kerameikos.org/id/athens,,https://vocabs.bcdh.uni-bonn.de/hector_heritage_assets/de/page/concept_5b62f4af,https://vocabs.bcdh.uni-bonn.de/hector_heritage_assets/de/page/concept_69d3cf4c
bapd_265_2,bapd_265_2.jpg,Athena auf antiker Lekythos,Lekythos,http://vocabs.bcdh.uni-bonn.de/hector_heritage_assets/concept_5b62f4af,-,Attisch Rotfigurig,http://vocabs.bcdh.uni-bonn.de/hector_heritage_assets/concept_69d3cf4c,-,-,Attisch,,ca. 475–425 v. Chr.,Ton,"Paris, Musée du Louvre",CA681,BAPD 265,https://kerameikos.org/id/lekythos,https://kerameikos.org/id/red_figure,https://kerameikos.org/id/athens,,https://vocabs.bcdh.uni-bonn.de/hector_heritage_assets/de/page/concept_5b62f4af,https://vocabs.bcdh.uni-bonn.de/hector_heritage_assets/de/page/concept_69d3cf4c
bapd_265_3,bapd_265_3.jpg,Athena auf antiker Lekythos,Lekythos,http://vocabs.bcdh.uni-bonn.de/hector_heritage_assets/concept_5b62f4af,-,Attisch Rotfigurig,http://vocabs.bcdh.uni-bonn.de/hector_heritage_assets/concept_69d3cf4c,-,-,Attisch,,ca. 475–425 v. Chr.,Ton,"Paris, Musée du Louvre",CA681,BAPD 265,https://kerameikos.org/id/lekythos,https://kerameikos.org/id/red_figure,https://kerameikos.org/id/athens,,https://vocabs.bcdh.uni-bonn.de/hector_heritage_assets/de/page/concept_5b62f4af,https://vocabs.bcdh.uni-bonn.de/hector_heritage_assets/de/page/concept_69d3cf4c
bapd_26_1,bapd_26_1.jpg,Dionysos auf antiker Halsamphora,Transportamphora,http://vocabs.bcdh.uni-bonn.de/hector_heritage_assets/concept_65909227,-,Attisch schwarzfigurig,http://vocabs.bcdh.uni-bonn.de/hector_heritage_assets/concept_fd4cbaed,-,-,Attisch,,ca. 525–475 v. Chr.,Ton,"New York (N.Y.), Callimanopoulos",,BAPD 26,https://kerameikos.org/id/amphora,https://kerameikos.org/id/black_figure,https://kerameikos.org/id/athens,,https://vocabs.bcdh.uni-bonn.de/hector_heritage_assets/de/page/concept_65909227,https://vocabs.bcdh.uni-bonn.de/hector_heritage_assets/de/page/concept_fd4cbaed
bapd_26_2,bapd_26_2.jpg,Dionysos auf antiker Halsamphora,Transportamphora,http://vocabs.bcdh.uni-bonn.de/hector_heritage_assets/concept_65909227,-,Attisch schwarzfigurig,http://vocabs.bcdh.uni-bonn.de/hector_heritage_assets/concept_fd4cbaed,-,-,Attisch,,ca. 525–475 v. Chr.,Ton,"New York (N.Y.), Callimanopoulos",,BAPD 26,https://kerameikos.org/id/amphora,https://kerameikos.org/id/black_figure,https://kerameikos.org/id/athens,,https://vocabs.bcdh.uni-bonn.de/hector_heritage_assets/de/page/concept_65909227,https://vocabs.bcdh.uni-bonn.de/hector_heritage_assets/de/page/concept_fd4cbaed
bapd_26_3,bapd_26_3.jpg,Dionysos auf antiker Halsamphora,Transportamphora,http://vocabs.bcdh.uni-bonn.de/hector_heritage_assets/concept_65909227,-,Attisch schwarzfigurig,http://vocabs.bcdh.uni-bonn.de/hector_heritage_assets/concept_fd4cbaed,-,-,Attisch,,ca. 525–475 v. Chr.,Ton,"New York (N.Y.), Callimanopoulos",,BAPD 26,https://kerameikos.org/id/amphora,https://kerameikos.org/id/black_figure,https://kerameikos.org/id/athens,,https://vocabs.bcdh.uni-bonn.de/hector_heritage_assets/de/page/concept_65909227,https://vocabs.bcdh.uni-bonn.de/hector_heritage_assets/de/page/concept_fd4cbaed
bapd_26_4,bapd_26_4.jpg,Dionysos auf antiker Halsamphora,Transportamphora,http://vocabs.bcdh.uni-bonn.de/hector_heritage_assets/concept_65909227,-,Attisch schwarzfigurig,http://vocabs.bcdh.uni-bonn.de/hector_heritage_assets/concept_fd4cbaed,-,-,Attisch,,ca. 525–475 v. Chr.,Ton,"New York (N.Y.), Callimanopoulos",,BAPD 26,https://kerameikos.org/id/amphora,https://kerameikos.org/id/black_figure,https://kerameikos.org/id/athens,,https://vocabs.bcdh.uni-bonn.de/hector_heritage_assets/de/page/concept_65909227,https://vocabs.bcdh.uni-bonn.de/hector_heritage_assets/de/page/concept_fd4cbaed
bapd_270_1,bapd_270_1.jpg,Herakles auf antiker Lekythos (AMPURIAS P*),Lekythos,http://vocabs.bcdh.uni-bonn.de/hector_heritage_assets/concept_5b62f4af,-,Attisch schwarzfigurig,http://vocabs.bcdh.uni-bonn.de/hector_heritage_assets/concept_fd4cbaed,-,-,Attisch,AMPURIAS P* by BOTHMER,ca. 525–475 v. Chr.,Ton,"Palermo, Mormino Collection",769,BAPD 270,https://kerameikos.org/id/lekythos,https://kerameikos.org/id/black_figure,https://kerameikos.org/id/athens,,https://vocabs.bcdh.uni-bonn.de/hector_heritage_assets/de/page/concept_5b62f4af,https://vocabs.bcdh.uni-bonn.de/hector_heritage_assets/de/page/concept_fd4cbaed
bapd_270_2,bapd_270_2.jpg,Herakles auf antiker Lekythos (AMPURIAS P*),Lekythos,http://vocabs.bcdh.uni-bonn.de/hector_heritage_assets/concept_5b62f4af,-,Attisch schwarzfigurig,http://vocabs.bcdh.uni-bonn.de/hector_heritage_assets/concept_fd4cbaed,-,-,Attisch,AMPURIAS P* by BOTHMER,ca. 525–475 v. Chr.,Ton,"Palermo, Mormino Collection",769,BAPD 270,https://kerameikos.org/id/lekythos,https://kerameikos.org/id/black_figure,https://kerameikos.org/id/athens,,https://vocabs.bcdh.uni-bonn.de/hector_heritage_assets/de/page/concept_5b62f4af,https://vocabs.bcdh.uni-bonn.de/hector_heritage_assets/de/page/concept_fd4cbaed
bapd_270_3,bapd_270_3.jpg,Herakles auf antiker Lekythos (AMPURIAS P*),Lekythos,http://vocabs.bcdh.uni-bonn.de/hector_heritage_assets/concept_5b62f4af,-,Attisch schwarzfigurig,http://vocabs.bcdh.uni-bonn.de/hector_heritage_assets/concept_fd4cbaed,-,-,Attisch,AMPURIAS P* by BOTHMER,ca. 525–475 v. Chr.,Ton,"Palermo, Mormino Collection",769,BAPD 270,https://kerameikos.org/id/lekythos,https://kerameikos.org/id/black_figure,https://kerameikos.org/id/athens,,https://vocabs.bcdh.uni-bonn.de/hector_heritage_assets/de/page/concept_5b62f4af,https://vocabs.bcdh.uni-bonn.de/hector_heritage_assets/de/page/concept_fd4cbaed
bapd_270_4,bapd_270_4.jpg,Herakles auf antiker Lekythos (AMPURIAS P*),Lekythos,http://vocabs.bcdh.uni-bonn.de/hector_heritage_assets/concept_5b62f4af,-,Attisch schwarzfigurig,http://vocabs.bcdh.uni-bonn.de/hector_heritage_assets/concept_fd4cbaed,-,-,Attisch,AMPURIAS P* by BOTHMER,ca. 525–475 v. Chr.,Ton,"Palermo, Mormino Collection",769,BAPD 270,https://kerameikos.org/id/lekythos,https://kerameikos.org/id/black_figure,https://kerameikos.org/id/athens,,https://vocabs.bcdh.uni-bonn.de/hector_heritage_assets/de/page/concept_5b62f4af,https://vocabs.bcdh.uni-bonn.de/hector_heritage_assets/de/page/concept_fd4cbaed
bapd_271_1,bapd_271_1.jpg,Dionysos auf antiker Hydria (Manner of PRIAM P),Hydria,http://vocabs.bcdh.uni-bonn.de/hector_heritage_assets/concept_bf070035,-,Attisch schwarzfigurig,http://vocabs.bcdh.uni-bonn.de/hector_heritage_assets/concept_fd4cbaed,-,-,Attisch,Manner of PRIAM P by BOCCI,ca. 525–475 v. Chr.,Ton,"Florence, Museo Archeologico Etrusco",3866,BAPD 271,https://kerameikos.org/id/hydria,https://kerameikos.org/id/black_figure,https://kerameikos.org/id/athens,,https://vocabs.bcdh.uni-bonn.de/hector_heritage_assets/de/page/concept_bf070035,https://vocabs.bcdh.uni-bonn.de/hector_heritage_assets/de/page/concept_fd4cbaed
bapd_271_2,bapd_271_2.jpg,Dionysos auf antiker Hydria (Manner of PRIAM P),Hydria,http://vocabs.bcdh.uni-bonn.de/hector_heritage_assets/concept_bf070035,-,Attisch schwarzfigurig,http://vocabs.bcdh.uni-bonn.de/hector_heritage_assets/concept_fd4cbaed,-,-,Attisch,Manner of PRIAM P by BOCCI,ca. 525–475 v. Chr.,Ton,"Florence, Museo Archeologico Etrusco",3866,BAPD 271,https://kerameikos.org/id/hydria,https://kerameikos.org/id/black_figure,https://kerameikos.org/id/athens,,https://vocabs.bcdh.uni-bonn.de/hector_heritage_assets/de/page/concept_bf070035,https://vocabs.bcdh.uni-bonn.de/hector_heritage_assets/de/page/concept_fd4cbaed
bapd_271_3,bapd_271_3.jpg,Dionysos auf antiker Hydria (Manner of PRIAM P),Hydria,http://vocabs.bcdh.uni-bonn.de/hector_heritage_assets/concept_bf070035,-,Attisch schwarzfigurig,http://vocabs.bcdh.uni-bonn.de/hector_heritage_assets/concept_fd4cbaed,-,-,Attisch,Manner of PRIAM P by BOCCI,ca. 525–475 v. Chr.,Ton,"Florence, Museo Archeologico Etrusco",3866,BAPD 271,https://kerameikos.org/id/hydria,https://kerameikos.org/id/black_figure,https://kerameikos.org/id/athens,,https://vocabs.bcdh.uni-bonn.de/hector_heritage_assets/de/page/concept_bf070035,https://vocabs.bcdh.uni-bonn.de/hector_heritage_assets/de/page/concept_fd4cbaed
bapd_271_4,bapd_271_4.jpg,Dionysos auf antiker Hydria (Manner of PRIAM P),Hydria,http://vocabs.bcdh.uni-bonn.de/hector_heritage_assets/concept_bf070035,-,Attisch schwarzfigurig,http://vocabs.bcdh.uni-bonn.de/hector_heritage_assets/concept_fd4cbaed,-,-,Attisch,Manner of PRIAM P by BOCCI,ca. 525–475 v. Chr.,Ton,"Florence, Museo Archeologico Etrusco",3866,BAPD 271,https://kerameikos.org/id/hydria,https://kerameikos.org/id/black_figure,https://kerameikos.org/id/athens,,https://vocabs.bcdh.uni-bonn.de/hector_heritage_assets/de/page/concept_bf070035,https://vocabs.bcdh.uni-bonn.de/hector_heritage_assets/de/page/concept_fd4cbaed
bapd_271_5,bapd_271_5.jpg,Dionysos auf antiker Hydria (Manner of PRIAM P),Hydria,http://vocabs.bcdh.uni-bonn.de/hector_heritage_assets/concept_bf070035,-,Attisch schwarzfigurig,http://vocabs.bcdh.uni-bonn.de/hector_heritage_assets/concept_fd4cbaed,-,-,Attisch,Manner of PRIAM P by BOCCI,ca. 525–475 v. Chr.,Ton,"Florence, Museo Archeologico Etrusco",3866,BAPD 271,https://kerameikos.org/id/hydria,https://kerameikos.org/id/black_figure,https://kerameikos.org/id/athens,,https://vocabs.bcdh.uni-bonn.de/hector_heritage_assets/de/page/concept_bf070035,https://vocabs.bcdh.uni-bonn.de/hector_heritage_assets/de/page/concept_fd4cbaed
bapd_275_1,bapd_275_1.jpg,Apollon auf antiker Krater (Compare OINOMAOS P),Krater,http://vocabs.bcdh.uni-bonn.de/hector_heritage_assets/concept_4ec3b0ea,-,Attisch Rotfigurig,http://vocabs.bcdh.uni-bonn.de/hector_heritage_assets/concept_69d3cf4c,-,-,Attisch,Compare OINOMAOS P by RODRIGUEZ-PEREZ Compare OINOMAOS P by SANCHEZ,ca. 425–375 v. Chr.,Ton,"London, British Museum",1917.7-21.1,BAPD 275,https://kerameikos.org/id/krater,https://kerameikos.org/id/red_figure,https://kerameikos.org/id/athens,,https://vocabs.bcdh.uni-bonn.de/hector_heritage_assets/de/page/concept_4ec3b0ea,https://vocabs.bcdh.uni-bonn.de/hector_heritage_assets/de/page/concept_69d3cf4c
bapd_275_2,bapd_275_2.jpg,Apollon auf antiker Krater (Compare OINOMAOS P),Krater,http://vocabs.bcdh.uni-bonn.de/hector_heritage_assets/concept_4ec3b0ea,-,Attisch Rotfigurig,http://vocabs.bcdh.uni-bonn.de/hector_heritage_assets/concept_69d3cf4c,-,-,Attisch,Compare OINOMAOS P by RODRIGUEZ-PEREZ Compare OINOMAOS P by SANCHEZ,ca. 425–375 v. Chr.,Ton,"London, British Museum",1917.7-21.1,BAPD 275,https://kerameikos.org/id/krater,https://kerameikos.org/id/red_figure,https://kerameikos.org/id/athens,,https://vocabs.bcdh.uni-bonn.de/hector_heritage_assets/de/page/concept_4ec3b0ea,https://vocabs.bcdh.uni-bonn.de/hector_heritage_assets/de/page/concept_69d3cf4c
bapd_275_3,bapd_275_3.jpg,Apollon auf antiker Krater (Compare OINOMAOS P),Krater,http://vocabs.bcdh.uni-bonn.de/hector_heritage_assets/concept_4ec3b0ea,-,Attisch Rotfigurig,http://vocabs.bcdh.uni-bonn.de/hector_heritage_assets/concept_69d3cf4c,-,-,Attisch,Compare OINOMAOS P by RODRIGUEZ-PEREZ Compare OINOMAOS P by SANCHEZ,ca. 425–375 v. Chr.,Ton,"London, British Museum",1917.7-21.1,BAPD 275,https://kerameikos.org/id/krater,https://kerameikos.org/id/red_figure,https://kerameikos.org/id/athens,,https://vocabs.bcdh.uni-bonn.de/hector_heritage_assets/de/page/concept_4ec3b0ea,https://vocabs.bcdh.uni-bonn.de/hector_heritage_assets/de/page/concept_69d3cf4c
bapd_275_4,bapd_275_4.jpg,Apollon auf antiker Krater (Compare OINOMAOS P),Krater,http://vocabs.bcdh.uni-bonn.de/hector_heritage_assets/concept_4ec3b0ea,-,Attisch Rotfigurig,http://vocabs.bcdh.uni-bonn.de/hector_heritage_assets/concept_69d3cf4c,-,-,Attisch,Compare OINOMAOS P by RODRIGUEZ-PEREZ Compare OINOMAOS P by SANCHEZ,ca. 425–375 v. Chr.,Ton,"London, British Museum",1917.7-21.1,BAPD 275,https://kerameikos.org/id/krater,https://kerameikos.org/id/red_figure,https://kerameikos.org/id/athens,,https://vocabs.bcdh.uni-bonn.de/hector_heritage_assets/de/page/concept_4ec3b0ea,https://vocabs.bcdh.uni-bonn.de/hector_heritage_assets/de/page/concept_69d3cf4c
bapd_275_5,bapd_275_5.jpg,Apollon auf antiker Krater (Compare OINOMAOS P),Krater,http://vocabs.bcdh.uni-bonn.de/hector_heritage_assets/concept_4ec3b0ea,-,Attisch Rotfigurig,http://vocabs.bcdh.uni-bonn.de/hector_heritage_assets/concept_69d3cf4c,-,-,Attisch,Compare OINOMAOS P by RODRIGUEZ-PEREZ Compare OINOMAOS P by SANCHEZ,ca. 425–375 v. Chr.,Ton,"London, British Museum",1917.7-21.1,BAPD 275,https://kerameikos.org/id/krater,https://kerameikos.org/id/red_figure,https://kerameikos.org/id/athens,,https://vocabs.bcdh.uni-bonn.de/hector_heritage_assets/de/page/concept_4ec3b0ea,https://vocabs.bcdh.uni-bonn.de/hector_heritage_assets/de/page/concept_69d3cf4c
bapd_275_6,bapd_275_6.jpg,Apollon auf antiker Krater (Compare OINOMAOS P),Krater,http://vocabs.bcdh.uni-bonn.de/hector_heritage_assets/concept_4ec3b0ea,-,Attisch Rotfigurig,http://vocabs.bcdh.uni-bonn.de/hector_heritage_assets/concept_69d3cf4c,-,-,Attisch,Compare OINOMAOS P by RODRIGUEZ-PEREZ Compare OINOMAOS P by SANCHEZ,ca. 425–375 v. Chr.,Ton,"London, British Museum",1917.7-21.1,BAPD 275,https://kerameikos.org/id/krater,https://kerameikos.org/id/red_figure,https://kerameikos.org/id/athens,,https://vocabs.bcdh.uni-bonn.de/hector_heritage_assets/de/page/concept_4ec3b0ea,https://vocabs.bcdh.uni-bonn.de/hector_heritage_assets/de/page/concept_69d3cf4c
bapd_282_1,bapd_282_1.jpg,Dionysos auf antiker Krater,Krater,http://vocabs.bcdh.uni-bonn.de/hector_heritage_assets/concept_4ec3b0ea,-,Attisch schwarzfigurig,http://vocabs.bcdh.uni-bonn.de/hector_heritage_assets/concept_fd4cbaed,-,-,Attisch,,ca. 550–500 v. Chr.,Ton,"Paris, Musée du Louvre",F311,BAPD 282,https://kerameikos.org/id/krater,https://kerameikos.org/id/black_figure,https://kerameikos.org/id/athens,,https://vocabs.bcdh.uni-bonn.de/hector_heritage_assets/de/page/concept_4ec3b0ea,https://vocabs.bcdh.uni-bonn.de/hector_heritage_assets/de/page/concept_fd4cbaed
bapd_282_2,bapd_282_2.jpg,Dionysos auf antiker Krater,Krater,http://vocabs.bcdh.uni-bonn.de/hector_heritage_assets/concept_4ec3b0ea,-,Attisch schwarzfigurig,http://vocabs.bcdh.uni-bonn.de/hector_heritage_assets/concept_fd4cbaed,-,-,Attisch,,ca. 550–500 v. Chr.,Ton,"Paris, Musée du Louvre",F311,BAPD 282,https://kerameikos.org/id/krater,https://kerameikos.org/id/black_figure,https://kerameikos.org/id/athens,,https://vocabs.bcdh.uni-bonn.de/hector_heritage_assets/de/page/concept_4ec3b0ea,https://vocabs.bcdh.uni-bonn.de/hector_heritage_assets/de/page/concept_fd4cbaed
bapd_282_3,bapd_282_3.jpg,Dionysos auf antiker Krater,Krater,http://vocabs.bcdh.uni-bonn.de/hector_heritage_assets/concept_4ec3b0ea,-,Attisch schwarzfigurig,http://vocabs.bcdh.uni-bonn.de/hector_heritage_assets/concept_fd4cbaed,-,-,Attisch,,ca. 550–500 v. Chr.,Ton,"Paris, Musée du Louvre",F311,BAPD 282,https://kerameikos.org/id/krater,https://kerameikos.org/id/black_figure,https://kerameikos.org/id/athens,,https://vocabs.bcdh.uni-bonn.de/hector_heritage_assets/de/page/concept_4ec3b0ea,https://vocabs.bcdh.uni-bonn.de/hector_heritage_assets/de/page/concept_fd4cbaed
bapd_282_4,bapd_282_4.jpg,Dionysos auf antiker Krater,Krater,http://vocabs.bcdh.uni-bonn.de/hector_heritage_assets/concept_4ec3b0ea,-,Attisch schwarzfigurig,http://vocabs.bcdh.uni-bonn.de/hector_heritage_assets/concept_fd4cbaed,-,-,Attisch,,ca. 550–500 v. Chr.,Ton,"Paris, Musée du Louvre",F311,BAPD 282,https://kerameikos.org/id/krater,https://kerameikos.org/id/black_figure,https://kerameikos.org/id/athens,,https://vocabs.bcdh.uni-bonn.de/hector_heritage_assets/de/page/concept_4ec3b0ea,https://vocabs.bcdh.uni-bonn.de/hector_heritage_assets/de/page/concept_fd4cbaed
bapd_29_1,bapd_29_1.jpg,Apollon auf antiker Halsamphora,Transportamphora,http://vocabs.bcdh.uni-bonn.de/hector_heritage_assets/concept_65909227,-,Attisch schwarzfigurig,http://vocabs.bcdh.uni-bonn.de/hector_heritage_assets/concept_fd4cbaed,-,-,Attisch,,ca. 525–475 v. Chr.,Ton,"New York (N.Y.), market, Christie's",,BAPD 29,https://kerameikos.org/id/amphora,https://kerameikos.org/id/black_figure,https://kerameikos.org/id/athens,,https://vocabs.bcdh.uni-bonn.de/hector_heritage_assets/de/page/concept_65909227,https://vocabs.bcdh.uni-bonn.de/hector_heritage_assets/de/page/concept_fd4cbaed
bapd_29_2,bapd_29_2.jpg,Apollon auf antiker Halsamphora,Transportamphora,http://vocabs.bcdh.uni-bonn.de/hector_heritage_assets/concept_65909227,-,Attisch schwarzfigurig,http://vocabs.bcdh.uni-bonn.de/hector_heritage_assets/concept_fd4cbaed,-,-,Attisch,,ca. 525–475 v. Chr.,Ton,"New York (N.Y.), market, Christie's",,BAPD 29,https://kerameikos.org/id/amphora,https://kerameikos.org/id/black_figure,https://kerameikos.org/id/athens,,https://vocabs.bcdh.uni-bonn.de/hector_heritage_assets/de/page/concept_65909227,https://vocabs.bcdh.uni-bonn.de/hector_heritage_assets/de/page/concept_fd4cbaed
bapd_29_3,bapd_29_3.jpg,Apollon auf antiker Halsamphora,Transportamphora,http://vocabs.bcdh.uni-bonn.de/hector_heritage_assets/concept_65909227,-,Attisch schwarzfigurig,http://vocabs.bcdh.uni-bonn.de/hector_heritage_assets/concept_fd4cbaed,-,-,Attisch,,ca. 525–475 v. Chr.,Ton,"New York (N.Y.), market, Christie's",,BAPD 29,https://kerameikos.org/id/amphora,https://kerameikos.org/id/black_figure,https://kerameikos.org/id/athens,,https://vocabs.bcdh.uni-bonn.de/hector_heritage_assets/de/page/concept_65909227,https://vocabs.bcdh.uni-bonn.de/hector_heritage_assets/de/page/concept_fd4cbaed
bapd_29_4,bapd_29_4.jpg,Apollon auf antiker Halsamphora,Transportamphora,http://vocabs.bcdh.uni-bonn.de/hector_heritage_assets/concept_65909227,-,Attisch schwarzfigurig,http://vocabs.bcdh.uni-bonn.de/hector_heritage_assets/concept_fd4cbaed,-,-,Attisch,,ca. 525–475 v. Chr.,Ton,"New York (N.Y.), market, Christie's",,BAPD 29,https://kerameikos.org/id/amphora,https://kerameikos.org/id/black_figure,https://kerameikos.org/id/athens,,https://vocabs.bcdh.uni-bonn.de/hector_heritage_assets/de/page/concept_65909227,https://vocabs.bcdh.uni-bonn.de/hector_heritage_assets/de/page/concept_fd4cbaed
bapd_29_5,bapd_29_5.jpg,Apollon auf antiker Halsamphora,Transportamphora,http://vocabs.bcdh.uni-bonn.de/hector_heritage_assets/concept_65909227,-,Attisch schwarzfigurig,http://vocabs.bcdh.uni-bonn.de/hector_heritage_assets/concept_fd4cbaed,-,-,Attisch,,ca. 525–475 v. Chr.,Ton,"New York (N.Y.), market, Christie's",,BAPD 29,https://kerameikos.org/id/amphora,https://kerameikos.org/id/black_figure,https://kerameikos.org/id/athens,,https://vocabs.bcdh.uni-bonn.de/hector_heritage_assets/de/page/concept_65909227,https://vocabs.bcdh.uni-bonn.de/hector_heritage_assets/de/page/concept_fd4cbaed
bapd_29_6,bapd_29_6.jpg,Apollon auf antiker Halsamphora,Transportamphora,http://vocabs.bcdh.uni-bonn.de/hector_heritage_assets/concept_65909227,-,Attisch schwarzfigurig,http://vocabs.bcdh.uni-bonn.de/hector_heritage_assets/concept_fd4cbaed,-,-,Attisch,,ca. 525–475 v. Chr.,Ton,"New York (N.Y.), market, Christie's",,BAPD 29,https://kerameikos.org/id/amphora,https://kerameikos.org/id/black_figure,https://kerameikos.org/id/athens,,https://vocabs.bcdh.uni-bonn.de/hector_heritage_assets/de/page/concept_65909227,https://vocabs.bcdh.uni-bonn.de/hector_heritage_assets/de/page/concept_fd4cbaed
bapd_29_7,bapd_29_7.jpg,Apollon auf antiker Halsamphora,Transportamphora,http://vocabs.bcdh.uni-bonn.de/hector_heritage_assets/concept_65909227,-,Attisch schwarzfigurig,http://vocabs.bcdh.uni-bonn.de/hector_heritage_assets/concept_fd4cbaed,-,-,Attisch,,ca. 525–475 v. Chr.,Ton,"New York (N.Y.), market, Christie's",,BAPD 29,https://kerameikos.org/id/amphora,https://kerameikos.org/id/black_figure,https://kerameikos.org/id/athens,,https://vocabs.bcdh.uni-bonn.de/hector_heritage_assets/de/page/concept_65909227,https://vocabs.bcdh.uni-bonn.de/hector_heritage_assets/de/page/concept_fd4cbaed
bapd_29_8,bapd_29_8.jpg,Apollon auf antiker Halsamphora,Transportamphora,http://vocabs.bcdh.uni-bonn.de/hector_heritage_assets/concept_65909227,-,Attisch schwarzfigurig,http://vocabs.bcdh.uni-bonn.de/hector_heritage_assets/concept_fd4cbaed,-,-,Attisch,,ca. 525–475 v. Chr.,Ton,"New York (N.Y.), market, Christie's",,BAPD 29,https://kerameikos.org/id/amphora,https://kerameikos.org/id/black_figure,https://kerameikos.org/id/athens,,https://vocabs.bcdh.uni-bonn.de/hector_heritage_assets/de/page/concept_65909227,https://vocabs.bcdh.uni-bonn.de/hector_heritage_assets/de/page/concept_fd4cbaed
bapd_29_9,bapd_29_9.jpg,Apollon auf antiker Halsamphora,Transportamphora,http://vocabs.bcdh.uni-bonn.de/hector_heritage_assets/concept_65909227,-,Attisch schwarzfigurig,http://vocabs.bcdh.uni-bonn.de/hector_heritage_assets/concept_fd4cbaed,-,-,Attisch,,ca. 525–475 v. Chr.,Ton,"New York (N.Y.), market, Christie's",,BAPD 29,https://kerameikos.org/id/amphora,https://kerameikos.org/id/black_figure,https://kerameikos.org/id/athens,,https://vocabs.bcdh.uni-bonn.de/hector_heritage_assets/de/page/concept_65909227,https://vocabs.bcdh.uni-bonn.de/hector_heritage_assets/de/page/concept_fd4cbaed
bapd_306_1,bapd_306_1.jpg,Athena auf antiker Halsamphora,Transportamphora,http://vocabs.bcdh.uni-bonn.de/hector_heritage_assets/concept_65909227,-,Attisch schwarzfigurig,http://vocabs.bcdh.uni-bonn.de/hector_heritage_assets/concept_fd4cbaed,-,-,Attisch,,ca. 525–475 v. Chr.,Ton,"London, market, Bonhams",,BAPD 306,https://kerameikos.org/id/amphora,https://kerameikos.org/id/black_figure,https://kerameikos.org/id/athens,,https://vocabs.bcdh.uni-bonn.de/hector_heritage_assets/de/page/concept_65909227,https://vocabs.bcdh.uni-bonn.de/hector_heritage_assets/de/page/concept_fd4cbaed
bapd_306_2,bapd_306_2.jpg,Athena auf antiker Halsamphora,Transportamphora,http://vocabs.bcdh.uni-bonn.de/hector_heritage_assets/concept_65909227,-,Attisch schwarzfigurig,http://vocabs.bcdh.uni-bonn.de/hector_heritage_assets/concept_fd4cbaed,-,-,Attisch,,ca. 525–475 v. Chr.,Ton,"London, market, Bonhams",,BAPD 306,https://kerameikos.org/id/amphora,https://kerameikos.org/id/black_figure,https://kerameikos.org/id/athens,,https://vocabs.bcdh.uni-bonn.de/hector_heritage_assets/de/page/concept_65909227,https://vocabs.bcdh.uni-bonn.de/hector_heritage_assets/de/page/concept_fd4cbaed
bapd_306_3,bapd_306_3.jpg,Athena auf antiker Halsamphora,Transportamphora,http://vocabs.bcdh.uni-bonn.de/hector_heritage_assets/concept_65909227,-,Attisch schwarzfigurig,http://vocabs.bcdh.uni-bonn.de/hector_heritage_assets/concept_fd4cbaed,-,-,Attisch,,ca. 525–475 v. Chr.,Ton,"London, market, Bonhams",,BAPD 306,https://kerameikos.org/id/amphora,https://kerameikos.org/id/black_figure,https://kerameikos.org/id/athens,,https://vocabs.bcdh.uni-bonn.de/hector_heritage_assets/de/page/concept_65909227,https://vocabs.bcdh.uni-bonn.de/hector_heritage_assets/de/page/concept_fd4cbaed
bapd_306_4,bapd_306_4.jpg,Athena auf antiker Halsamphora,Transportamphora,http://vocabs.bcdh.uni-bonn.de/hector_heritage_assets/concept_65909227,-,Attisch schwarzfigurig,http://vocabs.bcdh.uni-bonn.de/hector_heritage_assets/concept_fd4cbaed,-,-,Attisch,,ca. 525–475 v. Chr.,Ton,"London, market, Bonhams",,BAPD 306,https://kerameikos.org/id/amphora,https://kerameikos.org/id/black_figure,https://kerameikos.org/id/athens,,https://vocabs.bcdh.uni-bonn.de/hector_heritage_assets/de/page/concept_65909227,https://vocabs.bcdh.uni-bonn.de/hector_heritage_assets/de/page/concept_fd4cbaed
bapd_306_5,bapd_306_5.jpg,Athena auf antiker Halsamphora,Transportamphora,http://vocabs.bcdh.uni-bonn.de/hector_heritage_assets/concept_65909227,-,Attisch schwarzfigurig,http://vocabs.bcdh.uni-bonn.de/hector_heritage_assets/concept_fd4cbaed,-,-,Attisch,,ca. 525–475 v. Chr.,Ton,"London, market, Bonhams",,BAPD 306,https://kerameikos.org/id/amphora,https://kerameikos.org/id/black_figure,https://kerameikos.org/id/athens,,https://vocabs.bcdh.uni-bonn.de/hector_heritage_assets/de/page/concept_65909227,https://vocabs.bcdh.uni-bonn.de/hector_heritage_assets/de/page/concept_fd4cbaed
bapd_308_1,bapd_308_1.jpg,Apollon auf antiker Dinos (BERLIN P),Dinos,http://vocabs.bcdh.uni-bonn.de/hector_heritage_assets/concept_2b10bc00,-,Attisch Rotfigurig,http://vocabs.bcdh.uni-bonn.de/hector_heritage_assets/concept_69d3cf4c,-,-,Attisch,BERLIN P by UNKNOWN,ca. 500–450 v. Chr.,Ton,"Basel, Antikenmuseum und Sammlung Ludwig",LU39,BAPD 308,https://kerameikos.org/id/dinos,https://kerameikos.org/id/red_figure,https://kerameikos.org/id/athens,https://kerameikos.org/id/berlin_painter,https://vocabs.bcdh.uni-bonn.de/hector_heritage_assets/de/page/concept_2b10bc00,https://vocabs.bcdh.uni-bonn.de/hector_heritage_assets/de/page/concept_69d3cf4c
bapd_308_2,bapd_308_2.jpg,Apollon auf antiker Dinos (BERLIN P),Dinos,http://vocabs.bcdh.uni-bonn.de/hector_heritage_assets/concept_2b10bc00,-,Attisch Rotfigurig,http://vocabs.bcdh.uni-bonn.de/hector_heritage_assets/concept_69d3cf4c,-,-,Attisch,BERLIN P by UNKNOWN,ca. 500–450 v. Chr.,Ton,"Basel, Antikenmuseum und Sammlung Ludwig",LU39,BAPD 308,https://kerameikos.org/id/dinos,https://kerameikos.org/id/red_figure,https://kerameikos.org/id/athens,https://kerameikos.org/id/berlin_painter,https://vocabs.bcdh.uni-bonn.de/hector_heritage_assets/de/page/concept_2b10bc00,https://vocabs.bcdh.uni-bonn.de/hector_heritage_assets/de/page/concept_69d3cf4c
bapd_308_3,bapd_308_3.jpg,Apollon auf antiker Dinos (BERLIN P),Dinos,http://vocabs.bcdh.uni-bonn.de/hector_heritage_assets/concept_2b10bc00,-,Attisch Rotfigurig,http://vocabs.bcdh.uni-bonn.de/hector_heritage_assets/concept_69d3cf4c,-,-,Attisch,BERLIN P by UNKNOWN,ca. 500–450 v. Chr.,Ton,"Basel, Antikenmuseum und Sammlung Ludwig",LU39,BAPD 308,https://kerameikos.org/id/dinos,https://kerameikos.org/id/red_figure,https://kerameikos.org/id/athens,https://kerameikos.org/id/berlin_painter,https://vocabs.bcdh.uni-bonn.de/hector_heritage_assets/de/page/concept_2b10bc00,https://vocabs.bcdh.uni-bonn.de/hector_heritage_assets/de/page/concept_69d3cf4c
bapd_310_1,bapd_310_1.jpg,Apollon auf antiker Krater (LYKOMEDES P*),Krater,http://vocabs.bcdh.uni-bonn.de/hector_heritage_assets/concept_4ec3b0ea,-,Attisch schwarzfigurig,http://vocabs.bcdh.uni-bonn.de/hector_heritage_assets/concept_fd4cbaed,-,-,Attisch,LYKOMEDES P* by BOTHMER,ca. 525–475 v. Chr.,Ton,"New York (N.Y.), Metropolitan Museum",07.286.78,BAPD 310,https://kerameikos.org/id/krater,https://kerameikos.org/id/black_figure,https://kerameikos.org/id/athens,,https://vocabs.bcdh.uni-bonn.de/hector_heritage_assets/de/page/concept_4ec3b0ea,https://vocabs.bcdh.uni-bonn.de/hector_heritage_assets/de/page/concept_fd4cbaed
bapd_310_2,bapd_310_2.jpg,Apollon auf antiker Krater (LYKOMEDES P*),Krater,http://vocabs.bcdh.uni-bonn.de/hector_heritage_assets/concept_4ec3b0ea,-,Attisch schwarzfigurig,http://vocabs.bcdh.uni-bonn.de/hector_heritage_assets/concept_fd4cbaed,-,-,Attisch,LYKOMEDES P* by BOTHMER,ca. 525–475 v. Chr.,Ton,"New York (N.Y.), Metropolitan Museum",07.286.78,BAPD 310,https://kerameikos.org/id/krater,https://kerameikos.org/id/black_figure,https://kerameikos.org/id/athens,,https://vocabs.bcdh.uni-bonn.de/hector_heritage_assets/de/page/concept_4ec3b0ea,https://vocabs.bcdh.uni-bonn.de/hector_heritage_assets/de/page/concept_fd4cbaed
bapd_310_3,bapd_310_3.jpg,Apollon auf antiker Krater (LYKOMEDES P*),Krater,http://vocabs.bcdh.uni-bonn.de/hector_heritage_assets/concept_4ec3b0ea,-,Attisch schwarzfigurig,http://vocabs.bcdh.uni-bonn.de/hector_heritage_assets/concept_fd4cbaed,-,-,Attisch,LYKOMEDES P* by BOTHMER,ca. 525–475 v. Chr.,Ton,"New York (N.Y.), Metropolitan Museum",07.286.78,BAPD 310,https://kerameikos.org/id/krater,https://kerameikos.org/id/black_figure,https://kerameikos.org/id/athens,,https://vocabs.bcdh.uni-bonn.de/hector_heritage_assets/de/page/concept_4ec3b0ea,https://vocabs.bcdh.uni-bonn.de/hector_heritage_assets/de/page/concept_fd4cbaed
bapd_310_4,bapd_310_4.jpg,Apollon auf antiker Krater (LYKOMEDES P*),Krater,http://vocabs.bcdh.uni-bonn.de/hector_heritage_assets/concept_4ec3b0ea,-,Attisch schwarzfigurig,http://vocabs.bcdh.uni-bonn.de/hector_heritage_assets/concept_fd4cbaed,-,-,Attisch,LYKOMEDES P* by BOTHMER,ca. 525–475 v. Chr.,Ton,"New York (N.Y.), Metropolitan Museum",07.286.78,BAPD 310,https://kerameikos.org/id/krater,https://kerameikos.org/id/black_figure,https://kerameikos.org/id/athens,,https://vocabs.bcdh.uni-bonn.de/hector_heritage_assets/de/page/concept_4ec3b0ea,https://vocabs.bcdh.uni-bonn.de/hector_heritage_assets/de/page/concept_fd4cbaed
bapd_310_5,bapd_310_5.jpg,Apollon auf antiker Krater (LYKOMEDES P*),Krater,http://vocabs.bcdh.uni-bonn.de/hector_heritage_assets/concept_4ec3b0ea,-,Attisch schwarzfigurig,http://vocabs.bcdh.uni-bonn.de/hector_heritage_assets/concept_fd4cbaed,-,-,Attisch,LYKOMEDES P* by BOTHMER,ca. 525–475 v. Chr.,Ton,"New York (N.Y.), Metropolitan Museum",07.286.78,BAPD 310,https://kerameikos.org/id/krater,https://kerameikos.org/id/black_figure,https://kerameikos.org/id/athens,,https://vocabs.bcdh.uni-bonn.de/hector_heritage_assets/de/page/concept_4ec3b0ea,https://vocabs.bcdh.uni-bonn.de/hector_heritage_assets/de/page/concept_fd4cbaed
bapd_310_6,bapd_310_6.jpg,Apollon auf antiker Krater (LYKOMEDES P*),Krater,http://vocabs.bcdh.uni-bonn.de/hector_heritage_assets/concept_4ec3b0ea,-,Attisch schwarzfigurig,http://vocabs.bcdh.uni-bonn.de/hector_heritage_assets/concept_fd4cbaed,-,-,Attisch,LYKOMEDES P* by BOTHMER,ca. 525–475 v. Chr.,Ton,"New York (N.Y.), Metropolitan Museum",07.286.78,BAPD 310,https://kerameikos.org/id/krater,https://kerameikos.org/id/black_figure,https://kerameikos.org/id/athens,,https://vocabs.bcdh.uni-bonn.de/hector_heritage_assets/de/page/concept_4ec3b0ea,https://vocabs.bcdh.uni-bonn.de/hector_heritage_assets/de/page/concept_fd4cbaed
bapd_310_7,bapd_310_7.jpg,Apollon auf antiker Krater (LYKOMEDES P*),Krater,http://vocabs.bcdh.uni-bonn.de/hector_heritage_assets/concept_4ec3b0ea,-,Attisch schwarzfigurig,http://vocabs.bcdh.uni-bonn.de/hector_heritage_assets/concept_fd4cbaed,-,-,Attisch,LYKOMEDES P* by BOTHMER,ca. 525–475 v. Chr.,Ton,"New York (N.Y.), Metropolitan Museum",07.286.78,BAPD 310,https://kerameikos.org/id/krater,https://kerameikos.org/id/black_figure,https://kerameikos.org/id/athens,,https://vocabs.bcdh.uni-bonn.de/hector_heritage_assets/de/page/concept_4ec3b0ea,https://vocabs.bcdh.uni-bonn.de/hector_heritage_assets/de/page/concept_fd4cbaed
bapd_311_1,bapd_311_1.jpg,Apollon auf antiker Lekythos,Lekythos,http://vocabs.bcdh.uni-bonn.de/hector_heritage_assets/concept_5b62f4af,-,Attisch schwarzfigurig,http://vocabs.bcdh.uni-bonn.de/hector_heritage_assets/concept_fd4cbaed,-,-,Attisch,,ca. 525–475 v. Chr.,Ton,"New York (N.Y.), Metropolitan Museum",67.11.22,BAPD 311,https://kerameikos.org/id/lekythos,https://kerameikos.org/id/black_figure,https://kerameikos.org/id/athens,,https://vocabs.bcdh.uni-bonn.de/hector_heritage_assets/de/page/concept_5b62f4af,https://vocabs.bcdh.uni-bonn.de/hector_heritage_assets/de/page/concept_fd4cbaed
bapd_311_2,bapd_311_2.jpg,Apollon auf antiker Lekythos,Lekythos,http://vocabs.bcdh.uni-bonn.de/hector_heritage_assets/concept_5b62f4af,-,Attisch schwarzfigurig,http://vocabs.bcdh.uni-bonn.de/hector_heritage_assets/concept_fd4cbaed,-,-,Attisch,,ca. 525–475 v. Chr.,Ton,"New York (N.Y.), Metropolitan Museum",67.11.22,BAPD 311,https://kerameikos.org/id/lekythos,https://kerameikos.org/id/black_figure,https://kerameikos.org/id/athens,,https://vocabs.bcdh.uni-bonn.de/hector_heritage_assets/de/page/concept_5b62f4af,https://vocabs.bcdh.uni-bonn.de/hector_heritage_assets/de/page/concept_fd4cbaed
bapd_311_3,bapd_311_3.jpg,Apollon auf antiker Lekythos,Lekythos,http://vocabs.bcdh.uni-bonn.de/hector_heritage_assets/concept_5b62f4af,-,Attisch schwarzfigurig,http://vocabs.bcdh.uni-bonn.de/hector_heritage_assets/concept_fd4cbaed,-,-,Attisch,,ca. 525–475 v. Chr.,Ton,"New York (N.Y.), Metropolitan Museum",67.11.22,BAPD 311,https://kerameikos.org/id/lekythos,https://kerameikos.org/id/black_figure,https://kerameikos.org/id/athens,,https://vocabs.bcdh.uni-bonn.de/hector_heritage_assets/de/page/concept_5b62f4af,https://vocabs.bcdh.uni-bonn.de/hector_heritage_assets/de/page/concept_fd4cbaed
bapd_311_4,bapd_311_4.jpg,Apollon auf antiker Lekythos,Lekythos,http://vocabs.bcdh.uni-bonn.de/hector_heritage_assets/concept_5b62f4af,-,Attisch schwarzfigurig,http://vocabs.bcdh.uni-bonn.de/hector_heritage_assets/concept_fd4cbaed,-,-,Attisch,,ca. 525–475 v. Chr.,Ton,"New York (N.Y.), Metropolitan Museum",67.11.22,BAPD 311,https://kerameikos.org/id/lekythos,https://kerameikos.org/id/black_figure,https://kerameikos.org/id/athens,,https://vocabs.bcdh.uni-bonn.de/hector_heritage_assets/de/page/concept_5b62f4af,https://vocabs.bcdh.uni-bonn.de/hector_heritage_assets/de/page/concept_fd4cbaed
bapd_311_5,bapd_311_5.jpg,Apollon auf antiker Lekythos,Lekythos,http://vocabs.bcdh.uni-bonn.de/hector_heritage_assets/concept_5b62f4af,-,Attisch schwarzfigurig,http://vocabs.bcdh.uni-bonn.de/hector_heritage_assets/concept_fd4cbaed,-,-,Attisch,,ca. 525–475 v. Chr.,Ton,"New York (N.Y.), Metropolitan Museum",67.11.22,BAPD 311,https://kerameikos.org/id/lekythos,https://kerameikos.org/id/black_figure,https://kerameikos.org/id/athens,,https://vocabs.bcdh.uni-bonn.de/hector_heritage_assets/de/page/concept_5b62f4af,https://vocabs.bcdh.uni-bonn.de/hector_heritage_assets/de/page/concept_fd4cbaed
bapd_318_1,bapd_318_1.jpg,Athena auf antiker Skyphos (TRIPTOLEMOS P),Skyphos,http://vocabs.bcdh.uni-bonn.de/hector_heritage_assets/concept_9961a74e,-,Attisch Rotfigurig,http://vocabs.bcdh.uni-bonn.de/hector_heritage_assets/concept_69d3cf4c,-,-,Attisch,TRIPTOLEMOS P by UNKNOWN,ca. 500–450 v. Chr.,Ton,"Berlin, Antikensammlung",1970.9,BAPD 318,https://kerameikos.org/id/skyphos,https://kerameikos.org/id/red_figure,https://kerameikos.org/id/athens,,https://vocabs.bcdh.uni-bonn.de/hector_heritage_assets/de/page/concept_9961a74e,https://vocabs.bcdh.uni-bonn.de/hector_heritage_assets/de/page/concept_69d3cf4c
bapd_318_2,bapd_318_2.jpg,Athena auf antiker Skyphos (TRIPTOLEMOS P),Skyphos,http://vocabs.bcdh.uni-bonn.de/hector_heritage_assets/concept_9961a74e,-,Attisch Rotfigurig,http://vocabs.bcdh.uni-bonn.de/hector_heritage_assets/concept_69d3cf4c,-,-,Attisch,TRIPTOLEMOS P by UNKNOWN,ca. 500–450 v. Chr.,Ton,"Berlin, Antikensammlung",1970.9,BAPD 318,https://kerameikos.org/id/skyphos,https://kerameikos.org/id/red_figure,https://kerameikos.org/id/athens,,https://vocabs.bcdh.uni-bonn.de/hector_heritage_assets/de/page/concept_9961a74e,https://vocabs.bcdh.uni-bonn.de/hector_heritage_assets/de/page/concept_69d3cf4c
bapd_318_3,bapd_318_3.jpg,Athena auf antiker Skyphos (TRIPTOLEMOS P),Skyphos,http://vocabs.bcdh.uni-bonn.de/hector_heritage_assets/concept_9961a74e,-,Attisch Rotfigurig,http://vocabs.bcdh.uni-bonn.de/hector_heritage_assets/concept_69d3cf4c,-,-,Attisch,TRIPTOLEMOS P by UNKNOWN,ca. 500–450 v. Chr.,Ton,"Berlin, Antikensammlung",1970.9,BAPD 318,https://kerameikos.org/id/skyphos,https://kerameikos.org/id/red_figure,https://kerameikos.org/id/athens,,https://vocabs.bcdh.uni-bonn.de/hector_heritage_assets/de/page/concept_9961a74e,https://vocabs.bcdh.uni-bonn.de/hector_heritage_assets/de/page/concept_69d3cf4c
bapd_318_4,bapd_318_4.jpg,Athena auf antiker Skyphos (TRIPTOLEMOS P),Skyphos,http://vocabs.bcdh.uni-bonn.de/hector_heritage_assets/concept_9961a74e,-,Attisch Rotfigurig,http://vocabs.bcdh.uni-bonn.de/hector_heritage_assets/concept_69d3cf4c,-,-,Attisch,TRIPTOLEMOS P by UNKNOWN,ca. 500–450 v. Chr.,Ton,"Berlin, Antikensammlung",1970.9,BAPD 318,https://kerameikos.org/id/skyphos,https://kerameikos.org/id/red_figure,https://kerameikos.org/id/athens,,https://vocabs.bcdh.uni-bonn.de/hector_heritage_assets/de/page/concept_9961a74e,https://vocabs.bcdh.uni-bonn.de/hector_heritage_assets/de/page/concept_69d3cf4c
bapd_318_5,bapd_318_5.jpg,Athena auf antiker Skyphos (TRIPTOLEMOS P),Skyphos,http://vocabs.bcdh.uni-bonn.de/hector_heritage_assets/concept_9961a74e,-,Attisch Rotfigurig,http://vocabs.bcdh.uni-bonn.de/hector_heritage_assets/concept_69d3cf4c,-,-,Attisch,TRIPTOLEMOS P by UNKNOWN,ca. 500–450 v. Chr.,Ton,"Berlin, Antikensammlung",1970.9,BAPD 318,https://kerameikos.org/id/skyphos,https://kerameikos.org/id/red_figure,https://kerameikos.org/id/athens,,https://vocabs.bcdh.uni-bonn.de/hector_heritage_assets/de/page/concept_9961a74e,https://vocabs.bcdh.uni-bonn.de/hector_heritage_assets/de/page/concept_69d3cf4c
bapd_318_6,bapd_318_6.jpg,Athena auf antiker Skyphos (TRIPTOLEMOS P),Skyphos,http://vocabs.bcdh.uni-bonn.de/hector_heritage_assets/concept_9961a74e,-,Attisch Rotfigurig,http://vocabs.bcdh.uni-bonn.de/hector_heritage_assets/concept_69d3cf4c,-,-,Attisch,TRIPTOLEMOS P by UNKNOWN,ca. 500–450 v. Chr.,Ton,"Berlin, Antikensammlung",1970.9,BAPD 318,https://kerameikos.org/id/skyphos,https://kerameikos.org/id/red_figure,https://kerameikos.org/id/athens,,https://vocabs.bcdh.uni-bonn.de/hector_heritage_assets/de/page/concept_9961a74e,https://vocabs.bcdh.uni-bonn.de/hector_heritage_assets/de/page/concept_69d3cf4c
bapd_318_7,bapd_318_7.jpg,Athena auf antiker Skyphos (TRIPTOLEMOS P),Skyphos,http://vocabs.bcdh.uni-bonn.de/hector_heritage_assets/concept_9961a74e,-,Attisch Rotfigurig,http://vocabs.bcdh.uni-bonn.de/hector_heritage_assets/concept_69d3cf4c,-,-,Attisch,TRIPTOLEMOS P by UNKNOWN,ca. 500–450 v. Chr.,Ton,"Berlin, Antikensammlung",1970.9,BAPD 318,https://kerameikos.org/id/skyphos,https://kerameikos.org/id/red_figure,https://kerameikos.org/id/athens,,https://vocabs.bcdh.uni-bonn.de/hector_heritage_assets/de/page/concept_9961a74e,https://vocabs.bcdh.uni-bonn.de/hector_heritage_assets/de/page/concept_69d3cf4c
bapd_319_1,bapd_319_1.jpg,Dionysos auf antiker Skyphos,Skyphos,http://vocabs.bcdh.uni-bonn.de/hector_heritage_assets/concept_9961a74e,-,Attisch schwarzfigurig,http://vocabs.bcdh.uni-bonn.de/hector_heritage_assets/concept_fd4cbaed,-,-,Attisch,,ca. 600–550 v. Chr.,Ton,"Athens, National Museum, Acropolis Collection",1.603,BAPD 319,https://kerameikos.org/id/skyphos,https://kerameikos.org/id/black_figure,https://kerameikos.org/id/athens,,https://vocabs.bcdh.uni-bonn.de/hector_heritage_assets/de/page/concept_9961a74e,https://vocabs.bcdh.uni-bonn.de/hector_heritage_assets/de/page/concept_fd4cbaed
bapd_319_2,bapd_319_2.jpg,Dionysos auf antiker Skyphos,Skyphos,http://vocabs.bcdh.uni-bonn.de/hector_heritage_assets/concept_9961a74e,-,Attisch schwarzfigurig,http://vocabs.bcdh.uni-bonn.de/hector_heritage_assets/concept_fd4cbaed,-,-,Attisch,,ca. 600–550 v. Chr.,Ton,"Athens, National Museum, Acropolis Collection",1.603,BAPD 319,https://kerameikos.org/id/skyphos,https://kerameikos.org/id/black_figure,https://kerameikos.org/id/athens,,https://vocabs.bcdh.uni-bonn.de/hector_heritage_assets/de/page/concept_9961a74e,https://vocabs.bcdh.uni-bonn.de/hector_heritage_assets/de/page/concept_fd4cbaed
bapd_319_3,bapd_319_3.jpg,Dionysos auf antiker Skyphos,Skyphos,http://vocabs.bcdh.uni-bonn.de/hector_heritage_assets/concept_9961a74e,-,Attisch schwarzfigurig,http://vocabs.bcdh.uni-bonn.de/hector_heritage_assets/concept_fd4cbaed,-,-,Attisch,,ca. 600–550 v. Chr.,Ton,"Athens, National Museum, Acropolis Collection",1.603,BAPD 319,https://kerameikos.org/id/skyphos,https://kerameikos.org/id/black_figure,https://kerameikos.org/id/athens,,https://vocabs.bcdh.uni-bonn.de/hector_heritage_assets/de/page/concept_9961a74e,https://vocabs.bcdh.uni-bonn.de/hector_heritage_assets/de/page/concept_fd4cbaed
bapd_319_4,bapd_319_4.jpg,Dionysos auf antiker Skyphos,Skyphos,http://vocabs.bcdh.uni-bonn.de/hector_heritage_assets/concept_9961a74e,-,Attisch schwarzfigurig,http://vocabs.bcdh.uni-bonn.de/hector_heritage_assets/concept_fd4cbaed,-,-,Attisch,,ca. 600–550 v. Chr.,Ton,"Athens, National Museum, Acropolis Collection",1.603,BAPD 319,https://kerameikos.org/id/skyphos,https://kerameikos.org/id/black_figure,https://kerameikos.org/id/athens,,https://vocabs.bcdh.uni-bonn.de/hector_heritage_assets/de/page/concept_9961a74e,https://vocabs.bcdh.uni-bonn.de/hector_heritage_assets/de/page/concept_fd4cbaed
bapd_319_5,bapd_319_5.jpg,Dionysos auf antiker Skyphos,Skyphos,http://vocabs.bcdh.uni-bonn.de/hector_heritage_assets/concept_9961a74e,-,Attisch schwarzfigurig,http://vocabs.bcdh.uni-bonn.de/hector_heritage_assets/concept_fd4cbaed,-,-,Attisch,,ca. 600–550 v. Chr.,Ton,"Athens, National Museum, Acropolis Collection",1.603,BAPD 319,https://kerameikos.org/id/skyphos,https://kerameikos.org/id/black_figure,https://kerameikos.org/id/athens,,https://vocabs.bcdh.uni-bonn.de/hector_heritage_assets/de/page/concept_9961a74e,https://vocabs.bcdh.uni-bonn.de/hector_heritage_assets/de/page/concept_fd4cbaed
bapd_319_6,bapd_319_6.jpg,Dionysos auf antiker Skyphos,Skyphos,http://vocabs.bcdh.uni-bonn.de/hector_heritage_assets/concept_9961a74e,-,Attisch schwarzfigurig,http://vocabs.bcdh.uni-bonn.de/hector_heritage_assets/concept_fd4cbaed,-,-,Attisch,,ca. 600–550 v. Chr.,Ton,"Athens, National Museum, Acropolis Collection",1.603,BAPD 319,https://kerameikos.org/id/skyphos,https://kerameikos.org/id/black_figure,https://kerameikos.org/id/athens,,https://vocabs.bcdh.uni-bonn.de/hector_heritage_assets/de/page/concept_9961a74e,https://vocabs.bcdh.uni-bonn.de/hector_heritage_assets/de/page/concept_fd4cbaed
bapd_352_1,bapd_352_1.jpg,Herakles auf antiker Kylix (SKYTHES),Trinkschale,http://vocabs.bcdh.uni-bonn.de/hector_heritage_assets/concept_b1d6ebaf,-,Attisch Rotfigurig,http://vocabs.bcdh.uni-bonn.de/hector_heritage_assets/concept_69d3cf4c,-,-,Attisch,SKYTHES by UNKNOWN,ca. 525–475 v. Chr.,Ton,"Beverly Hills (CA), market, Summa Galleries",93.11.11,BAPD 352,https://kerameikos.org/id/kylix,https://kerameikos.org/id/red_figure,https://kerameikos.org/id/athens,,https://vocabs.bcdh.uni-bonn.de/hector_heritage_assets/de/page/concept_b1d6ebaf,https://vocabs.bcdh.uni-bonn.de/hector_heritage_assets/de/page/concept_69d3cf4c
bapd_352_2,bapd_352_2.jpg,Herakles auf antiker Kylix (SKYTHES),Trinkschale,http://vocabs.bcdh.uni-bonn.de/hector_heritage_assets/concept_b1d6ebaf,-,Attisch Rotfigurig,http://vocabs.bcdh.uni-bonn.de/hector_heritage_assets/concept_69d3cf4c,-,-,Attisch,SKYTHES by UNKNOWN,ca. 525–475 v. Chr.,Ton,"Beverly Hills (CA), market, Summa Galleries",93.11.11,BAPD 352,https://kerameikos.org/id/kylix,https://kerameikos.org/id/red_figure,https://kerameikos.org/id/athens,,https://vocabs.bcdh.uni-bonn.de/hector_heritage_assets/de/page/concept_b1d6ebaf,https://vocabs.bcdh.uni-bonn.de/hector_heritage_assets/de/page/concept_69d3cf4c
bapd_352_3,bapd_352_3.jpg,Herakles auf antiker Kylix (SKYTHES),Trinkschale,http://vocabs.bcdh.uni-bonn.de/hector_heritage_assets/concept_b1d6ebaf,-,Attisch Rotfigurig,http://vocabs.bcdh.uni-bonn.de/hector_heritage_assets/concept_69d3cf4c,-,-,Attisch,SKYTHES by UNKNOWN,ca. 525–475 v. Chr.,Ton,"Beverly Hills (CA), market, Summa Galleries",93.11.11,BAPD 352,https://kerameikos.org/id/kylix,https://kerameikos.org/id/red_figure,https://kerameikos.org/id/athens,,https://vocabs.bcdh.uni-bonn.de/hector_heritage_assets/de/page/concept_b1d6ebaf,https://vocabs.bcdh.uni-bonn.de/hector_heritage_assets/de/page/concept_69d3cf4c
bapd_360_1,bapd_360_1.jpg,Herakles auf antiker Pyxis,Pyxis,http://vocabs.bcdh.uni-bonn.de/hector_heritage_assets/concept_f41eb9e9,-,Attisch schwarzfigurig,http://vocabs.bcdh.uni-bonn.de/hector_heritage_assets/concept_fd4cbaed,-,-,Attisch,,ca. 575–525 v. Chr.,Ton,"Berlin, Antikensammlung",F3988,BAPD 360,https://kerameikos.org/id/pyxis,https://kerameikos.org/id/black_figure,https://kerameikos.org/id/athens,,https://vocabs.bcdh.uni-bonn.de/hector_heritage_assets/de/page/concept_f41eb9e9,https://vocabs.bcdh.uni-bonn.de/hector_heritage_assets/de/page/concept_fd4cbaed
bapd_360_2,bapd_360_2.jpg,Herakles auf antiker Pyxis,Pyxis,http://vocabs.bcdh.uni-bonn.de/hector_heritage_assets/concept_f41eb9e9,-,Attisch schwarzfigurig,http://vocabs.bcdh.uni-bonn.de/hector_heritage_assets/concept_fd4cbaed,-,-,Attisch,,ca. 575–525 v. Chr.,Ton,"Berlin, Antikensammlung",F3988,BAPD 360,https://kerameikos.org/id/pyxis,https://kerameikos.org/id/black_figure,https://kerameikos.org/id/athens,,https://vocabs.bcdh.uni-bonn.de/hector_heritage_assets/de/page/concept_f41eb9e9,https://vocabs.bcdh.uni-bonn.de/hector_heritage_assets/de/page/concept_fd4cbaed
bapd_360_3,bapd_360_3.jpg,Herakles auf antiker Pyxis,Pyxis,http://vocabs.bcdh.uni-bonn.de/hector_heritage_assets/concept_f41eb9e9,-,Attisch schwarzfigurig,http://vocabs.bcdh.uni-bonn.de/hector_heritage_assets/concept_fd4cbaed,-,-,Attisch,,ca. 575–525 v. Chr.,Ton,"Berlin, Antikensammlung",F3988,BAPD 360,https://kerameikos.org/id/pyxis,https://kerameikos.org/id/black_figure,https://kerameikos.org/id/athens,,https://vocabs.bcdh.uni-bonn.de/hector_heritage_assets/de/page/concept_f41eb9e9,https://vocabs.bcdh.uni-bonn.de/hector_heritage_assets/de/page/concept_fd4cbaed
bapd_360_4,bapd_360_4.jpg,Herakles auf antiker Pyxis,Pyxis,http://vocabs.bcdh.uni-bonn.de/hector_heritage_assets/concept_f41eb9e9,-,Attisch schwarzfigurig,http://vocabs.bcdh.uni-bonn.de/hector_heritage_assets/concept_fd4cbaed,-,-,Attisch,,ca. 575–525 v. Chr.,Ton,"Berlin, Antikensammlung",F3988,BAPD 360,https://kerameikos.org/id/pyxis,https://kerameikos.org/id/black_figure,https://kerameikos.org/id/athens,,https://vocabs.bcdh.uni-bonn.de/hector_heritage_assets/de/page/concept_f41eb9e9,https://vocabs.bcdh.uni-bonn.de/hector_heritage_assets/de/page/concept_fd4cbaed
bapd_360_5,bapd_360_5.jpg,Herakles auf antiker Pyxis,Pyxis,http://vocabs.bcdh.uni-bonn.de/hector_heritage_assets/concept_f41eb9e9,-,Attisch schwarzfigurig,http://vocabs.bcdh.uni-bonn.de/hector_heritage_assets/concept_fd4cbaed,-,-,Attisch,,ca. 575–525 v. Chr.,Ton,"Berlin, Antikensammlung",F3988,BAPD 360,https://kerameikos.org/id/pyxis,https://kerameikos.org/id/black_figure,https://kerameikos.org/id/athens,,https://vocabs.bcdh.uni-bonn.de/hector_heritage_assets/de/page/concept_f41eb9e9,https://vocabs.bcdh.uni-bonn.de/hector_heritage_assets/de/page/concept_fd4cbaed
bapd_360_6,bapd_360_6.jpg,Herakles auf antiker Pyxis,Pyxis,http://vocabs.bcdh.uni-bonn.de/hector_heritage_assets/concept_f41eb9e9,-,Attisch schwarzfigurig,http://vocabs.bcdh.uni-bonn.de/hector_heritage_assets/concept_fd4cbaed,-,-,Attisch,,ca. 575–525 v. Chr.,Ton,"Berlin, Antikensammlung",F3988,BAPD 360,https://kerameikos.org/id/pyxis,https://kerameikos.org/id/black_figure,https://kerameikos.org/id/athens,,https://vocabs.bcdh.uni-bonn.de/hector_heritage_assets/de/page/concept_f41eb9e9,https://vocabs.bcdh.uni-bonn.de/hector_heritage_assets/de/page/concept_fd4cbaed
bapd_360_7,bapd_360_7.jpg,Herakles auf antiker Pyxis,Pyxis,http://vocabs.bcdh.uni-bonn.de/hector_heritage_assets/concept_f41eb9e9,-,Attisch schwarzfigurig,http://vocabs.bcdh.uni-bonn.de/hector_heritage_assets/concept_fd4cbaed,-,-,Attisch,,ca. 575–525 v. Chr.,Ton,"Berlin, Antikensammlung",F3988,BAPD 360,https://kerameikos.org/id/pyxis,https://kerameikos.org/id/black_figure,https://kerameikos.org/id/athens,,https://vocabs.bcdh.uni-bonn.de/hector_heritage_assets/de/page/concept_f41eb9e9,https://vocabs.bcdh.uni-bonn.de/hector_heritage_assets/de/page/concept_fd4cbaed
bapd_360_8,bapd_360_8.jpg,Herakles auf antiker Pyxis,Pyxis,http://vocabs.bcdh.uni-bonn.de/hector_heritage_assets/concept_f41eb9e9,-,Attisch schwarzfigurig,http://vocabs.bcdh.uni-bonn.de/hector_heritage_assets/concept_fd4cbaed,-,-,Attisch,,ca. 575–525 v. Chr.,Ton,"Berlin, Antikensammlung",F3988,BAPD 360,https://kerameikos.org/id/pyxis,https://kerameikos.org/id/black_figure,https://kerameikos.org/id/athens,,https://vocabs.bcdh.uni-bonn.de/hector_heritage_assets/de/page/concept_f41eb9e9,https://vocabs.bcdh.uni-bonn.de/hector_heritage_assets/de/page/concept_fd4cbaed
bapd_360_9,bapd_360_9.jpg,Herakles auf antiker Pyxis,Pyxis,http://vocabs.bcdh.uni-bonn.de/hector_heritage_assets/concept_f41eb9e9,-,Attisch schwarzfigurig,http://vocabs.bcdh.uni-bonn.de/hector_heritage_assets/concept_fd4cbaed,-,-,Attisch,,ca. 575–525 v. Chr.,Ton,"Berlin, Antikensammlung",F3988,BAPD 360,https://kerameikos.org/id/pyxis,https://kerameikos.org/id/black_figure,https://kerameikos.org/id/athens,,https://vocabs.bcdh.uni-bonn.de/hector_heritage_assets/de/page/concept_f41eb9e9,https://vocabs.bcdh.uni-bonn.de/hector_heritage_assets/de/page/concept_fd4cbaed
bapd_362_1,bapd_362_1.jpg,Dionysos auf antiker Oinochoe,Oinochoe,http://vocabs.bcdh.uni-bonn.de/hector_heritage_assets/concept_fed2da29,-,Attisch Rotfigurig,http://vocabs.bcdh.uni-bonn.de/hector_heritage_assets/concept_69d3cf4c,-,-,Attisch,,ca. 450–400 v. Chr.,Ton,"Athens, National Archaeological Museum",16258,BAPD 362,https://kerameikos.org/id/oinochoe,https://kerameikos.org/id/red_figure,https://kerameikos.org/id/athens,,https://vocabs.bcdh.uni-bonn.de/hector_heritage_assets/de/page/concept_fed2da29,https://vocabs.bcdh.uni-bonn.de/hector_heritage_assets/de/page/concept_69d3cf4c
bapd_362_2,bapd_362_2.jpg,Dionysos auf antiker Oinochoe,Oinochoe,http://vocabs.bcdh.uni-bonn.de/hector_heritage_assets/concept_fed2da29,-,Attisch Rotfigurig,http://vocabs.bcdh.uni-bonn.de/hector_heritage_assets/concept_69d3cf4c,-,-,Attisch,,ca. 450–400 v. Chr.,Ton,"Athens, National Archaeological Museum",16258,BAPD 362,https://kerameikos.org/id/oinochoe,https://kerameikos.org/id/red_figure,https://kerameikos.org/id/athens,,https://vocabs.bcdh.uni-bonn.de/hector_heritage_assets/de/page/concept_fed2da29,https://vocabs.bcdh.uni-bonn.de/hector_heritage_assets/de/page/concept_69d3cf4c
bapd_362_3,bapd_362_3.jpg,Dionysos auf antiker Oinochoe,Oinochoe,http://vocabs.bcdh.uni-bonn.de/hector_heritage_assets/concept_fed2da29,-,Attisch Rotfigurig,http://vocabs.bcdh.uni-bonn.de/hector_heritage_assets/concept_69d3cf4c,-,-,Attisch,,ca. 450–400 v. Chr.,Ton,"Athens, National Archaeological Museum",16258,BAPD 362,https://kerameikos.org/id/oinochoe,https://kerameikos.org/id/red_figure,https://kerameikos.org/id/athens,,https://vocabs.bcdh.uni-bonn.de/hector_heritage_assets/de/page/concept_fed2da29,https://vocabs.bcdh.uni-bonn.de/hector_heritage_assets/de/page/concept_69d3cf4c
bapd_362_4,bapd_362_4.jpg,Dionysos auf antiker Oinochoe,Oinochoe,http://vocabs.bcdh.uni-bonn.de/hector_heritage_assets/concept_fed2da29,-,Attisch Rotfigurig,http://vocabs.bcdh.uni-bonn.de/hector_heritage_assets/concept_69d3cf4c,-,-,Attisch,,ca. 450–400 v. Chr.,Ton,"Athens, National Archaeological Museum",16258,BAPD 362,https://kerameikos.org/id/oinochoe,https://kerameikos.org/id/red_figure,https://kerameikos.org/id/athens,,https://vocabs.bcdh.uni-bonn.de/hector_heritage_assets/de/page/concept_fed2da29,https://vocabs.bcdh.uni-bonn.de/hector_heritage_assets/de/page/concept_69d3cf4c
bapd_366_1,bapd_366_1.jpg,Athena auf antiker Lekythos (ATHENA P),Lekythos,http://vocabs.bcdh.uni-bonn.de/hector_heritage_assets/concept_5b62f4af,-,Attisch schwarzfigurig,http://vocabs.bcdh.uni-bonn.de/hector_heritage_assets/concept_fd4cbaed,-,-,Attisch,ATHENA P by BOARDMAN,ca. 525–475 v. Chr.,Ton,"New York (N.Y.), Callimanopoulos",,BAPD 366,https://kerameikos.org/id/lekythos,https://kerameikos.org/id/black_figure,https://kerameikos.org/id/athens,https://kerameikos.org/id/athena_painter,https://vocabs.bcdh.uni-bonn.de/hector_heritage_assets/de/page/concept_5b62f4af,https://vocabs.bcdh.uni-bonn.de/hector_heritage_assets/de/page/concept_fd4cbaed
bapd_366_2,bapd_366_2.jpg,Athena auf antiker Lekythos (ATHENA P),Lekythos,http://vocabs.bcdh.uni-bonn.de/hector_heritage_assets/concept_5b62f4af,-,Attisch schwarzfigurig,http://vocabs.bcdh.uni-bonn.de/hector_heritage_assets/concept_fd4cbaed,-,-,Attisch,ATHENA P by BOARDMAN,ca. 525–475 v. Chr.,Ton,"New York (N.Y.), Callimanopoulos",,BAPD 366,https://kerameikos.org/id/lekythos,https://kerameikos.org/id/black_figure,https://kerameikos.org/id/athens,https://kerameikos.org/id/athena_painter,https://vocabs.bcdh.uni-bonn.de/hector_heritage_assets/de/page/concept_5b62f4af,https://vocabs.bcdh.uni-bonn.de/hector_heritage_assets/de/page/concept_fd4cbaed
bapd_366_3,bapd_366_3.jpg,Athena auf antiker Lekythos (ATHENA P),Lekythos,http://vocabs.bcdh.uni-bonn.de/hector_heritage_assets/concept_5b62f4af,-,Attisch schwarzfigurig,http://vocabs.bcdh.uni-bonn.de/hector_heritage_assets/concept_fd4cbaed,-,-,Attisch,ATHENA P by BOARDMAN,ca. 525–475 v. Chr.,Ton,"New York (N.Y.), Callimanopoulos",,BAPD 366,https://kerameikos.org/id/lekythos,https://kerameikos.org/id/black_figure,https://kerameikos.org/id/athens,https://kerameikos.org/id/athena_painter,https://vocabs.bcdh.uni-bonn.de/hector_heritage_assets/de/page/concept_5b62f4af,https://vocabs.bcdh.uni-bonn.de/hector_heritage_assets/de/page/concept_fd4cbaed
bapd_366_4,bapd_366_4.jpg,Athena auf antiker Lekythos (ATHENA P),Lekythos,http://vocabs.bcdh.uni-bonn.de/hector_heritage_assets/concept_5b62f4af,-,Attisch schwarzfigurig,http://vocabs.bcdh.uni-bonn.de/hector_heritage_assets/concept_fd4cbaed,-,-,Attisch,ATHENA P by BOARDMAN,ca. 525–475 v. Chr.,Ton,"New York (N.Y.), Callimanopoulos",,BAPD 366,https://kerameikos.org/id/lekythos,https://kerameikos.org/id/black_figure,https://kerameikos.org/id/athens,https://kerameikos.org/id/athena_painter,https://vocabs.bcdh.uni-bonn.de/hector_heritage_assets/de/page/concept_5b62f4af,https://vocabs.bcdh.uni-bonn.de/hector_heritage_assets/de/page/concept_fd4cbaed
bapd_366_5,bapd_366_5.jpg,Athena auf antiker Lekythos (ATHENA P),Lekythos,http://vocabs.bcdh.uni-bonn.de/hector_heritage_assets/concept_5b62f4af,-,Attisch schwarzfigurig,http://vocabs.bcdh.uni-bonn.de/hector_heritage_assets/concept_fd4cbaed,-,-,Attisch,ATHENA P by BOARDMAN,ca. 525–475 v. Chr.,Ton,"New York (N.Y.), Callimanopoulos",,BAPD 366,https://kerameikos.org/id/lekythos,https://kerameikos.org/id/black_figure,https://kerameikos.org/id/athens,https://kerameikos.org/id/athena_painter,https://vocabs.bcdh.uni-bonn.de/hector_heritage_assets/de/page/concept_5b62f4af,https://vocabs.bcdh.uni-bonn.de/hector_heritage_assets/de/page/concept_fd4cbaed
bapd_367_1,bapd_367_1.jpg,Athena auf antiker Lekythos (ATHENA P),Lekythos,http://vocabs.bcdh.uni-bonn.de/hector_heritage_assets/concept_5b62f4af,-,Attisch schwarzfigurig,http://vocabs.bcdh.uni-bonn.de/hector_heritage_assets/concept_fd4cbaed,-,-,Attisch,ATHENA P by DÖRIG,ca. 500–450 v. Chr.,Ton,"London, market, Christie's",,BAPD 367,https://kerameikos.org/id/lekythos,https://kerameikos.org/id/black_figure,https://kerameikos.org/id/athens,https://kerameikos.org/id/athena_painter,https://vocabs.bcdh.uni-bonn.de/hector_heritage_assets/de/page/concept_5b62f4af,https://vocabs.bcdh.uni-bonn.de/hector_heritage_assets/de/page/concept_fd4cbaed
bapd_367_2,bapd_367_2.jpg,Athena auf antiker Lekythos (ATHENA P),Lekythos,http://vocabs.bcdh.uni-bonn.de/hector_heritage_assets/concept_5b62f4af,-,Attisch schwarzfigurig,http://vocabs.bcdh.uni-bonn.de/hector_heritage_assets/concept_fd4cbaed,-,-,Attisch,ATHENA P by DÖRIG,ca. 500–450 v. Chr.,Ton,"London, market, Christie's",,BAPD 367,https://kerameikos.org/id/lekythos,https://kerameikos.org/id/black_figure,https://kerameikos.org/id/athens,https://kerameikos.org/id/athena_painter,https://vocabs.bcdh.uni-bonn.de/hector_heritage_assets/de/page/concept_5b62f4af,https://vocabs.bcdh.uni-bonn.de/hector_heritage_assets/de/page/concept_fd4cbaed
bapd_367_3,bapd_367_3.jpg,Athena auf antiker Lekythos (ATHENA P),Lekythos,http://vocabs.bcdh.uni-bonn.de/hector_heritage_assets/concept_5b62f4af,-,Attisch schwarzfigurig,http://vocabs.bcdh.uni-bonn.de/hector_heritage_assets/concept_fd4cbaed,-,-,Attisch,ATHENA P by DÖRIG,ca. 500–450 v. Chr.,Ton,"London, market, Christie's",,BAPD 367,https://kerameikos.org/id/lekythos,https://kerameikos.org/id/black_figure,https://kerameikos.org/id/athens,https://kerameikos.org/id/athena_painter,https://vocabs.bcdh.uni-bonn.de/hector_heritage_assets/de/page/concept_5b62f4af,https://vocabs.bcdh.uni-bonn.de/hector_heritage_assets/de/page/concept_fd4cbaed
bapd_36_1,bapd_36_1.jpg,Herakles auf antiker Bauchamphora (DIOSPHOS P),Transportamphora,http://vocabs.bcdh.uni-bonn.de/hector_heritage_assets/concept_65909227,-,Attisch schwarzfigurig,http://vocabs.bcdh.uni-bonn.de/hector_heritage_assets/concept_fd4cbaed,-,-,Attisch,DIOSPHOS P by MIZUTA,ca. 550–500 v. Chr.,Ton,"Kyoto, Hashimoto Collection",128,BAPD 36,https://kerameikos.org/id/amphora,https://kerameikos.org/id/black_figure,https://kerameikos.org/id/athens,,https://vocabs.bcdh.uni-bonn.de/hector_heritage_assets/de/page/concept_65909227,https://vocabs.bcdh.uni-bonn.de/hector_heritage_assets/de/page/concept_fd4cbaed
bapd_36_2,bapd_36_2.jpg,Herakles auf antiker Bauchamphora (DIOSPHOS P),Transportamphora,http://vocabs.bcdh.uni-bonn.de/hector_heritage_assets/concept_65909227,-,Attisch schwarzfigurig,http://vocabs.bcdh.uni-bonn.de/hector_heritage_assets/concept_fd4cbaed,-,-,Attisch,DIOSPHOS P by MIZUTA,ca. 550–500 v. Chr.,Ton,"Kyoto, Hashimoto Collection",128,BAPD 36,https://kerameikos.org/id/amphora,https://kerameikos.org/id/black_figure,https://kerameikos.org/id/athens,,https://vocabs.bcdh.uni-bonn.de/hector_heritage_assets/de/page/concept_65909227,https://vocabs.bcdh.uni-bonn.de/hector_heritage_assets/de/page/concept_fd4cbaed
bapd_36_3,bapd_36_3.jpg,Herakles auf antiker Bauchamphora (DIOSPHOS P),Transportamphora,http://vocabs.bcdh.uni-bonn.de/hector_heritage_assets/concept_65909227,-,Attisch schwarzfigurig,http://vocabs.bcdh.uni-bonn.de/hector_heritage_assets/concept_fd4cbaed,-,-,Attisch,DIOSPHOS P by MIZUTA,ca. 550–500 v. Chr.,Ton,"Kyoto, Hashimoto Collection",128,BAPD 36,https://kerameikos.org/id/amphora,https://kerameikos.org/id/black_figure,https://kerameikos.org/id/athens,,https://vocabs.bcdh.uni-bonn.de/hector_heritage_assets/de/page/concept_65909227,https://vocabs.bcdh.uni-bonn.de/hector_heritage_assets/de/page/concept_fd4cbaed
bapd_36_4,bapd_36_4.jpg,Herakles auf antiker Bauchamphora (DIOSPHOS P),Transportamphora,http://vocabs.bcdh.uni-bonn.de/hector_heritage_assets/concept_65909227,-,Attisch schwarzfigurig,http://vocabs.bcdh.uni-bonn.de/hector_heritage_assets/concept_fd4cbaed,-,-,Attisch,DIOSPHOS P by MIZUTA,ca. 550–500 v. Chr.,Ton,"Kyoto, Hashimoto Collection",128,BAPD 36,https://kerameikos.org/id/amphora,https://kerameikos.org/id/black_figure,https://kerameikos.org/id/athens,,https://vocabs.bcdh.uni-bonn.de/hector_heritage_assets/de/page/concept_65909227,https://vocabs.bcdh.uni-bonn.de/hector_heritage_assets/de/page/concept_fd4cbaed
bapd_370_1,bapd_370_1.jpg,Herakles auf antiker Hydria,Hydria,http://vocabs.bcdh.uni-bonn.de/hector_heritage_assets/concept_bf070035,-,Attisch Rotfigurig,http://vocabs.bcdh.uni-bonn.de/hector_heritage_assets/concept_69d3cf4c,-,-,Attisch,,ca. 400–300 v. Chr.,Ton,"Baltimore (MD), Walters Art Gallery",48.263,BAPD 370,https://kerameikos.org/id/hydria,https://kerameikos.org/id/red_figure,https://kerameikos.org/id/athens,,https://vocabs.bcdh.uni-bonn.de/hector_heritage_assets/de/page/concept_bf070035,https://vocabs.bcdh.uni-bonn.de/hector_heritage_assets/de/page/concept_69d3cf4c
bapd_370_2,bapd_370_2.jpg,Herakles auf antiker Hydria,Hydria,http://vocabs.bcdh.uni-bonn.de/hector_heritage_assets/concept_bf070035,-,Attisch Rotfigurig,http://vocabs.bcdh.uni-bonn.de/hector_heritage_assets/concept_69d3cf4c,-,-,Attisch,,ca. 400–300 v. Chr.,Ton,"Baltimore (MD), Walters Art Gallery",48.263,BAPD 370,https://kerameikos.org/id/hydria,https://kerameikos.org/id/red_figure,https://kerameikos.org/id/athens,,https://vocabs.bcdh.uni-bonn.de/hector_heritage_assets/de/page/concept_bf070035,https://vocabs.bcdh.uni-bonn.de/hector_heritage_assets/de/page/concept_69d3cf4c
bapd_370_3,bapd_370_3.jpg,Herakles auf antiker Hydria,Hydria,http://vocabs.bcdh.uni-bonn.de/hector_heritage_assets/concept_bf070035,-,Attisch Rotfigurig,http://vocabs.bcdh.uni-bonn.de/hector_heritage_assets/concept_69d3cf4c,-,-,Attisch,,ca. 400–300 v. Chr.,Ton,"Baltimore (MD), Walters Art Gallery",48.263,BAPD 370,https://kerameikos.org/id/hydria,https://kerameikos.org/id/red_figure,https://kerameikos.org/id/athens,,https://vocabs.bcdh.uni-bonn.de/hector_heritage_assets/de/page/concept_bf070035,https://vocabs.bcdh.uni-bonn.de/hector_heritage_assets/de/page/concept_69d3cf4c
bapd_370_4,bapd_370_4.jpg,Herakles auf antiker Hydria,Hydria,http://vocabs.bcdh.uni-bonn.de/hector_heritage_assets/concept_bf070035,-,Attisch Rotfigurig,http://vocabs.bcdh.uni-bonn.de/hector_heritage_assets/concept_69d3cf4c,-,-,Attisch,,ca. 400–300 v. Chr.,Ton,"Baltimore (MD), Walters Art Gallery",48.263,BAPD 370,https://kerameikos.org/id/hydria,https://kerameikos.org/id/red_figure,https://kerameikos.org/id/athens,,https://vocabs.bcdh.uni-bonn.de/hector_heritage_assets/de/page/concept_bf070035,https://vocabs.bcdh.uni-bonn.de/hector_heritage_assets/de/page/concept_69d3cf4c
bapd_370_5,bapd_370_5.jpg,Herakles auf antiker Hydria,Hydria,http://vocabs.bcdh.uni-bonn.de/hector_heritage_assets/concept_bf070035,-,Attisch Rotfigurig,http://vocabs.bcdh.uni-bonn.de/hector_heritage_assets/concept_69d3cf4c,-,-,Attisch,,ca. 400–300 v. Chr.,Ton,"Baltimore (MD), Walters Art Gallery",48.263,BAPD 370,https://kerameikos.org/id/hydria,https://kerameikos.org/id/red_figure,https://kerameikos.org/id/athens,,https://vocabs.bcdh.uni-bonn.de/hector_heritage_assets/de/page/concept_bf070035,https://vocabs.bcdh.uni-bonn.de/hector_heritage_assets/de/page/concept_69d3cf4c
bapd_370_6,bapd_370_6.jpg,Herakles auf antiker Hydria,Hydria,http://vocabs.bcdh.uni-bonn.de/hector_heritage_assets/concept_bf070035,-,Attisch Rotfigurig,http://vocabs.bcdh.uni-bonn.de/hector_heritage_assets/concept_69d3cf4c,-,-,Attisch,,ca. 400–300 v. Chr.,Ton,"Baltimore (MD), Walters Art Gallery",48.263,BAPD 370,https://kerameikos.org/id/hydria,https://kerameikos.org/id/red_figure,https://kerameikos.org/id/athens,,https://vocabs.bcdh.uni-bonn.de/hector_heritage_assets/de/page/concept_bf070035,https://vocabs.bcdh.uni-bonn.de/hector_heritage_assets/de/page/concept_69d3cf4c
bapd_370_7,bapd_370_7.jpg,Herakles auf antiker Hydria,Hydria,http://vocabs.bcdh.uni-bonn.de/hector_heritage_assets/concept_bf070035,-,Attisch Rotfigurig,http://vocabs.bcdh.uni-bonn.de/hector_heritage_assets/concept_69d3cf4c,-,-,Attisch,,ca. 400–300 v. Chr.,Ton,"Baltimore (MD), Walters Art Gallery",48.263,BAPD 370,https://kerameikos.org/id/hydria,https://kerameikos.org/id/red_figure,https://kerameikos.org/id/athens,,https://vocabs.bcdh.uni-bonn.de/hector_heritage_assets/de/page/concept_bf070035,https://vocabs.bcdh.uni-bonn.de/hector_heritage_assets/de/page/concept_69d3cf4c
bapd_376_1,bapd_376_1.jpg,Athena auf antiker Lekythos (PHIALE P),Lekythos,http://vocabs.bcdh.uni-bonn.de/hector_heritage_assets/concept_5b62f4af,-,Attisch Rotfigurig,http://vocabs.bcdh.uni-bonn.de/hector_heritage_assets/concept_69d3cf4c,-,-,Attisch,PHIALE P by UNKNOWN,ca. 450–400 v. Chr.,Ton,"Basel, Antikenmuseum und Sammlung Ludwig",BS404,BAPD 376,https://kerameikos.org/id/lekythos,https://kerameikos.org/id/red_figure,https://kerameikos.org/id/athens,https://kerameikos.org/id/phiale_painter,https://vocabs.bcdh.uni-bonn.de/hector_heritage_assets/de/page/concept_5b62f4af,https://vocabs.bcdh.uni-bonn.de/hector_heritage_assets/de/page/concept_69d3cf4c
bapd_376_2,bapd_376_2.jpg,Athena auf antiker Lekythos (PHIALE P),Lekythos,http://vocabs.bcdh.uni-bonn.de/hector_heritage_assets/concept_5b62f4af,-,Attisch Rotfigurig,http://vocabs.bcdh.uni-bonn.de/hector_heritage_assets/concept_69d3cf4c,-,-,Attisch,PHIALE P by UNKNOWN,ca. 450–400 v. Chr.,Ton,"Basel, Antikenmuseum und Sammlung Ludwig",BS404,BAPD 376,https://kerameikos.org/id/lekythos,https://kerameikos.org/id/red_figure,https://kerameikos.org/id/athens,https://kerameikos.org/id/phiale_painter,https://vocabs.bcdh.uni-bonn.de/hector_heritage_assets/de/page/concept_5b62f4af,https://vocabs.bcdh.uni-bonn.de/hector_heritage_assets/de/page/concept_69d3cf4c
bapd_376_3,bapd_376_3.jpg,Athena auf antiker Lekythos (PHIALE P),Lekythos,http://vocabs.bcdh.uni-bonn.de/hector_heritage_assets/concept_5b62f4af,-,Attisch Rotfigurig,http://vocabs.bcdh.uni-bonn.de/hector_heritage_assets/concept_69d3cf4c,-,-,Attisch,PHIALE P by UNKNOWN,ca. 450–400 v. Chr.,Ton,"Basel, Antikenmuseum und Sammlung Ludwig",BS404,BAPD 376,https://kerameikos.org/id/lekythos,https://kerameikos.org/id/red_figure,https://kerameikos.org/id/athens,https://kerameikos.org/id/phiale_painter,https://vocabs.bcdh.uni-bonn.de/hector_heritage_assets/de/page/concept_5b62f4af,https://vocabs.bcdh.uni-bonn.de/hector_heritage_assets/de/page/concept_69d3cf4c
bapd_376_4,bapd_376_4.jpg,Athena auf antiker Lekythos (PHIALE P),Lekythos,http://vocabs.bcdh.uni-bonn.de/hector_heritage_assets/concept_5b62f4af,-,Attisch Rotfigurig,http://vocabs.bcdh.uni-bonn.de/hector_heritage_assets/concept_69d3cf4c,-,-,Attisch,PHIALE P by UNKNOWN,ca. 450–400 v. Chr.,Ton,"Basel, Antikenmuseum und Sammlung Ludwig",BS404,BAPD 376,https://kerameikos.org/id/lekythos,https://kerameikos.org/id/red_figure,https://kerameikos.org/id/athens,https://kerameikos.org/id/phiale_painter,https://vocabs.bcdh.uni-bonn.de/hector_heritage_assets/de/page/concept_5b62f4af,https://vocabs.bcdh.uni-bonn.de/hector_heritage_assets/de/page/concept_69d3cf4c
bapd_376_5,bapd_376_5.jpg,Athena auf antiker Lekythos (PHIALE P),Lekythos,http://vocabs.bcdh.uni-bonn.de/hector_heritage_assets/concept_5b62f4af,-,Attisch Rotfigurig,http://vocabs.bcdh.uni-bonn.de/hector_heritage_assets/concept_69d3cf4c,-,-,Attisch,PHIALE P by UNKNOWN,ca. 450–400 v. Chr.,Ton,"Basel, Antikenmuseum und Sammlung Ludwig",BS404,BAPD 376,https://kerameikos.org/id/lekythos,https://kerameikos.org/id/red_figure,https://kerameikos.org/id/athens,https://kerameikos.org/id/phiale_painter,https://vocabs.bcdh.uni-bonn.de/hector_heritage_assets/de/page/concept_5b62f4af,https://vocabs.bcdh.uni-bonn.de/hector_heritage_assets/de/page/concept_69d3cf4c
bapd_376_6,bapd_376_6.jpg,Athena auf antiker Lekythos (PHIALE P),Lekythos,http://vocabs.bcdh.uni-bonn.de/hector_heritage_assets/concept_5b62f4af,-,Attisch Rotfigurig,http://vocabs.bcdh.uni-bonn.de/hector_heritage_assets/concept_69d3cf4c,-,-,Attisch,PHIALE P by UNKNOWN,ca. 450–400 v. Chr.,Ton,"Basel, Antikenmuseum und Sammlung Ludwig",BS404,BAPD 376,https://kerameikos.org/id/lekythos,https://kerameikos.org/id/red_figure,https://kerameikos.org/id/athens,https://kerameikos.org/id/phiale_painter,https://vocabs.bcdh.uni-bonn.de/hector_heritage_assets/de/page/concept_5b62f4af,https://vocabs.bcdh.uni-bonn.de/hector_heritage_assets/de/page/concept_69d3cf4c
bapd_376_7,bapd_376_7.jpg,Athena auf antiker Lekythos (PHIALE P),Lekythos,http://vocabs.bcdh.uni-bonn.de/hector_heritage_assets/concept_5b62f4af,-,Attisch Rotfigurig,http://vocabs.bcdh.uni-bonn.de/hector_heritage_assets/concept_69d3cf4c,-,-,Attisch,PHIALE P by UNKNOWN,ca. 450–400 v. Chr.,Ton,"Basel, Antikenmuseum und Sammlung Ludwig",BS404,BAPD 376,https://kerameikos.org/id/lekythos,https://kerameikos.org/id/red_figure,https://kerameikos.org/id/athens,https://kerameikos.org/id/phiale_painter,https://vocabs.bcdh.uni-bonn.de/hector_heritage_assets/de/page/concept_5b62f4af,https://vocabs.bcdh.uni-bonn.de/hector_heritage_assets/de/page/concept_69d3cf4c
bapd_376_8,bapd_376_8.jpg,Athena auf antiker Lekythos (PHIALE P),Lekythos,http://vocabs.bcdh.uni-bonn.de/hector_heritage_assets/concept_5b62f4af,-,Attisch Rotfigurig,http://vocabs.bcdh.uni-bonn.de/hector_heritage_assets/concept_69d3cf4c,-,-,Attisch,PHIALE P by UNKNOWN,ca. 450–400 v. Chr.,Ton,"Basel, Antikenmuseum und Sammlung Ludwig",BS404,BAPD 376,https://kerameikos.org/id/lekythos,https://kerameikos.org/id/red_figure,https://kerameikos.org/id/athens,https://kerameikos.org/id/phiale_painter,https://vocabs.bcdh.uni-bonn.de/hector_heritage_assets/de/page/concept_5b62f4af,https://vocabs.bcdh.uni-bonn.de/hector_heritage_assets/de/page/concept_69d3cf4c
bapd_37_1,bapd_37_1.jpg,Herakles auf antiker Bauchamphora,Transportamphora,http://vocabs.bcdh.uni-bonn.de/hector_heritage_assets/concept_65909227,-,Attisch schwarzfigurig,http://vocabs.bcdh.uni-bonn.de/hector_heritage_assets/concept_fd4cbaed,-,-,Attisch,,ca. 550–500 v. Chr.,Ton,"Kyoto, Hashimoto Collection",130,BAPD 37,https://kerameikos.org/id/amphora,https://kerameikos.org/id/black_figure,https://kerameikos.org/id/athens,,https://vocabs.bcdh.uni-bonn.de/hector_heritage_assets/de/page/concept_65909227,https://vocabs.bcdh.uni-bonn.de/hector_heritage_assets/de/page/concept_fd4cbaed
bapd_37_2,bapd_37_2.jpg,Herakles auf antiker Bauchamphora,Transportamphora,http://vocabs.bcdh.uni-bonn.de/hector_heritage_assets/concept_65909227,-,Attisch schwarzfigurig,http://vocabs.bcdh.uni-bonn.de/hector_heritage_assets/concept_fd4cbaed,-,-,Attisch,,ca. 550–500 v. Chr.,Ton,"Kyoto, Hashimoto Collection",130,BAPD 37,https://kerameikos.org/id/amphora,https://kerameikos.org/id/black_figure,https://kerameikos.org/id/athens,,https://vocabs.bcdh.uni-bonn.de/hector_heritage_assets/de/page/concept_65909227,https://vocabs.bcdh.uni-bonn.de/hector_heritage_assets/de/page/concept_fd4cbaed
bapd_37_3,bapd_37_3.jpg,Herakles auf antiker Bauchamphora,Transportamphora,http://vocabs.bcdh.uni-bonn.de/hector_heritage_assets/concept_65909227,-,Attisch schwarzfigurig,http://vocabs.bcdh.uni-bonn.de/hector_heritage_assets/concept_fd4cbaed,-,-,Attisch,,ca. 550–500 v. Chr.,Ton,"Kyoto, Hashimoto Collection",130,BAPD 37,https://kerameikos.org/id/amphora,https://kerameikos.org/id/black_figure,https://kerameikos.org/id/athens,,https://vocabs.bcdh.uni-bonn.de/hector_heritage_assets/de/page/concept_65909227,https://vocabs.bcdh.uni-bonn.de/hector_heritage_assets/de/page/concept_fd4cbaed
bapd_37_4,bapd_37_4.jpg,Herakles auf antiker Bauchamphora,Transportamphora,http://vocabs.bcdh.uni-bonn.de/hector_heritage_assets/concept_65909227,-,Attisch schwarzfigurig,http://vocabs.bcdh.uni-bonn.de/hector_heritage_assets/concept_fd4cbaed,-,-,Attisch,,ca. 550–500 v. Chr.,Ton,"Kyoto, Hashimoto Collection",130,BAPD 37,https://kerameikos.org/id/amphora,https://kerameikos.org/id/black_figure,https://kerameikos.org/id/athens,,https://vocabs.bcdh.uni-bonn.de/hector_heritage_assets/de/page/concept_65909227,https://vocabs.bcdh.uni-bonn.de/hector_heritage_assets/de/page/concept_fd4cbaed
bapd_37_5,bapd_37_5.jpg,Herakles auf antiker Bauchamphora,Transportamphora,http://vocabs.bcdh.uni-bonn.de/hector_heritage_assets/concept_65909227,-,Attisch schwarzfigurig,http://vocabs.bcdh.uni-bonn.de/hector_heritage_assets/concept_fd4cbaed,-,-,Attisch,,ca. 550–500 v. Chr.,Ton,"Kyoto, Hashimoto Collection",130,BAPD 37,https://kerameikos.org/id/amphora,https://kerameikos.org/id/black_figure,https://kerameikos.org/id/athens,,https://vocabs.bcdh.uni-bonn.de/hector_heritage_assets/de/page/concept_65909227,https://vocabs.bcdh.uni-bonn.de/hector_heritage_assets/de/page/concept_fd4cbaed
bapd_38_1,bapd_38_1.jpg,Herakles auf antiker Halsamphora (Compare LEAGROS GROUP),Transportamphora,http://vocabs.bcdh.uni-bonn.de/hector_heritage_assets/concept_65909227,-,Attisch schwarzfigurig,http://vocabs.bcdh.uni-bonn.de/hector_heritage_assets/concept_fd4cbaed,-,-,Attisch,Compare LEAGROS GROUP by NATI,ca. 550–500 v. Chr.,Ton,"Tarquinia, Museo Nazionale Tarquiniese",679,BAPD 38,https://kerameikos.org/id/amphora,https://kerameikos.org/id/black_figure,https://kerameikos.org/id/athens,https://kerameikos.org/id/leagros_group,https://vocabs.bcdh.uni-bonn.de/hector_heritage_assets/de/page/concept_65909227,https://vocabs.bcdh.uni-bonn.de/hector_heritage_assets/de/page/concept_fd4cbaed
bapd_38_2,bapd_38_2.jpg,Herakles auf antiker Halsamphora (Compare LEAGROS GROUP),Transportamphora,http://vocabs.bcdh.uni-bonn.de/hector_heritage_assets/concept_65909227,-,Attisch schwarzfigurig,http://vocabs.bcdh.uni-bonn.de/hector_heritage_assets/concept_fd4cbaed,-,-,Attisch,Compare LEAGROS GROUP by NATI,ca. 550–500 v. Chr.,Ton,"Tarquinia, Museo Nazionale Tarquiniese",679,BAPD 38,https://kerameikos.org/id/amphora,https://kerameikos.org/id/black_figure,https://kerameikos.org/id/athens,https://kerameikos.org/id/leagros_group,https://vocabs.bcdh.uni-bonn.de/hector_heritage_assets/de/page/concept_65909227,https://vocabs.bcdh.uni-bonn.de/hector_heritage_assets/de/page/concept_fd4cbaed
bapd_38_3,bapd_38_3.jpg,Herakles auf antiker Halsamphora (Compare LEAGROS GROUP),Transportamphora,http://vocabs.bcdh.uni-bonn.de/hector_heritage_assets/concept_65909227,-,Attisch schwarzfigurig,http://vocabs.bcdh.uni-bonn.de/hector_heritage_assets/concept_fd4cbaed,-,-,Attisch,Compare LEAGROS GROUP by NATI,ca. 550–500 v. Chr.,Ton,"Tarquinia, Museo Nazionale Tarquiniese",679,BAPD 38,https://kerameikos.org/id/amphora,https://kerameikos.org/id/black_figure,https://kerameikos.org/id/athens,https://kerameikos.org/id/leagros_group,https://vocabs.bcdh.uni-bonn.de/hector_heritage_assets/de/page/concept_65909227,https://vocabs.bcdh.uni-bonn.de/hector_heritage_assets/de/page/concept_fd4cbaed
bapd_38_4,bapd_38_4.jpg,Herakles auf antiker Halsamphora (Compare LEAGROS GROUP),Transportamphora,http://vocabs.bcdh.uni-bonn.de/hector_heritage_assets/concept_65909227,-,Attisch schwarzfigurig,http://vocabs.bcdh.uni-bonn.de/hector_heritage_assets/concept_fd4cbaed,-,-,Attisch,Compare LEAGROS GROUP by NATI,ca. 550–500 v. Chr.,Ton,"Tarquinia, Museo Nazionale Tarquiniese",679,BAPD 38,https://kerameikos.org/id/amphora,https://kerameikos.org/id/black_figure,https://kerameikos.org/id/athens,https://kerameikos.org/id/leagros_group,https://vocabs.bcdh.uni-bonn.de/hector_heritage_assets/de/page/concept_65909227,https://vocabs.bcdh.uni-bonn.de/hector_heritage_assets/de/page/concept_fd4cbaed
bapd_38_5,bapd_38_5.jpg,Herakles auf antiker Halsamphora (Compare LEAGROS GROUP),Transportamphora,http://vocabs.bcdh.uni-bonn.de/hector_heritage_assets/concept_65909227,-,Attisch schwarzfigurig,http://vocabs.bcdh.uni-bonn.de/hector_heritage_assets/concept_fd4cbaed,-,-,Attisch,Compare LEAGROS GROUP by NATI,ca. 550–500 v. Chr.,Ton,"Tarquinia, Museo Nazionale Tarquiniese",679,BAPD 38,https://kerameikos.org/id/amphora,https://kerameikos.org/id/black_figure,https://kerameikos.org/id/athens,https://kerameikos.org/id/leagros_group,https://vocabs.bcdh.uni-bonn.de/hector_heritage_assets/de/page/concept_65909227,https://vocabs.bcdh.uni-bonn.de/hector_heritage_assets/de/page/concept_fd4cbaed
bapd_390_1,bapd_390_1.jpg,Herakles auf antiker Hydria,Hydria,http://vocabs.bcdh.uni-bonn.de/hector_heritage_assets/concept_bf070035,-,Attisch schwarzfigurig,http://vocabs.bcdh.uni-bonn.de/hector_heritage_assets/concept_fd4cbaed,-,-,Attisch,,ca. 550–500 v. Chr.,Ton,"Charlecote, Fairfax-Lucy",,BAPD 390,https://kerameikos.org/id/hydria,https://kerameikos.org/id/black_figure,https://kerameikos.org/id/athens,,https://vocabs.bcdh.uni-bonn.de/hector_heritage_assets/de/page/concept_bf070035,https://vocabs.bcdh.uni-bonn.de/hector_heritage_assets/de/page/concept_fd4cbaed
bapd_390_10,bapd_390_10.jpg,Herakles auf antiker Hydria,Hydria,http://vocabs.bcdh.uni-bonn.de/hector_heritage_assets/concept_bf070035,-,Attisch schwarzfigurig,http://vocabs.bcdh.uni-bonn.de/hector_heritage_assets/concept_fd4cbaed,-,-,Attisch,,ca. 550–500 v. Chr.,Ton,"Charlecote, Fairfax-Lucy",,BAPD 390,https://kerameikos.org/id/hydria,https://kerameikos.org/id/black_figure,https://kerameikos.org/id/athens,,https://vocabs.bcdh.uni-bonn.de/hector_heritage_assets/de/page/concept_bf070035,https://vocabs.bcdh.uni-bonn.de/hector_heritage_assets/de/page/concept_fd4cbaed
bapd_390_11,bapd_390_11.jpg,Herakles auf antiker Hydria,Hydria,http://vocabs.bcdh.uni-bonn.de/hector_heritage_assets/concept_bf070035,-,Attisch schwarzfigurig,http://vocabs.bcdh.uni-bonn.de/hector_heritage_assets/concept_fd4cbaed,-,-,Attisch,,ca. 550–500 v. Chr.,Ton,"Charlecote, Fairfax-Lucy",,BAPD 390,https://kerameikos.org/id/hydria,https://kerameikos.org/id/black_figure,https://kerameikos.org/id/athens,,https://vocabs.bcdh.uni-bonn.de/hector_heritage_assets/de/page/concept_bf070035,https://vocabs.bcdh.uni-bonn.de/hector_heritage_assets/de/page/concept_fd4cbaed
bapd_390_12,bapd_390_12.jpg,Herakles auf antiker Hydria,Hydria,http://vocabs.bcdh.uni-bonn.de/hector_heritage_assets/concept_bf070035,-,Attisch schwarzfigurig,http://vocabs.bcdh.uni-bonn.de/hector_heritage_assets/concept_fd4cbaed,-,-,Attisch,,ca. 550–500 v. Chr.,Ton,"Charlecote, Fairfax-Lucy",,BAPD 390,https://kerameikos.org/id/hydria,https://kerameikos.org/id/black_figure,https://kerameikos.org/id/athens,,https://vocabs.bcdh.uni-bonn.de/hector_heritage_assets/de/page/concept_bf070035,https://vocabs.bcdh.uni-bonn.de/hector_heritage_assets/de/page/concept_fd4cbaed
bapd_390_2,bapd_390_2.jpg,Herakles auf antiker Hydria,Hydria,http://vocabs.bcdh.uni-bonn.de/hector_heritage_assets/concept_bf070035,-,Attisch schwarzfigurig,http://vocabs.bcdh.uni-bonn.de/hector_heritage_assets/concept_fd4cbaed,-,-,Attisch,,ca. 550–500 v. Chr.,Ton,"Charlecote, Fairfax-Lucy",,BAPD 390,https://kerameikos.org/id/hydria,https://kerameikos.org/id/black_figure,https://kerameikos.org/id/athens,,https://vocabs.bcdh.uni-bonn.de/hector_heritage_assets/de/page/concept_bf070035,https://vocabs.bcdh.uni-bonn.de/hector_heritage_assets/de/page/concept_fd4cbaed
bapd_390_3,bapd_390_3.jpg,Herakles auf antiker Hydria,Hydria,http://vocabs.bcdh.uni-bonn.de/hector_heritage_assets/concept_bf070035,-,Attisch schwarzfigurig,http://vocabs.bcdh.uni-bonn.de/hector_heritage_assets/concept_fd4cbaed,-,-,Attisch,,ca. 550–500 v. Chr.,Ton,"Charlecote, Fairfax-Lucy",,BAPD 390,https://kerameikos.org/id/hydria,https://kerameikos.org/id/black_figure,https://kerameikos.org/id/athens,,https://vocabs.bcdh.uni-bonn.de/hector_heritage_assets/de/page/concept_bf070035,https://vocabs.bcdh.uni-bonn.de/hector_heritage_assets/de/page/concept_fd4cbaed
bapd_390_4,bapd_390_4.jpg,Herakles auf antiker Hydria,Hydria,http://vocabs.bcdh.uni-bonn.de/hector_heritage_assets/concept_bf070035,-,Attisch schwarzfigurig,http://vocabs.bcdh.uni-bonn.de/hector_heritage_assets/concept_fd4cbaed,-,-,Attisch,,ca. 550–500 v. Chr.,Ton,"Charlecote, Fairfax-Lucy",,BAPD 390,https://kerameikos.org/id/hydria,https://kerameikos.org/id/black_figure,https://kerameikos.org/id/athens,,https://vocabs.bcdh.uni-bonn.de/hector_heritage_assets/de/page/concept_bf070035,https://vocabs.bcdh.uni-bonn.de/hector_heritage_assets/de/page/concept_fd4cbaed
bapd_390_5,bapd_390_5.jpg,Herakles auf antiker Hydria,Hydria,http://vocabs.bcdh.uni-bonn.de/hector_heritage_assets/concept_bf070035,-,Attisch schwarzfigurig,http://vocabs.bcdh.uni-bonn.de/hector_heritage_assets/concept_fd4cbaed,-,-,Attisch,,ca. 550–500 v. Chr.,Ton,"Charlecote, Fairfax-Lucy",,BAPD 390,https://kerameikos.org/id/hydria,https://kerameikos.org/id/black_figure,https://kerameikos.org/id/athens,,https://vocabs.bcdh.uni-bonn.de/hector_heritage_assets/de/page/concept_bf070035,https://vocabs.bcdh.uni-bonn.de/hector_heritage_assets/de/page/concept_fd4cbaed
bapd_390_6,bapd_390_6.jpg,Herakles auf antiker Hydria,Hydria,http://vocabs.bcdh.uni-bonn.de/hector_heritage_assets/concept_bf070035,-,Attisch schwarzfigurig,http://vocabs.bcdh.uni-bonn.de/hector_heritage_assets/concept_fd4cbaed,-,-,Attisch,,ca. 550–500 v. Chr.,Ton,"Charlecote, Fairfax-Lucy",,BAPD 390,https://kerameikos.org/id/hydria,https://kerameikos.org/id/black_figure,https://kerameikos.org/id/athens,,https://vocabs.bcdh.uni-bonn.de/hector_heritage_assets/de/page/concept_bf070035,https://vocabs.bcdh.uni-bonn.de/hector_heritage_assets/de/page/concept_fd4cbaed
bapd_390_7,bapd_390_7.jpg,Herakles auf antiker Hydria,Hydria,http://vocabs.bcdh.uni-bonn.de/hector_heritage_assets/concept_bf070035,-,Attisch schwarzfigurig,http://vocabs.bcdh.uni-bonn.de/hector_heritage_assets/concept_fd4cbaed,-,-,Attisch,,ca. 550–500 v. Chr.,Ton,"Charlecote, Fairfax-Lucy",,BAPD 390,https://kerameikos.org/id/hydria,https://kerameikos.org/id/black_figure,https://kerameikos.org/id/athens,,https://vocabs.bcdh.uni-bonn.de/hector_heritage_assets/de/page/concept_bf070035,https://vocabs.bcdh.uni-bonn.de/hector_heritage_assets/de/page/concept_fd4cbaed
bapd_390_8,bapd_390_8.jpg,Herakles auf antiker Hydria,Hydria,http://vocabs.bcdh.uni-bonn.de/hector_heritage_assets/concept_bf070035,-,Attisch schwarzfigurig,http://vocabs.bcdh.uni-bonn.de/hector_heritage_assets/concept_fd4cbaed,-,-,Attisch,,ca. 550–500 v. Chr.,Ton,"Charlecote, Fairfax-Lucy",,BAPD 390,https://kerameikos.org/id/hydria,https://kerameikos.org/id/black_figure,https://kerameikos.org/id/athens,,https://vocabs.bcdh.uni-bonn.de/hector_heritage_assets/de/page/concept_bf070035,https://vocabs.bcdh.uni-bonn.de/hector_heritage_assets/de/page/concept_fd4cbaed
bapd_390_9,bapd_390_9.jpg,Herakles auf antiker Hydria,Hydria,http://vocabs.bcdh.uni-bonn.de/hector_heritage_assets/concept_bf070035,-,Attisch schwarzfigurig,http://vocabs.bcdh.uni-bonn.de/hector_heritage_assets/concept_fd4cbaed,-,-,Attisch,,ca. 550–500 v. Chr.,Ton,"Charlecote, Fairfax-Lucy",,BAPD 390,https://kerameikos.org/id/hydria,https://kerameikos.org/id/black_figure,https://kerameikos.org/id/athens,,https://vocabs.bcdh.uni-bonn.de/hector_heritage_assets/de/page/concept_bf070035,https://vocabs.bcdh.uni-bonn.de/hector_heritage_assets/de/page/concept_fd4cbaed
bapd_395_1,bapd_395_1.jpg,Apollon auf antiker Krater,Krater,http://vocabs.bcdh.uni-bonn.de/hector_heritage_assets/concept_4ec3b0ea,-,Attisch Rotfigurig,http://vocabs.bcdh.uni-bonn.de/hector_heritage_assets/concept_69d3cf4c,-,-,Attisch,,ca. 425–375 v. Chr.,Ton,"Athens, Agora Museum",P10559,BAPD 395,https://kerameikos.org/id/krater,https://kerameikos.org/id/red_figure,https://kerameikos.org/id/athens,,https://vocabs.bcdh.uni-bonn.de/hector_heritage_assets/de/page/concept_4ec3b0ea,https://vocabs.bcdh.uni-bonn.de/hector_heritage_assets/de/page/concept_69d3cf4c
bapd_395_2,bapd_395_2.jpg,Apollon auf antiker Krater,Krater,http://vocabs.bcdh.uni-bonn.de/hector_heritage_assets/concept_4ec3b0ea,-,Attisch Rotfigurig,http://vocabs.bcdh.uni-bonn.de/hector_heritage_assets/concept_69d3cf4c,-,-,Attisch,,ca. 425–375 v. Chr.,Ton,"Athens, Agora Museum",P10559,BAPD 395,https://kerameikos.org/id/krater,https://kerameikos.org/id/red_figure,https://kerameikos.org/id/athens,,https://vocabs.bcdh.uni-bonn.de/hector_heritage_assets/de/page/concept_4ec3b0ea,https://vocabs.bcdh.uni-bonn.de/hector_heritage_assets/de/page/concept_69d3cf4c
bapd_395_3,bapd_395_3.jpg,Apollon auf antiker Krater,Krater,http://vocabs.bcdh.uni-bonn.de/hector_heritage_assets/concept_4ec3b0ea,-,Attisch Rotfigurig,http://vocabs.bcdh.uni-bonn.de/hector_heritage_assets/concept_69d3cf4c,-,-,Attisch,,ca. 425–375 v. Chr.,Ton,"Athens, Agora Museum",P10559,BAPD 395,https://kerameikos.org/id/krater,https://kerameikos.org/id/red_figure,https://kerameikos.org/id/athens,,https://vocabs.bcdh.uni-bonn.de/hector_heritage_assets/de/page/concept_4ec3b0ea,https://vocabs.bcdh.uni-bonn.de/hector_heritage_assets/de/page/concept_69d3cf4c
bapd_397_1,bapd_397_1.jpg,Herakles auf antiker Kylix (XENOKLES GROUP),Trinkschale,http://vocabs.bcdh.uni-bonn.de/hector_heritage_assets/concept_b1d6ebaf,-,Attisch schwarzfigurig,http://vocabs.bcdh.uni-bonn.de/hector_heritage_assets/concept_fd4cbaed,-,-,Attisch,XENOKLES GROUP by BEAZLEY,ca. 575–525 v. Chr.,Ton,"Tarquinia, Museo Nazionale Tarquiniese",RC4194,BAPD 397,https://kerameikos.org/id/kylix,https://kerameikos.org/id/black_figure,https://kerameikos.org/id/athens,,https://vocabs.bcdh.uni-bonn.de/hector_heritage_assets/de/page/concept_b1d6ebaf,https://vocabs.bcdh.uni-bonn.de/hector_heritage_assets/de/page/concept_fd4cbaed
bapd_397_2,bapd_397_2.jpg,Herakles auf antiker Kylix (XENOKLES GROUP),Trinkschale,http://vocabs.bcdh.uni-bonn.de/hector_heritage_assets/concept_b1d6ebaf,-,Attisch schwarzfigurig,http://vocabs.bcdh.uni-bonn.de/hector_heritage_assets/concept_fd4cbaed,-,-,Attisch,XENOKLES GROUP by BEAZLEY,ca. 575–525 v. Chr.,Ton,"Tarquinia, Museo Nazionale Tarquiniese",RC4194,BAPD 397,https://kerameikos.org/id/kylix,https://kerameikos.org/id/black_figure,https://kerameikos.org/id/athens,,https://vocabs.bcdh.uni-bonn.de/hector_heritage_assets/de/page/concept_b1d6ebaf,https://vocabs.bcdh.uni-bonn.de/hector_heritage_assets/de/page/concept_fd4cbaed
bapd_397_3,bapd_397_3.jpg,Herakles auf antiker Kylix (XENOKLES GROUP),Trinkschale,http://vocabs.bcdh.uni-bonn.de/hector_heritage_assets/concept_b1d6ebaf,-,Attisch schwarzfigurig,http://vocabs.bcdh.uni-bonn.de/hector_heritage_assets/concept_fd4cbaed,-,-,Attisch,XENOKLES GROUP by BEAZLEY,ca. 575–525 v. Chr.,Ton,"Tarquinia, Museo Nazionale Tarquiniese",RC4194,BAPD 397,https://kerameikos.org/id/kylix,https://kerameikos.org/id/black_figure,https://kerameikos.org/id/athens,,https://vocabs.bcdh.uni-bonn.de/hector_heritage_assets/de/page/concept_b1d6ebaf,https://vocabs.bcdh.uni-bonn.de/hector_heritage_assets/de/page/concept_fd4cbaed
bapd_401_1,bapd_401_1.jpg,Herakles auf antiker Kylix (ALKYONEUS P),Trinkschale,http://vocabs.bcdh.uni-bonn.de/hector_heritage_assets/concept_b1d6ebaf,-,Attisch Rotfigurig,http://vocabs.bcdh.uni-bonn.de/hector_heritage_assets/concept_69d3cf4c,-,-,Attisch,ALKYONEUS P by ANDREAE,ca. 500–450 v. Chr.,Ton,"Geneva, private, Boehringer",,BAPD 401,https://kerameikos.org/id/kylix,https://kerameikos.org/id/red_figure,https://kerameikos.org/id/athens,,https://vocabs.bcdh.uni-bonn.de/hector_heritage_assets/de/page/concept_b1d6ebaf,https://vocabs.bcdh.uni-bonn.de/hector_heritage_assets/de/page/concept_69d3cf4c
bapd_401_10,bapd_401_10.jpg,Herakles auf antiker Kylix (ALKYONEUS P),Trinkschale,http://vocabs.bcdh.uni-bonn.de/hector_heritage_assets/concept_b1d6ebaf,-,Attisch Rotfigurig,http://vocabs.bcdh.uni-bonn.de/hector_heritage_assets/concept_69d3cf4c,-,-,Attisch,ALKYONEUS P by ANDREAE,ca. 500–450 v. Chr.,Ton,"Geneva, private, Boehringer",,BAPD 401,https://kerameikos.org/id/kylix,https://kerameikos.org/id/red_figure,https://kerameikos.org/id/athens,,https://vocabs.bcdh.uni-bonn.de/hector_heritage_assets/de/page/concept_b1d6ebaf,https://vocabs.bcdh.uni-bonn.de/hector_heritage_assets/de/page/concept_69d3cf4c
bapd_401_11,bapd_401_11.jpg,Herakles auf antiker Kylix (ALKYONEUS P),Trinkschale,http://vocabs.bcdh.uni-bonn.de/hector_heritage_assets/concept_b1d6ebaf,-,Attisch Rotfigurig,http://vocabs.bcdh.uni-bonn.de/hector_heritage_assets/concept_69d3cf4c,-,-,Attisch,ALKYONEUS P by ANDREAE,ca. 500–450 v. Chr.,Ton,"Geneva, private, Boehringer",,BAPD 401,https://kerameikos.org/id/kylix,https://kerameikos.org/id/red_figure,https://kerameikos.org/id/athens,,https://vocabs.bcdh.uni-bonn.de/hector_heritage_assets/de/page/concept_b1d6ebaf,https://vocabs.bcdh.uni-bonn.de/hector_heritage_assets/de/page/concept_69d3cf4c
bapd_401_12,bapd_401_12.jpg,Herakles auf antiker Kylix (ALKYONEUS P),Trinkschale,http://vocabs.bcdh.uni-bonn.de/hector_heritage_assets/concept_b1d6ebaf,-,Attisch Rotfigurig,http://vocabs.bcdh.uni-bonn.de/hector_heritage_assets/concept_69d3cf4c,-,-,Attisch,ALKYONEUS P by ANDREAE,ca. 500–450 v. Chr.,Ton,"Geneva, private, Boehringer",,BAPD 401,https://kerameikos.org/id/kylix,https://kerameikos.org/id/red_figure,https://kerameikos.org/id/athens,,https://vocabs.bcdh.uni-bonn.de/hector_heritage_assets/de/page/concept_b1d6ebaf,https://vocabs.bcdh.uni-bonn.de/hector_heritage_assets/de/page/concept_69d3cf4c
bapd_401_2,bapd_401_2.jpg,Herakles auf antiker Kylix (ALKYONEUS P),Trinkschale,http://vocabs.bcdh.uni-bonn.de/hector_heritage_assets/concept_b1d6ebaf,-,Attisch Rotfigurig,http://vocabs.bcdh.uni-bonn.de/hector_heritage_assets/concept_69d3cf4c,-,-,Attisch,ALKYONEUS P by ANDREAE,ca. 500–450 v. Chr.,Ton,"Geneva, private, Boehringer",,BAPD 401,https://kerameikos.org/id/kylix,https://kerameikos.org/id/red_figure,https://kerameikos.org/id/athens,,https://vocabs.bcdh.uni-bonn.de/hector_heritage_assets/de/page/concept_b1d6ebaf,https://vocabs.bcdh.uni-bonn.de/hector_heritage_assets/de/page/concept_69d3cf4c
bapd_401_3,bapd_401_3.jpg,Herakles auf antiker Kylix (ALKYONEUS P),Trinkschale,http://vocabs.bcdh.uni-bonn.de/hector_heritage_assets/concept_b1d6ebaf,-,Attisch Rotfigurig,http://vocabs.bcdh.uni-bonn.de/hector_heritage_assets/concept_69d3cf4c,-,-,Attisch,ALKYONEUS P by ANDREAE,ca. 500–450 v. Chr.,Ton,"Geneva, private, Boehringer",,BAPD 401,https://kerameikos.org/id/kylix,https://kerameikos.org/id/red_figure,https://kerameikos.org/id/athens,,https://vocabs.bcdh.uni-bonn.de/hector_heritage_assets/de/page/concept_b1d6ebaf,https://vocabs.bcdh.uni-bonn.de/hector_heritage_assets/de/page/concept_69d3cf4c
bapd_401_4,bapd_401_4.jpg,Herakles auf antiker Kylix (ALKYONEUS P),Trinkschale,http://vocabs.bcdh.uni-bonn.de/hector_heritage_assets/concept_b1d6ebaf,-,Attisch Rotfigurig,http://vocabs.bcdh.uni-bonn.de/hector_heritage_assets/concept_69d3cf4c,-,-,Attisch,ALKYONEUS P by ANDREAE,ca. 500–450 v. Chr.,Ton,"Geneva, private, Boehringer",,BAPD 401,https://kerameikos.org/id/kylix,https://kerameikos.org/id/red_figure,https://kerameikos.org/id/athens,,https://vocabs.bcdh.uni-bonn.de/hector_heritage_assets/de/page/concept_b1d6ebaf,https://vocabs.bcdh.uni-bonn.de/hector_heritage_assets/de/page/concept_69d3cf4c
bapd_401_5,bapd_401_5.jpg,Herakles auf antiker Kylix (ALKYONEUS P),Trinkschale,http://vocabs.bcdh.uni-bonn.de/hector_heritage_assets/concept_b1d6ebaf,-,Attisch Rotfigurig,http://vocabs.bcdh.uni-bonn.de/hector_heritage_assets/concept_69d3cf4c,-,-,Attisch,ALKYONEUS P by ANDREAE,ca. 500–450 v. Chr.,Ton,"Geneva, private, Boehringer",,BAPD 401,https://kerameikos.org/id/kylix,https://kerameikos.org/id/red_figure,https://kerameikos.org/id/athens,,https://vocabs.bcdh.uni-bonn.de/hector_heritage_assets/de/page/concept_b1d6ebaf,https://vocabs.bcdh.uni-bonn.de/hector_heritage_assets/de/page/concept_69d3cf4c
bapd_401_6,bapd_401_6.jpg,Herakles auf antiker Kylix (ALKYONEUS P),Trinkschale,http://vocabs.bcdh.uni-bonn.de/hector_heritage_assets/concept_b1d6ebaf,-,Attisch Rotfigurig,http://vocabs.bcdh.uni-bonn.de/hector_heritage_assets/concept_69d3cf4c,-,-,Attisch,ALKYONEUS P by ANDREAE,ca. 500–450 v. Chr.,Ton,"Geneva, private, Boehringer",,BAPD 401,https://kerameikos.org/id/kylix,https://kerameikos.org/id/red_figure,https://kerameikos.org/id/athens,,https://vocabs.bcdh.uni-bonn.de/hector_heritage_assets/de/page/concept_b1d6ebaf,https://vocabs.bcdh.uni-bonn.de/hector_heritage_assets/de/page/concept_69d3cf4c
bapd_401_7,bapd_401_7.jpg,Herakles auf antiker Kylix (ALKYONEUS P),Trinkschale,http://vocabs.bcdh.uni-bonn.de/hector_heritage_assets/concept_b1d6ebaf,-,Attisch Rotfigurig,http://vocabs.bcdh.uni-bonn.de/hector_heritage_assets/concept_69d3cf4c,-,-,Attisch,ALKYONEUS P by ANDREAE,ca. 500–450 v. Chr.,Ton,"Geneva, private, Boehringer",,BAPD 401,https://kerameikos.org/id/kylix,https://kerameikos.org/id/red_figure,https://kerameikos.org/id/athens,,https://vocabs.bcdh.uni-bonn.de/hector_heritage_assets/de/page/concept_b1d6ebaf,https://vocabs.bcdh.uni-bonn.de/hector_heritage_assets/de/page/concept_69d3cf4c
bapd_401_8,bapd_401_8.jpg,Herakles auf antiker Kylix (ALKYONEUS P),Trinkschale,http://vocabs.bcdh.uni-bonn.de/hector_heritage_assets/concept_b1d6ebaf,-,Attisch Rotfigurig,http://vocabs.bcdh.uni-bonn.de/hector_heritage_assets/concept_69d3cf4c,-,-,Attisch,ALKYONEUS P by ANDREAE,ca. 500–450 v. Chr.,Ton,"Geneva, private, Boehringer",,BAPD 401,https://kerameikos.org/id/kylix,https://kerameikos.org/id/red_figure,https://kerameikos.org/id/athens,,https://vocabs.bcdh.uni-bonn.de/hector_heritage_assets/de/page/concept_b1d6ebaf,https://vocabs.bcdh.uni-bonn.de/hector_heritage_assets/de/page/concept_69d3cf4c
bapd_401_9,bapd_401_9.jpg,Herakles auf antiker Kylix (ALKYONEUS P),Trinkschale,http://vocabs.bcdh.uni-bonn.de/hector_heritage_assets/concept_b1d6ebaf,-,Attisch Rotfigurig,http://vocabs.bcdh.uni-bonn.de/hector_heritage_assets/concept_69d3cf4c,-,-,Attisch,ALKYONEUS P by ANDREAE,ca. 500–450 v. Chr.,Ton,"Geneva, private, Boehringer",,BAPD 401,https://kerameikos.org/id/kylix,https://kerameikos.org/id/red_figure,https://kerameikos.org/id/athens,,https://vocabs.bcdh.uni-bonn.de/hector_heritage_assets/de/page/concept_b1d6ebaf,https://vocabs.bcdh.uni-bonn.de/hector_heritage_assets/de/page/concept_69d3cf4c
bapd_40_1,bapd_40_1.jpg,Dionysos auf antiker Halsamphora,Transportamphora,http://vocabs.bcdh.uni-bonn.de/hector_heritage_assets/concept_65909227,-,Attisch Rotfigurig,http://vocabs.bcdh.uni-bonn.de/hector_heritage_assets/concept_69d3cf4c,-,-,Attisch,,ca. 475–425 v. Chr.,Ton,"London, market, Christie's",,BAPD 40,https://kerameikos.org/id/amphora,https://kerameikos.org/id/red_figure,https://kerameikos.org/id/athens,,https://vocabs.bcdh.uni-bonn.de/hector_heritage_assets/de/page/concept_65909227,https://vocabs.bcdh.uni-bonn.de/hector_heritage_assets/de/page/concept_69d3cf4c
bapd_40_2,bapd_40_2.jpg,Dionysos auf antiker Halsamphora,Transportamphora,http://vocabs.bcdh.uni-bonn.de/hector_heritage_assets/concept_65909227,-,Attisch Rotfigurig,http://vocabs.bcdh.uni-bonn.de/hector_heritage_assets/concept_69d3cf4c,-,-,Attisch,,ca. 475–425 v. Chr.,Ton,"London, market, Christie's",,BAPD 40,https://kerameikos.org/id/amphora,https://kerameikos.org/id/red_figure,https://kerameikos.org/id/athens,,https://vocabs.bcdh.uni-bonn.de/hector_heritage_assets/de/page/concept_65909227,https://vocabs.bcdh.uni-bonn.de/hector_heritage_assets/de/page/concept_69d3cf4c
bapd_40_3,bapd_40_3.jpg,Dionysos auf antiker Halsamphora,Transportamphora,http://vocabs.bcdh.uni-bonn.de/hector_heritage_assets/concept_65909227,-,Attisch Rotfigurig,http://vocabs.bcdh.uni-bonn.de/hector_heritage_assets/concept_69d3cf4c,-,-,Attisch,,ca. 475–425 v. Chr.,Ton,"London, market, Christie's",,BAPD 40,https://kerameikos.org/id/amphora,https://kerameikos.org/id/red_figure,https://kerameikos.org/id/athens,,https://vocabs.bcdh.uni-bonn.de/hector_heritage_assets/de/page/concept_65909227,https://vocabs.bcdh.uni-bonn.de/hector_heritage_assets/de/page/concept_69d3cf4c
bapd_425_1,bapd_425_1.jpg,Herakles auf antiker Kylix,Trinkschale,http://vocabs.bcdh.uni-bonn.de/hector_heritage_assets/concept_b1d6ebaf,-,Attisch schwarzfigurig,http://vocabs.bcdh.uni-bonn.de/hector_heritage_assets/concept_fd4cbaed,-,-,Attisch,,ca. 575–525 v. Chr.,Ton,"Hamburg, Museum für Kunst und Gewerbe",1961.61,BAPD 425,https://kerameikos.org/id/kylix,https://kerameikos.org/id/black_figure,https://kerameikos.org/id/athens,,https://vocabs.bcdh.uni-bonn.de/hector_heritage_assets/de/page/concept_b1d6ebaf,https://vocabs.bcdh.uni-bonn.de/hector_heritage_assets/de/page/concept_fd4cbaed
bapd_425_2,bapd_425_2.jpg,Herakles auf antiker Kylix,Trinkschale,http://vocabs.bcdh.uni-bonn.de/hector_heritage_assets/concept_b1d6ebaf,-,Attisch schwarzfigurig,http://vocabs.bcdh.uni-bonn.de/hector_heritage_assets/concept_fd4cbaed,-,-,Attisch,,ca. 575–525 v. Chr.,Ton,"Hamburg, Museum für Kunst und Gewerbe",1961.61,BAPD 425,https://kerameikos.org/id/kylix,https://kerameikos.org/id/black_figure,https://kerameikos.org/id/athens,,https://vocabs.bcdh.uni-bonn.de/hector_heritage_assets/de/page/concept_b1d6ebaf,https://vocabs.bcdh.uni-bonn.de/hector_heritage_assets/de/page/concept_fd4cbaed
bapd_425_3,bapd_425_3.jpg,Herakles auf antiker Kylix,Trinkschale,http://vocabs.bcdh.uni-bonn.de/hector_heritage_assets/concept_b1d6ebaf,-,Attisch schwarzfigurig,http://vocabs.bcdh.uni-bonn.de/hector_heritage_assets/concept_fd4cbaed,-,-,Attisch,,ca. 575–525 v. Chr.,Ton,"Hamburg, Museum für Kunst und Gewerbe",1961.61,BAPD 425,https://kerameikos.org/id/kylix,https://kerameikos.org/id/black_figure,https://kerameikos.org/id/athens,,https://vocabs.bcdh.uni-bonn.de/hector_heritage_assets/de/page/concept_b1d6ebaf,https://vocabs.bcdh.uni-bonn.de/hector_heritage_assets/de/page/concept_fd4cbaed
bapd_45_1,bapd_45_1.jpg,Dionysos auf antiker Halsamphora,Transportamphora,http://vocabs.bcdh.uni-bonn.de/hector_heritage_assets/concept_65909227,-,Attisch schwarzfigurig,http://vocabs.bcdh.uni-bonn.de/hector_heritage_assets/concept_fd4cbaed,-,-,Attisch,,ca. 550–500 v. Chr.,Ton,"Madrid, market, J. Bagot Arqueologia - Ancient Art",,BAPD 45,https://kerameikos.org/id/amphora,https://kerameikos.org/id/black_figure,https://kerameikos.org/id/athens,,https://vocabs.bcdh.uni-bonn.de/hector_heritage_assets/de/page/concept_65909227,https://vocabs.bcdh.uni-bonn.de/hector_heritage_assets/de/page/concept_fd4cbaed
bapd_45_2,bapd_45_2.jpg,Dionysos auf antiker Halsamphora,Transportamphora,http://vocabs.bcdh.uni-bonn.de/hector_heritage_assets/concept_65909227,-,Attisch schwarzfigurig,http://vocabs.bcdh.uni-bonn.de/hector_heritage_assets/concept_fd4cbaed,-,-,Attisch,,ca. 550–500 v. Chr.,Ton,"Madrid, market, J. Bagot Arqueologia - Ancient Art",,BAPD 45,https://kerameikos.org/id/amphora,https://kerameikos.org/id/black_figure,https://kerameikos.org/id/athens,,https://vocabs.bcdh.uni-bonn.de/hector_heritage_assets/de/page/concept_65909227,https://vocabs.bcdh.uni-bonn.de/hector_heritage_assets/de/page/concept_fd4cbaed
bapd_45_3,bapd_45_3.jpg,Dionysos auf antiker Halsamphora,Transportamphora,http://vocabs.bcdh.uni-bonn.de/hector_heritage_assets/concept_65909227,-,Attisch schwarzfigurig,http://vocabs.bcdh.uni-bonn.de/hector_heritage_assets/concept_fd4cbaed,-,-,Attisch,,ca. 550–500 v. Chr.,Ton,"Madrid, market, J. Bagot Arqueologia - Ancient Art",,BAPD 45,https://kerameikos.org/id/amphora,https://kerameikos.org/id/black_figure,https://kerameikos.org/id/athens,,https://vocabs.bcdh.uni-bonn.de/hector_heritage_assets/de/page/concept_65909227,https://vocabs.bcdh.uni-bonn.de/hector_heritage_assets/de/page/concept_fd4cbaed
bapd_45_4,bapd_45_4.jpg,Dionysos auf antiker Halsamphora,Transportamphora,http://vocabs.bcdh.uni-bonn.de/hector_heritage_assets/concept_65909227,-,Attisch schwarzfigurig,http://vocabs.bcdh.uni-bonn.de/hector_heritage_assets/concept_fd4cbaed,-,-,Attisch,,ca. 550–500 v. Chr.,Ton,"Madrid, market, J. Bagot Arqueologia - Ancient Art",,BAPD 45,https://kerameikos.org/id/amphora,https://kerameikos.org/id/black_figure,https://kerameikos.org/id/athens,,https://vocabs.bcdh.uni-bonn.de/hector_heritage_assets/de/page/concept_65909227,https://vocabs.bcdh.uni-bonn.de/hector_heritage_assets/de/page/concept_fd4cbaed
bapd_45_5,bapd_45_5.jpg,Dionysos auf antiker Halsamphora,Transportamphora,http://vocabs.bcdh.uni-bonn.de/hector_heritage_assets/concept_65909227,-,Attisch schwarzfigurig,http://vocabs.bcdh.uni-bonn.de/hector_heritage_assets/concept_fd4cbaed,-,-,Attisch,,ca. 550–500 v. Chr.,Ton,"Madrid, market, J. Bagot Arqueologia - Ancient Art",,BAPD 45,https://kerameikos.org/id/amphora,https://kerameikos.org/id/black_figure,https://kerameikos.org/id/athens,,https://vocabs.bcdh.uni-bonn.de/hector_heritage_assets/de/page/concept_65909227,https://vocabs.bcdh.uni-bonn.de/hector_heritage_assets/de/page/concept_fd4cbaed
bapd_45_6,bapd_45_6.jpg,Dionysos auf antiker Halsamphora,Transportamphora,http://vocabs.bcdh.uni-bonn.de/hector_heritage_assets/concept_65909227,-,Attisch schwarzfigurig,http://vocabs.bcdh.uni-bonn.de/hector_heritage_assets/concept_fd4cbaed,-,-,Attisch,,ca. 550–500 v. Chr.,Ton,"Madrid, market, J. Bagot Arqueologia - Ancient Art",,BAPD 45,https://kerameikos.org/id/amphora,https://kerameikos.org/id/black_figure,https://kerameikos.org/id/athens,,https://vocabs.bcdh.uni-bonn.de/hector_heritage_assets/de/page/concept_65909227,https://vocabs.bcdh.uni-bonn.de/hector_heritage_assets/de/page/concept_fd4cbaed
bapd_461_1,bapd_461_1.jpg,Herakles auf antiker Lekythos (DIOSPHOS P),Lekythos,http://vocabs.bcdh.uni-bonn.de/hector_heritage_assets/concept_5b62f4af,-,Attisch schwarzfigurig,http://vocabs.bcdh.uni-bonn.de/hector_heritage_assets/concept_fd4cbaed,-,-,Attisch,DIOSPHOS P by BEAZLEY DIOSPHOS P by HASPELS,ca. 525–475 v. Chr.,Ton,"Paris, Musée du Louvre",CA598,BAPD 461,https://kerameikos.org/id/lekythos,https://kerameikos.org/id/black_figure,https://kerameikos.org/id/athens,,https://vocabs.bcdh.uni-bonn.de/hector_heritage_assets/de/page/concept_5b62f4af,https://vocabs.bcdh.uni-bonn.de/hector_heritage_assets/de/page/concept_fd4cbaed
bapd_461_2,bapd_461_2.jpg,Herakles auf antiker Lekythos (DIOSPHOS P),Lekythos,http://vocabs.bcdh.uni-bonn.de/hector_heritage_assets/concept_5b62f4af,-,Attisch schwarzfigurig,http://vocabs.bcdh.uni-bonn.de/hector_heritage_assets/concept_fd4cbaed,-,-,Attisch,DIOSPHOS P by BEAZLEY DIOSPHOS P by HASPELS,ca. 525–475 v. Chr.,Ton,"Paris, Musée du Louvre",CA598,BAPD 461,https://kerameikos.org/id/lekythos,https://kerameikos.org/id/black_figure,https://kerameikos.org/id/athens,,https://vocabs.bcdh.uni-bonn.de/hector_heritage_assets/de/page/concept_5b62f4af,https://vocabs.bcdh.uni-bonn.de/hector_heritage_assets/de/page/concept_fd4cbaed
bapd_466_1,bapd_466_1.jpg,Herakles auf antiker Skyphos (THESEUS P),Skyphos,http://vocabs.bcdh.uni-bonn.de/hector_heritage_assets/concept_9961a74e,-,Attisch schwarzfigurig,http://vocabs.bcdh.uni-bonn.de/hector_heritage_assets/concept_fd4cbaed,-,-,Attisch,THESEUS P by HASPELS,ca. 525–475 v. Chr.,Ton,"London, British Museum",1902.12-18.3,BAPD 466,https://kerameikos.org/id/skyphos,https://kerameikos.org/id/black_figure,https://kerameikos.org/id/athens,,https://vocabs.bcdh.uni-bonn.de/hector_heritage_assets/de/page/concept_9961a74e,https://vocabs.bcdh.uni-bonn.de/hector_heritage_assets/de/page/concept_fd4cbaed
bapd_466_2,bapd_466_2.jpg,Herakles auf antiker Skyphos (THESEUS P),Skyphos,http://vocabs.bcdh.uni-bonn.de/hector_heritage_assets/concept_9961a74e,-,Attisch schwarzfigurig,http://vocabs.bcdh.uni-bonn.de/hector_heritage_assets/concept_fd4cbaed,-,-,Attisch,THESEUS P by HASPELS,ca. 525–475 v. Chr.,Ton,"London, British Museum",1902.12-18.3,BAPD 466,https://kerameikos.org/id/skyphos,https://kerameikos.org/id/black_figure,https://kerameikos.org/id/athens,,https://vocabs.bcdh.uni-bonn.de/hector_heritage_assets/de/page/concept_9961a74e,https://vocabs.bcdh.uni-bonn.de/hector_heritage_assets/de/page/concept_fd4cbaed
bapd_466_3,bapd_466_3.jpg,Herakles auf antiker Skyphos (THESEUS P),Skyphos,http://vocabs.bcdh.uni-bonn.de/hector_heritage_assets/concept_9961a74e,-,Attisch schwarzfigurig,http://vocabs.bcdh.uni-bonn.de/hector_heritage_assets/concept_fd4cbaed,-,-,Attisch,THESEUS P by HASPELS,ca. 525–475 v. Chr.,Ton,"London, British Museum",1902.12-18.3,BAPD 466,https://kerameikos.org/id/skyphos,https://kerameikos.org/id/black_figure,https://kerameikos.org/id/athens,,https://vocabs.bcdh.uni-bonn.de/hector_heritage_assets/de/page/concept_9961a74e,https://vocabs.bcdh.uni-bonn.de/hector_heritage_assets/de/page/concept_fd4cbaed
bapd_471_1,bapd_471_1.jpg,Herakles auf antiker Lekythos (GELA P),Lekythos,http://vocabs.bcdh.uni-bonn.de/hector_heritage_assets/concept_5b62f4af,-,Attisch schwarzfigurig,http://vocabs.bcdh.uni-bonn.de/hector_heritage_assets/concept_fd4cbaed,-,-,Attisch,GELA P by HASPELS,ca. 525–475 v. Chr.,Ton,"Agrigento, Museo Archeologico Regionale",R145,BAPD 471,https://kerameikos.org/id/lekythos,https://kerameikos.org/id/black_figure,https://kerameikos.org/id/athens,https://kerameikos.org/id/gela_painter,https://vocabs.bcdh.uni-bonn.de/hector_heritage_assets/de/page/concept_5b62f4af,https://vocabs.bcdh.uni-bonn.de/hector_heritage_assets/de/page/concept_fd4cbaed
bapd_471_2,bapd_471_2.jpg,Herakles auf antiker Lekythos (GELA P),Lekythos,http://vocabs.bcdh.uni-bonn.de/hector_heritage_assets/concept_5b62f4af,-,Attisch schwarzfigurig,http://vocabs.bcdh.uni-bonn.de/hector_heritage_assets/concept_fd4cbaed,-,-,Attisch,GELA P by HASPELS,ca. 525–475 v. Chr.,Ton,"Agrigento, Museo Archeologico Regionale",R145,BAPD 471,https://kerameikos.org/id/lekythos,https://kerameikos.org/id/black_figure,https://kerameikos.org/id/athens,https://kerameikos.org/id/gela_painter,https://vocabs.bcdh.uni-bonn.de/hector_heritage_assets/de/page/concept_5b62f4af,https://vocabs.bcdh.uni-bonn.de/hector_heritage_assets/de/page/concept_fd4cbaed
bapd_471_3,bapd_471_3.jpg,Herakles auf antiker Lekythos (GELA P),Lekythos,http://vocabs.bcdh.uni-bonn.de/hector_heritage_assets/concept_5b62f4af,-,Attisch schwarzfigurig,http://vocabs.bcdh.uni-bonn.de/hector_heritage_assets/concept_fd4cbaed,-,-,Attisch,GELA P by HASPELS,ca. 525–475 v. Chr.,Ton,"Agrigento, Museo Archeologico Regionale",R145,BAPD 471,https://kerameikos.org/id/lekythos,https://kerameikos.org/id/black_figure,https://kerameikos.org/id/athens,https://kerameikos.org/id/gela_painter,https://vocabs.bcdh.uni-bonn.de/hector_heritage_assets/de/page/concept_5b62f4af,https://vocabs.bcdh.uni-bonn.de/hector_heritage_assets/de/page/concept_fd4cbaed
bapd_471_4,bapd_471_4.jpg,Herakles auf antiker Lekythos (GELA P),Lekythos,http://vocabs.bcdh.uni-bonn.de/hector_heritage_assets/concept_5b62f4af,-,Attisch schwarzfigurig,http://vocabs.bcdh.uni-bonn.de/hector_heritage_assets/concept_fd4cbaed,-,-,Attisch,GELA P by HASPELS,ca. 525–475 v. Chr.,Ton,"Agrigento, Museo Archeologico Regionale",R145,BAPD 471,https://kerameikos.org/id/lekythos,https://kerameikos.org/id/black_figure,https://kerameikos.org/id/athens,https://kerameikos.org/id/gela_painter,https://vocabs.bcdh.uni-bonn.de/hector_heritage_assets/de/page/concept_5b62f4af,https://vocabs.bcdh.uni-bonn.de/hector_heritage_assets/de/page/concept_fd4cbaed
bapd_471_5,bapd_471_5.jpg,Herakles auf antiker Lekythos (GELA P),Lekythos,http://vocabs.bcdh.uni-bonn.de/hector_heritage_assets/concept_5b62f4af,-,Attisch schwarzfigurig,http://vocabs.bcdh.uni-bonn.de/hector_heritage_assets/concept_fd4cbaed,-,-,Attisch,GELA P by HASPELS,ca. 525–475 v. Chr.,Ton,"Agrigento, Museo Archeologico Regionale",R145,BAPD 471,https://kerameikos.org/id/lekythos,https://kerameikos.org/id/black_figure,https://kerameikos.org/id/athens,https://kerameikos.org/id/gela_painter,https://vocabs.bcdh.uni-bonn.de/hector_heritage_assets/de/page/concept_5b62f4af,https://vocabs.bcdh.uni-bonn.de/hector_heritage_assets/de/page/concept_fd4cbaed
bapd_471_6,bapd_471_6.jpg,Herakles auf antiker Lekythos (GELA P),Lekythos,http://vocabs.bcdh.uni-bonn.de/hector_heritage_assets/concept_5b62f4af,-,Attisch schwarzfigurig,http://vocabs.bcdh.uni-bonn.de/hector_heritage_assets/concept_fd4cbaed,-,-,Attisch,GELA P by HASPELS,ca. 525–475 v. Chr.,Ton,"Agrigento, Museo Archeologico Regionale",R145,BAPD 471,https://kerameikos.org/id/lekythos,https://kerameikos.org/id/black_figure,https://kerameikos.org/id/athens,https://kerameikos.org/id/gela_painter,https://vocabs.bcdh.uni-bonn.de/hector_heritage_assets/de/page/concept_5b62f4af,https://vocabs.bcdh.uni-bonn.de/hector_heritage_assets/de/page/concept_fd4cbaed
bapd_473_1,bapd_473_1.jpg,Apollon auf antiker Stamnos,Stamnos,http://vocabs.bcdh.uni-bonn.de/hector_heritage_assets/concept_f17f817a,-,Attisch schwarzfigurig,http://vocabs.bcdh.uni-bonn.de/hector_heritage_assets/concept_fd4cbaed,-,-,Attisch,,ca. 525–475 v. Chr.,Ton,"Paris, Cabinet des Medailles",251,BAPD 473,https://kerameikos.org/id/stamnos,https://kerameikos.org/id/black_figure,https://kerameikos.org/id/athens,,https://vocabs.bcdh.uni-bonn.de/hector_heritage_assets/de/page/concept_f17f817a,https://vocabs.bcdh.uni-bonn.de/hector_heritage_assets/de/page/concept_fd4cbaed
bapd_473_2,bapd_473_2.jpg,Apollon auf antiker Stamnos,Stamnos,http://vocabs.bcdh.uni-bonn.de/hector_heritage_assets/concept_f17f817a,-,Attisch schwarzfigurig,http://vocabs.bcdh.uni-bonn.de/hector_heritage_assets/concept_fd4cbaed,-,-,Attisch,,ca. 525–475 v. Chr.,Ton,"Paris, Cabinet des Medailles",251,BAPD 473,https://kerameikos.org/id/stamnos,https://kerameikos.org/id/black_figure,https://kerameikos.org/id/athens,,https://vocabs.bcdh.uni-bonn.de/hector_heritage_assets/de/page/concept_f17f817a,https://vocabs.bcdh.uni-bonn.de/hector_heritage_assets/de/page/concept_fd4cbaed
bapd_473_3,bapd_473_3.jpg,Apollon auf antiker Stamnos,Stamnos,http://vocabs.bcdh.uni-bonn.de/hector_heritage_assets/concept_f17f817a,-,Attisch schwarzfigurig,http://vocabs.bcdh.uni-bonn.de/hector_heritage_assets/concept_fd4cbaed,-,-,Attisch,,ca. 525–475 v. Chr.,Ton,"Paris, Cabinet des Medailles",251,BAPD 473,https://kerameikos.org/id/stamnos,https://kerameikos.org/id/black_figure,https://kerameikos.org/id/athens,,https://vocabs.bcdh.uni-bonn.de/hector_heritage_assets/de/page/concept_f17f817a,https://vocabs.bcdh.uni-bonn.de/hector_heritage_assets/de/page/concept_fd4cbaed
bapd_473_4,bapd_473_4.jpg,Apollon auf antiker Stamnos,Stamnos,http://vocabs.bcdh.uni-bonn.de/hector_heritage_assets/concept_f17f817a,-,Attisch schwarzfigurig,http://vocabs.bcdh.uni-bonn.de/hector_heritage_assets/concept_fd4cbaed,-,-,Attisch,,ca. 525–475 v. Chr.,Ton,"Paris, Cabinet des Medailles",251,BAPD 473,https://kerameikos.org/id/stamnos,https://kerameikos.org/id/black_figure,https://kerameikos.org/id/athens,,https://vocabs.bcdh.uni-bonn.de/hector_heritage_assets/de/page/concept_f17f817a,https://vocabs.bcdh.uni-bonn.de/hector_heritage_assets/de/page/concept_fd4cbaed
bapd_473_5,bapd_473_5.jpg,Apollon auf antiker Stamnos,Stamnos,http://vocabs.bcdh.uni-bonn.de/hector_heritage_assets/concept_f17f817a,-,Attisch schwarzfigurig,http://vocabs.bcdh.uni-bonn.de/hector_heritage_assets/concept_fd4cbaed,-,-,Attisch,,ca. 525–475 v. Chr.,Ton,"Paris, Cabinet des Medailles",251,BAPD 473,https://kerameikos.org/id/stamnos,https://kerameikos.org/id/black_figure,https://kerameikos.org/id/athens,,https://vocabs.bcdh.uni-bonn.de/hector_heritage_assets/de/page/concept_f17f817a,https://vocabs.bcdh.uni-bonn.de/hector_heritage_assets/de/page/concept_fd4cbaed
bapd_473_6,bapd_473_6.jpg,Apollon auf antiker Stamnos,Stamnos,http://vocabs.bcdh.uni-bonn.de/hector_heritage_assets/concept_f17f817a,-,Attisch schwarzfigurig,http://vocabs.bcdh.uni-bonn.de/hector_heritage_assets/concept_fd4cbaed,-,-,Attisch,,ca. 525–475 v. Chr.,Ton,"Paris, Cabinet des Medailles",251,BAPD 473,https://kerameikos.org/id/stamnos,https://kerameikos.org/id/black_figure,https://kerameikos.org/id/athens,,https://vocabs.bcdh.uni-bonn.de/hector_heritage_assets/de/page/concept_f17f817a,https://vocabs.bcdh.uni-bonn.de/hector_heritage_assets/de/page/concept_fd4cbaed
bapd_473_7,bapd_473_7.jpg,Apollon auf antiker Stamnos,Stamnos,http://vocabs.bcdh.uni-bonn.de/hector_heritage_assets/concept_f17f817a,-,Attisch schwarzfigurig,http://vocabs.bcdh.uni-bonn.de/hector_heritage_assets/concept_fd4cbaed,-,-,Attisch,,ca. 525–475 v. Chr.,Ton,"Paris, Cabinet des Medailles",251,BAPD 473,https://kerameikos.org/id/stamnos,https://kerameikos.org/id/black_figure,https://kerameikos.org/id/athens,,https://vocabs.bcdh.uni-bonn.de/hector_heritage_assets/de/page/concept_f17f817a,https://vocabs.bcdh.uni-bonn.de/hector_heritage_assets/de/page/concept_fd4cbaed
bapd_473_8,bapd_473_8.jpg,Apollon auf antiker Stamnos,Stamnos,http://vocabs.bcdh.uni-bonn.de/hector_heritage_assets/concept_f17f817a,-,Attisch schwarzfigurig,http://vocabs.bcdh.uni-bonn.de/hector_heritage_assets/concept_fd4cbaed,-,-,Attisch,,ca. 525–475 v. Chr.,Ton,"Paris, Cabinet des Medailles",251,BAPD 473,https://kerameikos.org/id/stamnos,https://kerameikos.org/id/black_figure,https://kerameikos.org/id/athens,,https://vocabs.bcdh.uni-bonn.de/hector_heritage_assets/de/page/concept_f17f817a,https://vocabs.bcdh.uni-bonn.de/hector_heritage_assets/de/page/concept_fd4cbaed
bapd_473_9,bapd_473_9.jpg,Apollon auf antiker Stamnos,Stamnos,http://vocabs.bcdh.uni-bonn.de/hector_heritage_assets/concept_f17f817a,-,Attisch schwarzfigurig,http://vocabs.bcdh.uni-bonn.de/hector_heritage_assets/concept_fd4cbaed,-,-,Attisch,,ca. 525–475 v. Chr.,Ton,"Paris, Cabinet des Medailles",251,BAPD 473,https://kerameikos.org/id/stamnos,https://kerameikos.org/id/black_figure,https://kerameikos.org/id/athens,,https://vocabs.bcdh.uni-bonn.de/hector_heritage_assets/de/page/concept_f17f817a,https://vocabs.bcdh.uni-bonn.de/hector_heritage_assets/de/page/concept_fd4cbaed
bapd_478_1,bapd_478_1.jpg,Apollon auf antiker Psykter (ANTIMENES P),Psykter,http://vocabs.bcdh.uni-bonn.de/hector_heritage_assets/concept_c73fec47,-,Attisch schwarzfigurig,http://vocabs.bcdh.uni-bonn.de/hector_heritage_assets/concept_fd4cbaed,-,-,Attisch,ANTIMENES P by DIETRICH N P by HOFFMANN NIKOSTHENES by SIGNATURE,ca. 550–500 v. Chr.,Ton,"Houston (TX), de Menil Collection",70.53,BAPD 478,https://kerameikos.org/id/psykter,https://kerameikos.org/id/black_figure,https://kerameikos.org/id/athens,https://kerameikos.org/id/nikosthenes,https://vocabs.bcdh.uni-bonn.de/hector_heritage_assets/de/page/concept_c73fec47,https://vocabs.bcdh.uni-bonn.de/hector_heritage_assets/de/page/concept_fd4cbaed
bapd_478_2,bapd_478_2.jpg,Apollon auf antiker Psykter (ANTIMENES P),Psykter,http://vocabs.bcdh.uni-bonn.de/hector_heritage_assets/concept_c73fec47,-,Attisch schwarzfigurig,http://vocabs.bcdh.uni-bonn.de/hector_heritage_assets/concept_fd4cbaed,-,-,Attisch,ANTIMENES P by DIETRICH N P by HOFFMANN NIKOSTHENES by SIGNATURE,ca. 550–500 v. Chr.,Ton,"Houston (TX), de Menil Collection",70.53,BAPD 478,https://kerameikos.org/id/psykter,https://kerameikos.org/id/black_figure,https://kerameikos.org/id/athens,https://kerameikos.org/id/nikosthenes,https://vocabs.bcdh.uni-bonn.de/hector_heritage_assets/de/page/concept_c73fec47,https://vocabs.bcdh.uni-bonn.de/hector_heritage_assets/de/page/concept_fd4cbaed
bapd_478_3,bapd_478_3.jpg,Apollon auf antiker Psykter (ANTIMENES P),Psykter,http://vocabs.bcdh.uni-bonn.de/hector_heritage_assets/concept_c73fec47,-,Attisch schwarzfigurig,http://vocabs.bcdh.uni-bonn.de/hector_heritage_assets/concept_fd4cbaed,-,-,Attisch,ANTIMENES P by DIETRICH N P by HOFFMANN NIKOSTHENES by SIGNATURE,ca. 550–500 v. Chr.,Ton,"Houston (TX), de Menil Collection",70.53,BAPD 478,https://kerameikos.org/id/psykter,https://kerameikos.org/id/black_figure,https://kerameikos.org/id/athens,https://kerameikos.org/id/nikosthenes,https://vocabs.bcdh.uni-bonn.de/hector_heritage_assets/de/page/concept_c73fec47,https://vocabs.bcdh.uni-bonn.de/hector_heritage_assets/de/page/concept_fd4cbaed
bapd_478_4,bapd_478_4.jpg,Apollon auf antiker Psykter (ANTIMENES P),Psykter,http://vocabs.bcdh.uni-bonn.de/hector_heritage_assets/concept_c73fec47,-,Attisch schwarzfigurig,http://vocabs.bcdh.uni-bonn.de/hector_heritage_assets/concept_fd4cbaed,-,-,Attisch,ANTIMENES P by DIETRICH N P by HOFFMANN NIKOSTHENES by SIGNATURE,ca. 550–500 v. Chr.,Ton,"Houston (TX), de Menil Collection",70.53,BAPD 478,https://kerameikos.org/id/psykter,https://kerameikos.org/id/black_figure,https://kerameikos.org/id/athens,https://kerameikos.org/id/nikosthenes,https://vocabs.bcdh.uni-bonn.de/hector_heritage_assets/de/page/concept_c73fec47,https://vocabs.bcdh.uni-bonn.de/hector_heritage_assets/de/page/concept_fd4cbaed
bapd_486_1,bapd_486_1.jpg,Apollon auf antiker Krater,Krater,http://vocabs.bcdh.uni-bonn.de/hector_heritage_assets/concept_4ec3b0ea,-,Attisch Rotfigurig,http://vocabs.bcdh.uni-bonn.de/hector_heritage_assets/concept_69d3cf4c,-,-,Attisch,,ca. 425–375 v. Chr.,Ton,"Corinth, Archaeological Museum",C31.82,BAPD 486,https://kerameikos.org/id/krater,https://kerameikos.org/id/red_figure,https://kerameikos.org/id/athens,,https://vocabs.bcdh.uni-bonn.de/hector_heritage_assets/de/page/concept_4ec3b0ea,https://vocabs.bcdh.uni-bonn.de/hector_heritage_assets/de/page/concept_69d3cf4c
bapd_486_2,bapd_486_2.jpg,Apollon auf antiker Krater,Krater,http://vocabs.bcdh.uni-bonn.de/hector_heritage_assets/concept_4ec3b0ea,-,Attisch Rotfigurig,http://vocabs.bcdh.uni-bonn.de/hector_heritage_assets/concept_69d3cf4c,-,-,Attisch,,ca. 425–375 v. Chr.,Ton,"Corinth, Archaeological Museum",C31.82,BAPD 486,https://kerameikos.org/id/krater,https://kerameikos.org/id/red_figure,https://kerameikos.org/id/athens,,https://vocabs.bcdh.uni-bonn.de/hector_heritage_assets/de/page/concept_4ec3b0ea,https://vocabs.bcdh.uni-bonn.de/hector_heritage_assets/de/page/concept_69d3cf4c
bapd_491_1,bapd_491_1.jpg,Apollon auf antiker Pyxis,Pyxis,http://vocabs.bcdh.uni-bonn.de/hector_heritage_assets/concept_f41eb9e9,-,Attisch Rotfigurig,http://vocabs.bcdh.uni-bonn.de/hector_heritage_assets/concept_69d3cf4c,-,-,Attisch,,ca. 450–400 v. Chr.,Ton,"London, market, Christie's",,BAPD 491,https://kerameikos.org/id/pyxis,https://kerameikos.org/id/red_figure,https://kerameikos.org/id/athens,,https://vocabs.bcdh.uni-bonn.de/hector_heritage_assets/de/page/concept_f41eb9e9,https://vocabs.bcdh.uni-bonn.de/hector_heritage_assets/de/page/concept_69d3cf4c
bapd_491_2,bapd_491_2.jpg,Apollon auf antiker Pyxis,Pyxis,http://vocabs.bcdh.uni-bonn.de/hector_heritage_assets/concept_f41eb9e9,-,Attisch Rotfigurig,http://vocabs.bcdh.uni-bonn.de/hector_heritage_assets/concept_69d3cf4c,-,-,Attisch,,ca. 450–400 v. Chr.,Ton,"London, market, Christie's",,BAPD 491,https://kerameikos.org/id/pyxis,https://kerameikos.org/id/red_figure,https://kerameikos.org/id/athens,,https://vocabs.bcdh.uni-bonn.de/hector_heritage_assets/de/page/concept_f41eb9e9,https://vocabs.bcdh.uni-bonn.de/hector_heritage_assets/de/page/concept_69d3cf4c
bapd_491_3,bapd_491_3.jpg,Apollon auf antiker Pyxis,Pyxis,http://vocabs.bcdh.uni-bonn.de/hector_heritage_assets/concept_f41eb9e9,-,Attisch Rotfigurig,http://vocabs.bcdh.uni-bonn.de/hector_heritage_assets/concept_69d3cf4c,-,-,Attisch,,ca. 450–400 v. Chr.,Ton,"London, market, Christie's",,BAPD 491,https://kerameikos.org/id/pyxis,https://kerameikos.org/id/red_figure,https://kerameikos.org/id/athens,,https://vocabs.bcdh.uni-bonn.de/hector_heritage_assets/de/page/concept_f41eb9e9,https://vocabs.bcdh.uni-bonn.de/hector_heritage_assets/de/page/concept_69d3cf4c
bapd_491_4,bapd_491_4.jpg,Apollon auf antiker Pyxis,Pyxis,http://vocabs.bcdh.uni-bonn.de/hector_heritage_assets/concept_f41eb9e9,-,Attisch Rotfigurig,http://vocabs.bcdh.uni-bonn.de/hector_heritage_assets/concept_69d3cf4c,-,-,Attisch,,ca. 450–400 v. Chr.,Ton,"London, market, Christie's",,BAPD 491,https://kerameikos.org/id/pyxis,https://kerameikos.org/id/red_figure,https://kerameikos.org/id/athens,,https://vocabs.bcdh.uni-bonn.de/hector_heritage_assets/de/page/concept_f41eb9e9,https://vocabs.bcdh.uni-bonn.de/hector_heritage_assets/de/page/concept_69d3cf4c
bapd_491_5,bapd_491_5.jpg,Apollon auf antiker Pyxis,Pyxis,http://vocabs.bcdh.uni-bonn.de/hector_heritage_assets/concept_f41eb9e9,-,Attisch Rotfigurig,http://vocabs.bcdh.uni-bonn.de/hector_heritage_assets/concept_69d3cf4c,-,-,Attisch,,ca. 450–400 v. Chr.,Ton,"London, market, Christie's",,BAPD 491,https://kerameikos.org/id/pyxis,https://kerameikos.org/id/red_figure,https://kerameikos.org/id/athens,,https://vocabs.bcdh.uni-bonn.de/hector_heritage_assets/de/page/concept_f41eb9e9,https://vocabs.bcdh.uni-bonn.de/hector_heritage_assets/de/page/concept_69d3cf4c
bapd_491_6,bapd_491_6.jpg,Apollon auf antiker Pyxis,Pyxis,http://vocabs.bcdh.uni-bonn.de/hector_heritage_assets/concept_f41eb9e9,-,Attisch Rotfigurig,http://vocabs.bcdh.uni-bonn.de/hector_heritage_assets/concept_69d3cf4c,-,-,Attisch,,ca. 450–400 v. Chr.,Ton,"London, market, Christie's",,BAPD 491,https://kerameikos.org/id/pyxis,https://kerameikos.org/id/red_figure,https://kerameikos.org/id/athens,,https://vocabs.bcdh.uni-bonn.de/hector_heritage_assets/de/page/concept_f41eb9e9,https://vocabs.bcdh.uni-bonn.de/hector_heritage_assets/de/page/concept_69d3cf4c
bapd_491_7,bapd_491_7.jpg,Apollon auf antiker Pyxis,Pyxis,http://vocabs.bcdh.uni-bonn.de/hector_heritage_assets/concept_f41eb9e9,-,Attisch Rotfigurig,http://vocabs.bcdh.uni-bonn.de/hector_heritage_assets/concept_69d3cf4c,-,-,Attisch,,ca. 450–400 v. Chr.,Ton,"London, market, Christie's",,BAPD 491,https://kerameikos.org/id/pyxis,https://kerameikos.org/id/red_figure,https://kerameikos.org/id/athens,,https://vocabs.bcdh.uni-bonn.de/hector_heritage_assets/de/page/concept_f41eb9e9,https://vocabs.bcdh.uni-bonn.de/hector_heritage_assets/de/page/concept_69d3cf4c
bapd_49_1,bapd_49_1.jpg,Dionysos auf antiker Halsamphora,Transportamphora,http://vocabs.bcdh.uni-bonn.de/hector_heritage_assets/concept_65909227,-,Attisch schwarzfigurig,http://vocabs.bcdh.uni-bonn.de/hector_heritage_assets/concept_fd4cbaed,-,-,Attisch,,ca. 525–475 v. Chr.,Ton,"London, market, Christie's",,BAPD 49,https://kerameikos.org/id/amphora,https://kerameikos.org/id/black_figure,https://kerameikos.org/id/athens,,https://vocabs.bcdh.uni-bonn.de/hector_heritage_assets/de/page/concept_65909227,https://vocabs.bcdh.uni-bonn.de/hector_heritage_assets/de/page/concept_fd4cbaed
bapd_49_2,bapd_49_2.jpg,Dionysos auf antiker Halsamphora,Transportamphora,http://vocabs.bcdh.uni-bonn.de/hector_heritage_assets/concept_65909227,-,Attisch schwarzfigurig,http://vocabs.bcdh.uni-bonn.de/hector_heritage_assets/concept_fd4cbaed,-,-,Attisch,,ca. 525–475 v. Chr.,Ton,"London, market, Christie's",,BAPD 49,https://kerameikos.org/id/amphora,https://kerameikos.org/id/black_figure,https://kerameikos.org/id/athens,,https://vocabs.bcdh.uni-bonn.de/hector_heritage_assets/de/page/concept_65909227,https://vocabs.bcdh.uni-bonn.de/hector_heritage_assets/de/page/concept_fd4cbaed
bapd_49_3,bapd_49_3.jpg,Dionysos auf antiker Halsamphora,Transportamphora,http://vocabs.bcdh.uni-bonn.de/hector_heritage_assets/concept_65909227,-,Attisch schwarzfigurig,http://vocabs.bcdh.uni-bonn.de/hector_heritage_assets/concept_fd4cbaed,-,-,Attisch,,ca. 525–475 v. Chr.,Ton,"London, market, Christie's",,BAPD 49,https://kerameikos.org/id/amphora,https://kerameikos.org/id/black_figure,https://kerameikos.org/id/athens,,https://vocabs.bcdh.uni-bonn.de/hector_heritage_assets/de/page/concept_65909227,https://vocabs.bcdh.uni-bonn.de/hector_heritage_assets/de/page/concept_fd4cbaed
bapd_4_1,bapd_4_1.jpg,Apollon auf antiker Halsamphora (Near MEDEA GROUP),Transportamphora,http://vocabs.bcdh.uni-bonn.de/hector_heritage_assets/concept_65909227,-,Attisch schwarzfigurig,http://vocabs.bcdh.uni-bonn.de/hector_heritage_assets/concept_fd4cbaed,-,-,Attisch,Near MEDEA GROUP by UNKNOWN,ca. 550–500 v. Chr.,Ton,"Budapest, Hungarian Museum of Fine Arts",50.732,BAPD 4,https://kerameikos.org/id/amphora,https://kerameikos.org/id/black_figure,https://kerameikos.org/id/athens,,https://vocabs.bcdh.uni-bonn.de/hector_heritage_assets/de/page/concept_65909227,https://vocabs.bcdh.uni-bonn.de/hector_heritage_assets/de/page/concept_fd4cbaed
bapd_4_2,bapd_4_2.jpg,Apollon auf antiker Halsamphora (Near MEDEA GROUP),Transportamphora,http://vocabs.bcdh.uni-bonn.de/hector_heritage_assets/concept_65909227,-,Attisch schwarzfigurig,http://vocabs.bcdh.uni-bonn.de/hector_heritage_assets/concept_fd4cbaed,-,-,Attisch,Near MEDEA GROUP by UNKNOWN,ca. 550–500 v. Chr.,Ton,"Budapest, Hungarian Museum of Fine Arts",50.732,BAPD 4,https://kerameikos.org/id/amphora,https://kerameikos.org/id/black_figure,https://kerameikos.org/id/athens,,https://vocabs.bcdh.uni-bonn.de/hector_heritage_assets/de/page/concept_65909227,https://vocabs.bcdh.uni-bonn.de/hector_heritage_assets/de/page/concept_fd4cbaed
bapd_4_3,bapd_4_3.jpg,Apollon auf antiker Halsamphora (Near MEDEA GROUP),Transportamphora,http://vocabs.bcdh.uni-bonn.de/hector_heritage_assets/concept_65909227,-,Attisch schwarzfigurig,http://vocabs.bcdh.uni-bonn.de/hector_heritage_assets/concept_fd4cbaed,-,-,Attisch,Near MEDEA GROUP by UNKNOWN,ca. 550–500 v. Chr.,Ton,"Budapest, Hungarian Museum of Fine Arts",50.732,BAPD 4,https://kerameikos.org/id/amphora,https://kerameikos.org/id/black_figure,https://kerameikos.org/id/athens,,https://vocabs.bcdh.uni-bonn.de/hector_heritage_assets/de/page/concept_65909227,https://vocabs.bcdh.uni-bonn.de/hector_heritage_assets/de/page/concept_fd4cbaed
bapd_4_4,bapd_4_4.jpg,Apollon auf antiker Halsamphora (Near MEDEA GROUP),Transportamphora,http://vocabs.bcdh.uni-bonn.de/hector_heritage_assets/concept_65909227,-,Attisch schwarzfigurig,http://vocabs.bcdh.uni-bonn.de/hector_heritage_assets/concept_fd4cbaed,-,-,Attisch,Near MEDEA GROUP by UNKNOWN,ca. 550–500 v. Chr.,Ton,"Budapest, Hungarian Museum of Fine Arts",50.732,BAPD 4,https://kerameikos.org/id/amphora,https://kerameikos.org/id/black_figure,https://kerameikos.org/id/athens,,https://vocabs.bcdh.uni-bonn.de/hector_heritage_assets/de/page/concept_65909227,https://vocabs.bcdh.uni-bonn.de/hector_heritage_assets/de/page/concept_fd4cbaed
bapd_513_1,bapd_513_1.jpg,Apollon auf antiker Dinos,Dinos,http://vocabs.bcdh.uni-bonn.de/hector_heritage_assets/concept_2b10bc00,-,Attisch schwarzfigurig,http://vocabs.bcdh.uni-bonn.de/hector_heritage_assets/concept_fd4cbaed,-,-,Attisch,,ca. 550–500 v. Chr.,Ton,"London, British Museum",B298,BAPD 513,https://kerameikos.org/id/dinos,https://kerameikos.org/id/black_figure,https://kerameikos.org/id/athens,,https://vocabs.bcdh.uni-bonn.de/hector_heritage_assets/de/page/concept_2b10bc00,https://vocabs.bcdh.uni-bonn.de/hector_heritage_assets/de/page/concept_fd4cbaed
bapd_513_2,bapd_513_2.jpg,Apollon auf antiker Dinos,Dinos,http://vocabs.bcdh.uni-bonn.de/hector_heritage_assets/concept_2b10bc00,-,Attisch schwarzfigurig,http://vocabs.bcdh.uni-bonn.de/hector_heritage_assets/concept_fd4cbaed,-,-,Attisch,,ca. 550–500 v. Chr.,Ton,"London, British Museum",B298,BAPD 513,https://kerameikos.org/id/dinos,https://kerameikos.org/id/black_figure,https://kerameikos.org/id/athens,,https://vocabs.bcdh.uni-bonn.de/hector_heritage_assets/de/page/concept_2b10bc00,https://vocabs.bcdh.uni-bonn.de/hector_heritage_assets/de/page/concept_fd4cbaed
bapd_513_3,bapd_513_3.jpg,Apollon auf antiker Dinos,Dinos,http://vocabs.bcdh.uni-bonn.de/hector_heritage_assets/concept_2b10bc00,-,Attisch schwarzfigurig,http://vocabs.bcdh.uni-bonn.de/hector_heritage_assets/concept_fd4cbaed,-,-,Attisch,,ca. 550–500 v. Chr.,Ton,"London, British Museum",B298,BAPD 513,https://kerameikos.org/id/dinos,https://kerameikos.org/id/black_figure,https://kerameikos.org/id/athens,,https://vocabs.bcdh.uni-bonn.de/hector_heritage_assets/de/page/concept_2b10bc00,https://vocabs.bcdh.uni-bonn.de/hector_heritage_assets/de/page/concept_fd4cbaed
bapd_517_1,bapd_517_1.jpg,Herakles auf antiker Lekythos (GELA P),Lekythos,http://vocabs.bcdh.uni-bonn.de/hector_heritage_assets/concept_5b62f4af,-,Attisch schwarzfigurig,http://vocabs.bcdh.uni-bonn.de/hector_heritage_assets/concept_fd4cbaed,-,-,Attisch,GELA P by HASPELS,ca. 525–475 v. Chr.,Ton,"Vienna, Kunsthistorisches Museum",84,BAPD 517,https://kerameikos.org/id/lekythos,https://kerameikos.org/id/black_figure,https://kerameikos.org/id/athens,https://kerameikos.org/id/gela_painter,https://vocabs.bcdh.uni-bonn.de/hector_heritage_assets/de/page/concept_5b62f4af,https://vocabs.bcdh.uni-bonn.de/hector_heritage_assets/de/page/concept_fd4cbaed
bapd_517_2,bapd_517_2.jpg,Herakles auf antiker Lekythos (GELA P),Lekythos,http://vocabs.bcdh.uni-bonn.de/hector_heritage_assets/concept_5b62f4af,-,Attisch schwarzfigurig,http://vocabs.bcdh.uni-bonn.de/hector_heritage_assets/concept_fd4cbaed,-,-,Attisch,GELA P by HASPELS,ca. 525–475 v. Chr.,Ton,"Vienna, Kunsthistorisches Museum",84,BAPD 517,https://kerameikos.org/id/lekythos,https://kerameikos.org/id/black_figure,https://kerameikos.org/id/athens,https://kerameikos.org/id/gela_painter,https://vocabs.bcdh.uni-bonn.de/hector_heritage_assets/de/page/concept_5b62f4af,https://vocabs.bcdh.uni-bonn.de/hector_heritage_assets/de/page/concept_fd4cbaed
bapd_517_3,bapd_517_3.jpg,Herakles auf antiker Lekythos (GELA P),Lekythos,http://vocabs.bcdh.uni-bonn.de/hector_heritage_assets/concept_5b62f4af,-,Attisch schwarzfigurig,http://vocabs.bcdh.uni-bonn.de/hector_heritage_assets/concept_fd4cbaed,-,-,Attisch,GELA P by HASPELS,ca. 525–475 v. Chr.,Ton,"Vienna, Kunsthistorisches Museum",84,BAPD 517,https://kerameikos.org/id/lekythos,https://kerameikos.org/id/black_figure,https://kerameikos.org/id/athens,https://kerameikos.org/id/gela_painter,https://vocabs.bcdh.uni-bonn.de/hector_heritage_assets/de/page/concept_5b62f4af,https://vocabs.bcdh.uni-bonn.de/hector_heritage_assets/de/page/concept_fd4cbaed
bapd_519_1,bapd_519_1.jpg,Apollon auf antiker Lekythos (ATHENA P),Lekythos,http://vocabs.bcdh.uni-bonn.de/hector_heritage_assets/concept_5b62f4af,-,Attisch schwarzfigurig,http://vocabs.bcdh.uni-bonn.de/hector_heritage_assets/concept_fd4cbaed,-,-,Attisch,ATHENA P by HASPELS,ca. 525–475 v. Chr.,Ton,"Oxford, Ashmolean Museum",V247,BAPD 519,https://kerameikos.org/id/lekythos,https://kerameikos.org/id/black_figure,https://kerameikos.org/id/athens,https://kerameikos.org/id/athena_painter,https://vocabs.bcdh.uni-bonn.de/hector_heritage_assets/de/page/concept_5b62f4af,https://vocabs.bcdh.uni-bonn.de/hector_heritage_assets/de/page/concept_fd4cbaed
bapd_519_2,bapd_519_2.jpg,Apollon auf antiker Lekythos (ATHENA P),Lekythos,http://vocabs.bcdh.uni-bonn.de/hector_heritage_assets/concept_5b62f4af,-,Attisch schwarzfigurig,http://vocabs.bcdh.uni-bonn.de/hector_heritage_assets/concept_fd4cbaed,-,-,Attisch,ATHENA P by HASPELS,ca. 525–475 v. Chr.,Ton,"Oxford, Ashmolean Museum",V247,BAPD 519,https://kerameikos.org/id/lekythos,https://kerameikos.org/id/black_figure,https://kerameikos.org/id/athens,https://kerameikos.org/id/athena_painter,https://vocabs.bcdh.uni-bonn.de/hector_heritage_assets/de/page/concept_5b62f4af,https://vocabs.bcdh.uni-bonn.de/hector_heritage_assets/de/page/concept_fd4cbaed
bapd_519_3,bapd_519_3.jpg,Apollon auf antiker Lekythos (ATHENA P),Lekythos,http://vocabs.bcdh.uni-bonn.de/hector_heritage_assets/concept_5b62f4af,-,Attisch schwarzfigurig,http://vocabs.bcdh.uni-bonn.de/hector_heritage_assets/concept_fd4cbaed,-,-,Attisch,ATHENA P by HASPELS,ca. 525–475 v. Chr.,Ton,"Oxford, Ashmolean Museum",V247,BAPD 519,https://kerameikos.org/id/lekythos,https://kerameikos.org/id/black_figure,https://kerameikos.org/id/athens,https://kerameikos.org/id/athena_painter,https://vocabs.bcdh.uni-bonn.de/hector_heritage_assets/de/page/concept_5b62f4af,https://vocabs.bcdh.uni-bonn.de/hector_heritage_assets/de/page/concept_fd4cbaed
bapd_519_4,bapd_519_4.jpg,Apollon auf antiker Lekythos (ATHENA P),Lekythos,http://vocabs.bcdh.uni-bonn.de/hector_heritage_assets/concept_5b62f4af,-,Attisch schwarzfigurig,http://vocabs.bcdh.uni-bonn.de/hector_heritage_assets/concept_fd4cbaed,-,-,Attisch,ATHENA P by HASPELS,ca. 525–475 v. Chr.,Ton,"Oxford, Ashmolean Museum",V247,BAPD 519,https://kerameikos.org/id/lekythos,https://kerameikos.org/id/black_figure,https://kerameikos.org/id/athens,https://kerameikos.org/id/athena_painter,https://vocabs.bcdh.uni-bonn.de/hector_heritage_assets/de/page/concept_5b62f4af,https://vocabs.bcdh.uni-bonn.de/hector_heritage_assets/de/page/concept_fd4cbaed
bapd_519_5,bapd_519_5.jpg,Apollon auf antiker Lekythos (ATHENA P),Lekythos,http://vocabs.bcdh.uni-bonn.de/hector_heritage_assets/concept_5b62f4af,-,Attisch schwarzfigurig,http://vocabs.bcdh.uni-bonn.de/hector_heritage_assets/concept_fd4cbaed,-,-,Attisch,ATHENA P by HASPELS,ca. 525–475 v. Chr.,Ton,"Oxford, Ashmolean Museum",V247,BAPD 519,https://kerameikos.org/id/lekythos,https://kerameikos.org/id/black_figure,https://kerameikos.org/id/athens,https://kerameikos.org/id/athena_painter,https://vocabs.bcdh.uni-bonn.de/hector_heritage_assets/de/page/concept_5b62f4af,https://vocabs.bcdh.uni-bonn.de/hector_heritage_assets/de/page/concept_fd4cbaed
bapd_521_1,bapd_521_1.jpg,Herakles auf antiker Oinochoe (SHUVALOV P),Oinochoe,http://vocabs.bcdh.uni-bonn.de/hector_heritage_assets/concept_fed2da29,-,Attisch Rotfigurig,http://vocabs.bcdh.uni-bonn.de/hector_heritage_assets/concept_69d3cf4c,-,-,Attisch,SHUVALOV P by LEZZI-HAFTER,ca. 450–400 v. Chr.,Ton,"Ferrara, Museo Nazionale di Spina",5060,BAPD 521,https://kerameikos.org/id/oinochoe,https://kerameikos.org/id/red_figure,https://kerameikos.org/id/athens,,https://vocabs.bcdh.uni-bonn.de/hector_heritage_assets/de/page/concept_fed2da29,https://vocabs.bcdh.uni-bonn.de/hector_heritage_assets/de/page/concept_69d3cf4c
bapd_521_2,bapd_521_2.jpg,Herakles auf antiker Oinochoe (SHUVALOV P),Oinochoe,http://vocabs.bcdh.uni-bonn.de/hector_heritage_assets/concept_fed2da29,-,Attisch Rotfigurig,http://vocabs.bcdh.uni-bonn.de/hector_heritage_assets/concept_69d3cf4c,-,-,Attisch,SHUVALOV P by LEZZI-HAFTER,ca. 450–400 v. Chr.,Ton,"Ferrara, Museo Nazionale di Spina",5060,BAPD 521,https://kerameikos.org/id/oinochoe,https://kerameikos.org/id/red_figure,https://kerameikos.org/id/athens,,https://vocabs.bcdh.uni-bonn.de/hector_heritage_assets/de/page/concept_fed2da29,https://vocabs.bcdh.uni-bonn.de/hector_heritage_assets/de/page/concept_69d3cf4c
bapd_521_3,bapd_521_3.jpg,Herakles auf antiker Oinochoe (SHUVALOV P),Oinochoe,http://vocabs.bcdh.uni-bonn.de/hector_heritage_assets/concept_fed2da29,-,Attisch Rotfigurig,http://vocabs.bcdh.uni-bonn.de/hector_heritage_assets/concept_69d3cf4c,-,-,Attisch,SHUVALOV P by LEZZI-HAFTER,ca. 450–400 v. Chr.,Ton,"Ferrara, Museo Nazionale di Spina",5060,BAPD 521,https://kerameikos.org/id/oinochoe,https://kerameikos.org/id/red_figure,https://kerameikos.org/id/athens,,https://vocabs.bcdh.uni-bonn.de/hector_heritage_assets/de/page/concept_fed2da29,https://vocabs.bcdh.uni-bonn.de/hector_heritage_assets/de/page/concept_69d3cf4c
bapd_527_1,bapd_527_1.jpg,Herakles auf antiker Chous (Workshop of SHUVALOV P),Chous,http://vocabs.bcdh.uni-bonn.de/hector_heritage_assets/concept_1a999911,-,Attisch Rotfigurig,http://vocabs.bcdh.uni-bonn.de/hector_heritage_assets/concept_69d3cf4c,-,-,Attisch,Workshop of SHUVALOV P by LEZZI-HAFTER S-POTTER+ by LEZZI-HAFTER,ca. 450–400 v. Chr.,Ton,"Florence, Museo Archeologico Etrusco",94703,BAPD 527,https://kerameikos.org/id/chous,https://kerameikos.org/id/red_figure,https://kerameikos.org/id/athens,,https://vocabs.bcdh.uni-bonn.de/hector_heritage_assets/de/page/concept_1a999911,https://vocabs.bcdh.uni-bonn.de/hector_heritage_assets/de/page/concept_69d3cf4c
bapd_527_2,bapd_527_2.jpg,Herakles auf antiker Chous (Workshop of SHUVALOV P),Chous,http://vocabs.bcdh.uni-bonn.de/hector_heritage_assets/concept_1a999911,-,Attisch Rotfigurig,http://vocabs.bcdh.uni-bonn.de/hector_heritage_assets/concept_69d3cf4c,-,-,Attisch,Workshop of SHUVALOV P by LEZZI-HAFTER S-POTTER+ by LEZZI-HAFTER,ca. 450–400 v. Chr.,Ton,"Florence, Museo Archeologico Etrusco",94703,BAPD 527,https://kerameikos.org/id/chous,https://kerameikos.org/id/red_figure,https://kerameikos.org/id/athens,,https://vocabs.bcdh.uni-bonn.de/hector_heritage_assets/de/page/concept_1a999911,https://vocabs.bcdh.uni-bonn.de/hector_heritage_assets/de/page/concept_69d3cf4c
bapd_528_1,bapd_528_1.jpg,Apollon auf antiker Oinochoe (Workshop of SHUVALOV P),Oinochoe,http://vocabs.bcdh.uni-bonn.de/hector_heritage_assets/concept_fed2da29,-,Attisch Rotfigurig,http://vocabs.bcdh.uni-bonn.de/hector_heritage_assets/concept_69d3cf4c,-,-,Attisch,Workshop of SHUVALOV P by LEZZI-HAFTER S-POTTER+ by LEZZI-HAFTER,ca. 450–400 v. Chr.,Ton,"Paris, Musée du Louvre",G572,BAPD 528,https://kerameikos.org/id/oinochoe,https://kerameikos.org/id/red_figure,https://kerameikos.org/id/athens,,https://vocabs.bcdh.uni-bonn.de/hector_heritage_assets/de/page/concept_fed2da29,https://vocabs.bcdh.uni-bonn.de/hector_heritage_assets/de/page/concept_69d3cf4c
bapd_528_2,bapd_528_2.jpg,Apollon auf antiker Oinochoe (Workshop of SHUVALOV P),Oinochoe,http://vocabs.bcdh.uni-bonn.de/hector_heritage_assets/concept_fed2da29,-,Attisch Rotfigurig,http://vocabs.bcdh.uni-bonn.de/hector_heritage_assets/concept_69d3cf4c,-,-,Attisch,Workshop of SHUVALOV P by LEZZI-HAFTER S-POTTER+ by LEZZI-HAFTER,ca. 450–400 v. Chr.,Ton,"Paris, Musée du Louvre",G572,BAPD 528,https://kerameikos.org/id/oinochoe,https://kerameikos.org/id/red_figure,https://kerameikos.org/id/athens,,https://vocabs.bcdh.uni-bonn.de/hector_heritage_assets/de/page/concept_fed2da29,https://vocabs.bcdh.uni-bonn.de/hector_heritage_assets/de/page/concept_69d3cf4c
bapd_528_3,bapd_528_3.jpg,Apollon auf antiker Oinochoe (Workshop of SHUVALOV P),Oinochoe,http://vocabs.bcdh.uni-bonn.de/hector_heritage_assets/concept_fed2da29,-,Attisch Rotfigurig,http://vocabs.bcdh.uni-bonn.de/hector_heritage_assets/concept_69d3cf4c,-,-,Attisch,Workshop of SHUVALOV P by LEZZI-HAFTER S-POTTER+ by LEZZI-HAFTER,ca. 450–400 v. Chr.,Ton,"Paris, Musée du Louvre",G572,BAPD 528,https://kerameikos.org/id/oinochoe,https://kerameikos.org/id/red_figure,https://kerameikos.org/id/athens,,https://vocabs.bcdh.uni-bonn.de/hector_heritage_assets/de/page/concept_fed2da29,https://vocabs.bcdh.uni-bonn.de/hector_heritage_assets/de/page/concept_69d3cf4c
bapd_530_1,bapd_530_1.jpg,Apollon auf antiker Oinochoe (Manner of ALEXANDRE GROUP),Oinochoe,http://vocabs.bcdh.uni-bonn.de/hector_heritage_assets/concept_fed2da29,-,Attisch Rotfigurig,http://vocabs.bcdh.uni-bonn.de/hector_heritage_assets/concept_69d3cf4c,-,-,Attisch,Manner of ALEXANDRE GROUP by LEZZI-HAFTER S-POTTER+ by LEZZI-HAFTER,ca. 450–400 v. Chr.,Ton,"London, British Museum",E516,BAPD 530,https://kerameikos.org/id/oinochoe,https://kerameikos.org/id/red_figure,https://kerameikos.org/id/athens,,https://vocabs.bcdh.uni-bonn.de/hector_heritage_assets/de/page/concept_fed2da29,https://vocabs.bcdh.uni-bonn.de/hector_heritage_assets/de/page/concept_69d3cf4c
bapd_530_2,bapd_530_2.jpg,Apollon auf antiker Oinochoe (Manner of ALEXANDRE GROUP),Oinochoe,http://vocabs.bcdh.uni-bonn.de/hector_heritage_assets/concept_fed2da29,-,Attisch Rotfigurig,http://vocabs.bcdh.uni-bonn.de/hector_heritage_assets/concept_69d3cf4c,-,-,Attisch,Manner of ALEXANDRE GROUP by LEZZI-HAFTER S-POTTER+ by LEZZI-HAFTER,ca. 450–400 v. Chr.,Ton,"London, British Museum",E516,BAPD 530,https://kerameikos.org/id/oinochoe,https://kerameikos.org/id/red_figure,https://kerameikos.org/id/athens,,https://vocabs.bcdh.uni-bonn.de/hector_heritage_assets/de/page/concept_fed2da29,https://vocabs.bcdh.uni-bonn.de/hector_heritage_assets/de/page/concept_69d3cf4c
bapd_530_3,bapd_530_3.jpg,Apollon auf antiker Oinochoe (Manner of ALEXANDRE GROUP),Oinochoe,http://vocabs.bcdh.uni-bonn.de/hector_heritage_assets/concept_fed2da29,-,Attisch Rotfigurig,http://vocabs.bcdh.uni-bonn.de/hector_heritage_assets/concept_69d3cf4c,-,-,Attisch,Manner of ALEXANDRE GROUP by LEZZI-HAFTER S-POTTER+ by LEZZI-HAFTER,ca. 450–400 v. Chr.,Ton,"London, British Museum",E516,BAPD 530,https://kerameikos.org/id/oinochoe,https://kerameikos.org/id/red_figure,https://kerameikos.org/id/athens,,https://vocabs.bcdh.uni-bonn.de/hector_heritage_assets/de/page/concept_fed2da29,https://vocabs.bcdh.uni-bonn.de/hector_heritage_assets/de/page/concept_69d3cf4c
bapd_530_4,bapd_530_4.jpg,Apollon auf antiker Oinochoe (Manner of ALEXANDRE GROUP),Oinochoe,http://vocabs.bcdh.uni-bonn.de/hector_heritage_assets/concept_fed2da29,-,Attisch Rotfigurig,http://vocabs.bcdh.uni-bonn.de/hector_heritage_assets/concept_69d3cf4c,-,-,Attisch,Manner of ALEXANDRE GROUP by LEZZI-HAFTER S-POTTER+ by LEZZI-HAFTER,ca. 450–400 v. Chr.,Ton,"London, British Museum",E516,BAPD 530,https://kerameikos.org/id/oinochoe,https://kerameikos.org/id/red_figure,https://kerameikos.org/id/athens,,https://vocabs.bcdh.uni-bonn.de/hector_heritage_assets/de/page/concept_fed2da29,https://vocabs.bcdh.uni-bonn.de/hector_heritage_assets/de/page/concept_69d3cf4c
bapd_530_5,bapd_530_5.jpg,Apollon auf antiker Oinochoe (Manner of ALEXANDRE GROUP),Oinochoe,http://vocabs.bcdh.uni-bonn.de/hector_heritage_assets/concept_fed2da29,-,Attisch Rotfigurig,http://vocabs.bcdh.uni-bonn.de/hector_heritage_assets/concept_69d3cf4c,-,-,Attisch,Manner of ALEXANDRE GROUP by LEZZI-HAFTER S-POTTER+ by LEZZI-HAFTER,ca. 450–400 v. Chr.,Ton,"London, British Museum",E516,BAPD 530,https://kerameikos.org/id/oinochoe,https://kerameikos.org/id/red_figure,https://kerameikos.org/id/athens,,https://vocabs.bcdh.uni-bonn.de/hector_heritage_assets/de/page/concept_fed2da29,https://vocabs.bcdh.uni-bonn.de/hector_heritage_assets/de/page/concept_69d3cf4c
bapd_53_1,bapd_53_1.jpg,Dionysos auf antiker Halsamphora,Transportamphora,http://vocabs.bcdh.uni-bonn.de/hector_heritage_assets/concept_65909227,-,Attisch schwarzfigurig,http://vocabs.bcdh.uni-bonn.de/hector_heritage_assets/concept_fd4cbaed,-,-,Attisch,,ca. 525–475 v. Chr.,Ton,"London, market, Christie's",,BAPD 53,https://kerameikos.org/id/amphora,https://kerameikos.org/id/black_figure,https://kerameikos.org/id/athens,,https://vocabs.bcdh.uni-bonn.de/hector_heritage_assets/de/page/concept_65909227,https://vocabs.bcdh.uni-bonn.de/hector_heritage_assets/de/page/concept_fd4cbaed
bapd_53_2,bapd_53_2.jpg,Dionysos auf antiker Halsamphora,Transportamphora,http://vocabs.bcdh.uni-bonn.de/hector_heritage_assets/concept_65909227,-,Attisch schwarzfigurig,http://vocabs.bcdh.uni-bonn.de/hector_heritage_assets/concept_fd4cbaed,-,-,Attisch,,ca. 525–475 v. Chr.,Ton,"London, market, Christie's",,BAPD 53,https://kerameikos.org/id/amphora,https://kerameikos.org/id/black_figure,https://kerameikos.org/id/athens,,https://vocabs.bcdh.uni-bonn.de/hector_heritage_assets/de/page/concept_65909227,https://vocabs.bcdh.uni-bonn.de/hector_heritage_assets/de/page/concept_fd4cbaed
bapd_53_3,bapd_53_3.jpg,Dionysos auf antiker Halsamphora,Transportamphora,http://vocabs.bcdh.uni-bonn.de/hector_heritage_assets/concept_65909227,-,Attisch schwarzfigurig,http://vocabs.bcdh.uni-bonn.de/hector_heritage_assets/concept_fd4cbaed,-,-,Attisch,,ca. 525–475 v. Chr.,Ton,"London, market, Christie's",,BAPD 53,https://kerameikos.org/id/amphora,https://kerameikos.org/id/black_figure,https://kerameikos.org/id/athens,,https://vocabs.bcdh.uni-bonn.de/hector_heritage_assets/de/page/concept_65909227,https://vocabs.bcdh.uni-bonn.de/hector_heritage_assets/de/page/concept_fd4cbaed
bapd_566_1,bapd_566_1.jpg,Apollon auf antiker Krater,Krater,http://vocabs.bcdh.uni-bonn.de/hector_heritage_assets/concept_4ec3b0ea,-,Attisch Rotfigurig,http://vocabs.bcdh.uni-bonn.de/hector_heritage_assets/concept_69d3cf4c,-,-,Attisch,,ca. 400–300 v. Chr.,Ton,"Vienna, Kunsthistorisches Museum",1063,BAPD 566,https://kerameikos.org/id/krater,https://kerameikos.org/id/red_figure,https://kerameikos.org/id/athens,,https://vocabs.bcdh.uni-bonn.de/hector_heritage_assets/de/page/concept_4ec3b0ea,https://vocabs.bcdh.uni-bonn.de/hector_heritage_assets/de/page/concept_69d3cf4c
bapd_566_2,bapd_566_2.jpg,Apollon auf antiker Krater,Krater,http://vocabs.bcdh.uni-bonn.de/hector_heritage_assets/concept_4ec3b0ea,-,Attisch Rotfigurig,http://vocabs.bcdh.uni-bonn.de/hector_heritage_assets/concept_69d3cf4c,-,-,Attisch,,ca. 400–300 v. Chr.,Ton,"Vienna, Kunsthistorisches Museum",1063,BAPD 566,https://kerameikos.org/id/krater,https://kerameikos.org/id/red_figure,https://kerameikos.org/id/athens,,https://vocabs.bcdh.uni-bonn.de/hector_heritage_assets/de/page/concept_4ec3b0ea,https://vocabs.bcdh.uni-bonn.de/hector_heritage_assets/de/page/concept_69d3cf4c
bapd_566_3,bapd_566_3.jpg,Apollon auf antiker Krater,Krater,http://vocabs.bcdh.uni-bonn.de/hector_heritage_assets/concept_4ec3b0ea,-,Attisch Rotfigurig,http://vocabs.bcdh.uni-bonn.de/hector_heritage_assets/concept_69d3cf4c,-,-,Attisch,,ca. 400–300 v. Chr.,Ton,"Vienna, Kunsthistorisches Museum",1063,BAPD 566,https://kerameikos.org/id/krater,https://kerameikos.org/id/red_figure,https://kerameikos.org/id/athens,,https://vocabs.bcdh.uni-bonn.de/hector_heritage_assets/de/page/concept_4ec3b0ea,https://vocabs.bcdh.uni-bonn.de/hector_heritage_assets/de/page/concept_69d3cf4c
bapd_566_4,bapd_566_4.jpg,Apollon auf antiker Krater,Krater,http://vocabs.bcdh.uni-bonn.de/hector_heritage_assets/concept_4ec3b0ea,-,Attisch Rotfigurig,http://vocabs.bcdh.uni-bonn.de/hector_heritage_assets/concept_69d3cf4c,-,-,Attisch,,ca. 400–300 v. Chr.,Ton,"Vienna, Kunsthistorisches Museum",1063,BAPD 566,https://kerameikos.org/id/krater,https://kerameikos.org/id/red_figure,https://kerameikos.org/id/athens,,https://vocabs.bcdh.uni-bonn.de/hector_heritage_assets/de/page/concept_4ec3b0ea,https://vocabs.bcdh.uni-bonn.de/hector_heritage_assets/de/page/concept_69d3cf4c
bapd_58_1,bapd_58_1.jpg,Athena auf antiker Amphora (Near EUCHARIDES P),Transportamphora,http://vocabs.bcdh.uni-bonn.de/hector_heritage_assets/concept_65909227,-,Attisch schwarzfigurig,http://vocabs.bcdh.uni-bonn.de/hector_heritage_assets/concept_fd4cbaed,-,-,Attisch,Near EUCHARIDES P by UNKNOWN,ca. 500–450 v. Chr.,Ton,"Sarasota (FL), private",2004.6.8.4,BAPD 58,https://kerameikos.org/id/amphora,https://kerameikos.org/id/black_figure,https://kerameikos.org/id/athens,,https://vocabs.bcdh.uni-bonn.de/hector_heritage_assets/de/page/concept_65909227,https://vocabs.bcdh.uni-bonn.de/hector_heritage_assets/de/page/concept_fd4cbaed
bapd_58_2,bapd_58_2.jpg,Athena auf antiker Amphora (Near EUCHARIDES P),Transportamphora,http://vocabs.bcdh.uni-bonn.de/hector_heritage_assets/concept_65909227,-,Attisch schwarzfigurig,http://vocabs.bcdh.uni-bonn.de/hector_heritage_assets/concept_fd4cbaed,-,-,Attisch,Near EUCHARIDES P by UNKNOWN,ca. 500–450 v. Chr.,Ton,"Sarasota (FL), private",2004.6.8.4,BAPD 58,https://kerameikos.org/id/amphora,https://kerameikos.org/id/black_figure,https://kerameikos.org/id/athens,,https://vocabs.bcdh.uni-bonn.de/hector_heritage_assets/de/page/concept_65909227,https://vocabs.bcdh.uni-bonn.de/hector_heritage_assets/de/page/concept_fd4cbaed
bapd_58_3,bapd_58_3.jpg,Athena auf antiker Amphora (Near EUCHARIDES P),Transportamphora,http://vocabs.bcdh.uni-bonn.de/hector_heritage_assets/concept_65909227,-,Attisch schwarzfigurig,http://vocabs.bcdh.uni-bonn.de/hector_heritage_assets/concept_fd4cbaed,-,-,Attisch,Near EUCHARIDES P by UNKNOWN,ca. 500–450 v. Chr.,Ton,"Sarasota (FL), private",2004.6.8.4,BAPD 58,https://kerameikos.org/id/amphora,https://kerameikos.org/id/black_figure,https://kerameikos.org/id/athens,,https://vocabs.bcdh.uni-bonn.de/hector_heritage_assets/de/page/concept_65909227,https://vocabs.bcdh.uni-bonn.de/hector_heritage_assets/de/page/concept_fd4cbaed
bapd_58_4,bapd_58_4.jpg,Athena auf antiker Amphora (Near EUCHARIDES P),Transportamphora,http://vocabs.bcdh.uni-bonn.de/hector_heritage_assets/concept_65909227,-,Attisch schwarzfigurig,http://vocabs.bcdh.uni-bonn.de/hector_heritage_assets/concept_fd4cbaed,-,-,Attisch,Near EUCHARIDES P by UNKNOWN,ca. 500–450 v. Chr.,Ton,"Sarasota (FL), private",2004.6.8.4,BAPD 58,https://kerameikos.org/id/amphora,https://kerameikos.org/id/black_figure,https://kerameikos.org/id/athens,,https://vocabs.bcdh.uni-bonn.de/hector_heritage_assets/de/page/concept_65909227,https://vocabs.bcdh.uni-bonn.de/hector_heritage_assets/de/page/concept_fd4cbaed
bapd_58_5,bapd_58_5.jpg,Athena auf antiker Amphora (Near EUCHARIDES P),Transportamphora,http://vocabs.bcdh.uni-bonn.de/hector_heritage_assets/concept_65909227,-,Attisch schwarzfigurig,http://vocabs.bcdh.uni-bonn.de/hector_heritage_assets/concept_fd4cbaed,-,-,Attisch,Near EUCHARIDES P by UNKNOWN,ca. 500–450 v. Chr.,Ton,"Sarasota (FL), private",2004.6.8.4,BAPD 58,https://kerameikos.org/id/amphora,https://kerameikos.org/id/black_figure,https://kerameikos.org/id/athens,,https://vocabs.bcdh.uni-bonn.de/hector_heritage_assets/de/page/concept_65909227,https://vocabs.bcdh.uni-bonn.de/hector_heritage_assets/de/page/concept_fd4cbaed
bapd_596_1,bapd_596_1.jpg,"Apollon auf antiker Halsamphora (MUNICH 1501, GROUP OF)",Transportamphora,http://vocabs.bcdh.uni-bonn.de/hector_heritage_assets/concept_65909227,-,Attisch schwarzfigurig,http://vocabs.bcdh.uni-bonn.de/hector_heritage_assets/concept_fd4cbaed,-,-,Attisch,"MUNICH 1501, GROUP OF by KUNZE-GÖTTE",ca. 550–500 v. Chr.,Ton,"Boston (MA), Museum of Fine Arts",1970.69,BAPD 596,https://kerameikos.org/id/amphora,https://kerameikos.org/id/black_figure,https://kerameikos.org/id/athens,,https://vocabs.bcdh.uni-bonn.de/hector_heritage_assets/de/page/concept_65909227,https://vocabs.bcdh.uni-bonn.de/hector_heritage_assets/de/page/concept_fd4cbaed
bapd_596_2,bapd_596_2.jpg,"Apollon auf antiker Halsamphora (MUNICH 1501, GROUP OF)",Transportamphora,http://vocabs.bcdh.uni-bonn.de/hector_heritage_assets/concept_65909227,-,Attisch schwarzfigurig,http://vocabs.bcdh.uni-bonn.de/hector_heritage_assets/concept_fd4cbaed,-,-,Attisch,"MUNICH 1501, GROUP OF by KUNZE-GÖTTE",ca. 550–500 v. Chr.,Ton,"Boston (MA), Museum of Fine Arts",1970.69,BAPD 596,https://kerameikos.org/id/amphora,https://kerameikos.org/id/black_figure,https://kerameikos.org/id/athens,,https://vocabs.bcdh.uni-bonn.de/hector_heritage_assets/de/page/concept_65909227,https://vocabs.bcdh.uni-bonn.de/hector_heritage_assets/de/page/concept_fd4cbaed
bapd_596_3,bapd_596_3.jpg,"Apollon auf antiker Halsamphora (MUNICH 1501, GROUP OF)",Transportamphora,http://vocabs.bcdh.uni-bonn.de/hector_heritage_assets/concept_65909227,-,Attisch schwarzfigurig,http://vocabs.bcdh.uni-bonn.de/hector_heritage_assets/concept_fd4cbaed,-,-,Attisch,"MUNICH 1501, GROUP OF by KUNZE-GÖTTE",ca. 550–500 v. Chr.,Ton,"Boston (MA), Museum of Fine Arts",1970.69,BAPD 596,https://kerameikos.org/id/amphora,https://kerameikos.org/id/black_figure,https://kerameikos.org/id/athens,,https://vocabs.bcdh.uni-bonn.de/hector_heritage_assets/de/page/concept_65909227,https://vocabs.bcdh.uni-bonn.de/hector_heritage_assets/de/page/concept_fd4cbaed
bapd_596_4,bapd_596_4.jpg,"Apollon auf antiker Halsamphora (MUNICH 1501, GROUP OF)",Transportamphora,http://vocabs.bcdh.uni-bonn.de/hector_heritage_assets/concept_65909227,-,Attisch schwarzfigurig,http://vocabs.bcdh.uni-bonn.de/hector_heritage_assets/concept_fd4cbaed,-,-,Attisch,"MUNICH 1501, GROUP OF by KUNZE-GÖTTE",ca. 550–500 v. Chr.,Ton,"Boston (MA), Museum of Fine Arts",1970.69,BAPD 596,https://kerameikos.org/id/amphora,https://kerameikos.org/id/black_figure,https://kerameikos.org/id/athens,,https://vocabs.bcdh.uni-bonn.de/hector_heritage_assets/de/page/concept_65909227,https://vocabs.bcdh.uni-bonn.de/hector_heritage_assets/de/page/concept_fd4cbaed
bapd_596_5,bapd_596_5.jpg,"Apollon auf antiker Halsamphora (MUNICH 1501, GROUP OF)",Transportamphora,http://vocabs.bcdh.uni-bonn.de/hector_heritage_assets/concept_65909227,-,Attisch schwarzfigurig,http://vocabs.bcdh.uni-bonn.de/hector_heritage_assets/concept_fd4cbaed,-,-,Attisch,"MUNICH 1501, GROUP OF by KUNZE-GÖTTE",ca. 550–500 v. Chr.,Ton,"Boston (MA), Museum of Fine Arts",1970.69,BAPD 596,https://kerameikos.org/id/amphora,https://kerameikos.org/id/black_figure,https://kerameikos.org/id/athens,,https://vocabs.bcdh.uni-bonn.de/hector_heritage_assets/de/page/concept_65909227,https://vocabs.bcdh.uni-bonn.de/hector_heritage_assets/de/page/concept_fd4cbaed
bapd_597_1,bapd_597_1.jpg,Herakles auf antiker Halsamphora,Transportamphora,http://vocabs.bcdh.uni-bonn.de/hector_heritage_assets/concept_65909227,-,Attisch schwarzfigurig,http://vocabs.bcdh.uni-bonn.de/hector_heritage_assets/concept_fd4cbaed,-,-,Attisch,,ca. 550–500 v. Chr.,Ton,"Boston (MA), Museum of Fine Arts",80.621,BAPD 597,https://kerameikos.org/id/amphora,https://kerameikos.org/id/black_figure,https://kerameikos.org/id/athens,,https://vocabs.bcdh.uni-bonn.de/hector_heritage_assets/de/page/concept_65909227,https://vocabs.bcdh.uni-bonn.de/hector_heritage_assets/de/page/concept_fd4cbaed
bapd_597_2,bapd_597_2.jpg,Herakles auf antiker Halsamphora,Transportamphora,http://vocabs.bcdh.uni-bonn.de/hector_heritage_assets/concept_65909227,-,Attisch schwarzfigurig,http://vocabs.bcdh.uni-bonn.de/hector_heritage_assets/concept_fd4cbaed,-,-,Attisch,,ca. 550–500 v. Chr.,Ton,"Boston (MA), Museum of Fine Arts",80.621,BAPD 597,https://kerameikos.org/id/amphora,https://kerameikos.org/id/black_figure,https://kerameikos.org/id/athens,,https://vocabs.bcdh.uni-bonn.de/hector_heritage_assets/de/page/concept_65909227,https://vocabs.bcdh.uni-bonn.de/hector_heritage_assets/de/page/concept_fd4cbaed
bapd_597_3,bapd_597_3.jpg,Herakles auf antiker Halsamphora,Transportamphora,http://vocabs.bcdh.uni-bonn.de/hector_heritage_assets/concept_65909227,-,Attisch schwarzfigurig,http://vocabs.bcdh.uni-bonn.de/hector_heritage_assets/concept_fd4cbaed,-,-,Attisch,,ca. 550–500 v. Chr.,Ton,"Boston (MA), Museum of Fine Arts",80.621,BAPD 597,https://kerameikos.org/id/amphora,https://kerameikos.org/id/black_figure,https://kerameikos.org/id/athens,,https://vocabs.bcdh.uni-bonn.de/hector_heritage_assets/de/page/concept_65909227,https://vocabs.bcdh.uni-bonn.de/hector_heritage_assets/de/page/concept_fd4cbaed
bapd_597_4,bapd_597_4.jpg,Herakles auf antiker Halsamphora,Transportamphora,http://vocabs.bcdh.uni-bonn.de/hector_heritage_assets/concept_65909227,-,Attisch schwarzfigurig,http://vocabs.bcdh.uni-bonn.de/hector_heritage_assets/concept_fd4cbaed,-,-,Attisch,,ca. 550–500 v. Chr.,Ton,"Boston (MA), Museum of Fine Arts",80.621,BAPD 597,https://kerameikos.org/id/amphora,https://kerameikos.org/id/black_figure,https://kerameikos.org/id/athens,,https://vocabs.bcdh.uni-bonn.de/hector_heritage_assets/de/page/concept_65909227,https://vocabs.bcdh.uni-bonn.de/hector_heritage_assets/de/page/concept_fd4cbaed
bapd_620_1,bapd_620_1.jpg,"Apollon auf antiker Halsamphora (Manner of TORONTO 305, GROUP OF)",Transportamphora,http://vocabs.bcdh.uni-bonn.de/hector_heritage_assets/concept_65909227,-,Attisch schwarzfigurig,http://vocabs.bcdh.uni-bonn.de/hector_heritage_assets/concept_fd4cbaed,-,-,Attisch,"Manner of TORONTO 305, GROUP OF by JONGKEES-VOS",ca. 550–500 v. Chr.,Ton,"Leiden, Rijksmuseum van Oudheden",PC40,BAPD 620,https://kerameikos.org/id/amphora,https://kerameikos.org/id/black_figure,https://kerameikos.org/id/athens,,https://vocabs.bcdh.uni-bonn.de/hector_heritage_assets/de/page/concept_65909227,https://vocabs.bcdh.uni-bonn.de/hector_heritage_assets/de/page/concept_fd4cbaed
bapd_620_2,bapd_620_2.jpg,"Apollon auf antiker Halsamphora (Manner of TORONTO 305, GROUP OF)",Transportamphora,http://vocabs.bcdh.uni-bonn.de/hector_heritage_assets/concept_65909227,-,Attisch schwarzfigurig,http://vocabs.bcdh.uni-bonn.de/hector_heritage_assets/concept_fd4cbaed,-,-,Attisch,"Manner of TORONTO 305, GROUP OF by JONGKEES-VOS",ca. 550–500 v. Chr.,Ton,"Leiden, Rijksmuseum van Oudheden",PC40,BAPD 620,https://kerameikos.org/id/amphora,https://kerameikos.org/id/black_figure,https://kerameikos.org/id/athens,,https://vocabs.bcdh.uni-bonn.de/hector_heritage_assets/de/page/concept_65909227,https://vocabs.bcdh.uni-bonn.de/hector_heritage_assets/de/page/concept_fd4cbaed
bapd_620_3,bapd_620_3.jpg,"Apollon auf antiker Halsamphora (Manner of TORONTO 305, GROUP OF)",Transportamphora,http://vocabs.bcdh.uni-bonn.de/hector_heritage_assets/concept_65909227,-,Attisch schwarzfigurig,http://vocabs.bcdh.uni-bonn.de/hector_heritage_assets/concept_fd4cbaed,-,-,Attisch,"Manner of TORONTO 305, GROUP OF by JONGKEES-VOS",ca. 550–500 v. Chr.,Ton,"Leiden, Rijksmuseum van Oudheden",PC40,BAPD 620,https://kerameikos.org/id/amphora,https://kerameikos.org/id/black_figure,https://kerameikos.org/id/athens,,https://vocabs.bcdh.uni-bonn.de/hector_heritage_assets/de/page/concept_65909227,https://vocabs.bcdh.uni-bonn.de/hector_heritage_assets/de/page/concept_fd4cbaed
bapd_620_4,bapd_620_4.jpg,"Apollon auf antiker Halsamphora (Manner of TORONTO 305, GROUP OF)",Transportamphora,http://vocabs.bcdh.uni-bonn.de/hector_heritage_assets/concept_65909227,-,Attisch schwarzfigurig,http://vocabs.bcdh.uni-bonn.de/hector_heritage_assets/concept_fd4cbaed,-,-,Attisch,"Manner of TORONTO 305, GROUP OF by JONGKEES-VOS",ca. 550–500 v. Chr.,Ton,"Leiden, Rijksmuseum van Oudheden",PC40,BAPD 620,https://kerameikos.org/id/amphora,https://kerameikos.org/id/black_figure,https://kerameikos.org/id/athens,,https://vocabs.bcdh.uni-bonn.de/hector_heritage_assets/de/page/concept_65909227,https://vocabs.bcdh.uni-bonn.de/hector_heritage_assets/de/page/concept_fd4cbaed
bapd_620_5,bapd_620_5.jpg,"Apollon auf antiker Halsamphora (Manner of TORONTO 305, GROUP OF)",Transportamphora,http://vocabs.bcdh.uni-bonn.de/hector_heritage_assets/concept_65909227,-,Attisch schwarzfigurig,http://vocabs.bcdh.uni-bonn.de/hector_heritage_assets/concept_fd4cbaed,-,-,Attisch,"Manner of TORONTO 305, GROUP OF by JONGKEES-VOS",ca. 550–500 v. Chr.,Ton,"Leiden, Rijksmuseum van Oudheden",PC40,BAPD 620,https://kerameikos.org/id/amphora,https://kerameikos.org/id/black_figure,https://kerameikos.org/id/athens,,https://vocabs.bcdh.uni-bonn.de/hector_heritage_assets/de/page/concept_65909227,https://vocabs.bcdh.uni-bonn.de/hector_heritage_assets/de/page/concept_fd4cbaed
bapd_620_6,bapd_620_6.jpg,"Apollon auf antiker Halsamphora (Manner of TORONTO 305, GROUP OF)",Transportamphora,http://vocabs.bcdh.uni-bonn.de/hector_heritage_assets/concept_65909227,-,Attisch schwarzfigurig,http://vocabs.bcdh.uni-bonn.de/hector_heritage_assets/concept_fd4cbaed,-,-,Attisch,"Manner of TORONTO 305, GROUP OF by JONGKEES-VOS",ca. 550–500 v. Chr.,Ton,"Leiden, Rijksmuseum van Oudheden",PC40,BAPD 620,https://kerameikos.org/id/amphora,https://kerameikos.org/id/black_figure,https://kerameikos.org/id/athens,,https://vocabs.bcdh.uni-bonn.de/hector_heritage_assets/de/page/concept_65909227,https://vocabs.bcdh.uni-bonn.de/hector_heritage_assets/de/page/concept_fd4cbaed
bapd_626_1,bapd_626_1.jpg,Apollon auf antiker Hydria,Hydria,http://vocabs.bcdh.uni-bonn.de/hector_heritage_assets/concept_bf070035,-,Attisch schwarzfigurig,http://vocabs.bcdh.uni-bonn.de/hector_heritage_assets/concept_fd4cbaed,-,-,Attisch,,ca. 550–500 v. Chr.,Ton,"Leiden, Rijksmuseum van Oudheden",PC2,BAPD 626,https://kerameikos.org/id/hydria,https://kerameikos.org/id/black_figure,https://kerameikos.org/id/athens,,https://vocabs.bcdh.uni-bonn.de/hector_heritage_assets/de/page/concept_bf070035,https://vocabs.bcdh.uni-bonn.de/hector_heritage_assets/de/page/concept_fd4cbaed
bapd_626_2,bapd_626_2.jpg,Apollon auf antiker Hydria,Hydria,http://vocabs.bcdh.uni-bonn.de/hector_heritage_assets/concept_bf070035,-,Attisch schwarzfigurig,http://vocabs.bcdh.uni-bonn.de/hector_heritage_assets/concept_fd4cbaed,-,-,Attisch,,ca. 550–500 v. Chr.,Ton,"Leiden, Rijksmuseum van Oudheden",PC2,BAPD 626,https://kerameikos.org/id/hydria,https://kerameikos.org/id/black_figure,https://kerameikos.org/id/athens,,https://vocabs.bcdh.uni-bonn.de/hector_heritage_assets/de/page/concept_bf070035,https://vocabs.bcdh.uni-bonn.de/hector_heritage_assets/de/page/concept_fd4cbaed
bapd_626_3,bapd_626_3.jpg,Apollon auf antiker Hydria,Hydria,http://vocabs.bcdh.uni-bonn.de/hector_heritage_assets/concept_bf070035,-,Attisch schwarzfigurig,http://vocabs.bcdh.uni-bonn.de/hector_heritage_assets/concept_fd4cbaed,-,-,Attisch,,ca. 550–500 v. Chr.,Ton,"Leiden, Rijksmuseum van Oudheden",PC2,BAPD 626,https://kerameikos.org/id/hydria,https://kerameikos.org/id/black_figure,https://kerameikos.org/id/athens,,https://vocabs.bcdh.uni-bonn.de/hector_heritage_assets/de/page/concept_bf070035,https://vocabs.bcdh.uni-bonn.de/hector_heritage_assets/de/page/concept_fd4cbaed
bapd_626_4,bapd_626_4.jpg,Apollon auf antiker Hydria,Hydria,http://vocabs.bcdh.uni-bonn.de/hector_heritage_assets/concept_bf070035,-,Attisch schwarzfigurig,http://vocabs.bcdh.uni-bonn.de/hector_heritage_assets/concept_fd4cbaed,-,-,Attisch,,ca. 550–500 v. Chr.,Ton,"Leiden, Rijksmuseum van Oudheden",PC2,BAPD 626,https://kerameikos.org/id/hydria,https://kerameikos.org/id/black_figure,https://kerameikos.org/id/athens,,https://vocabs.bcdh.uni-bonn.de/hector_heritage_assets/de/page/concept_bf070035,https://vocabs.bcdh.uni-bonn.de/hector_heritage_assets/de/page/concept_fd4cbaed
bapd_626_5,bapd_626_5.jpg,Apollon auf antiker Hydria,Hydria,http://vocabs.bcdh.uni-bonn.de/hector_heritage_assets/concept_bf070035,-,Attisch schwarzfigurig,http://vocabs.bcdh.uni-bonn.de/hector_heritage_assets/concept_fd4cbaed,-,-,Attisch,,ca. 550–500 v. Chr.,Ton,"Leiden, Rijksmuseum van Oudheden",PC2,BAPD 626,https://kerameikos.org/id/hydria,https://kerameikos.org/id/black_figure,https://kerameikos.org/id/athens,,https://vocabs.bcdh.uni-bonn.de/hector_heritage_assets/de/page/concept_bf070035,https://vocabs.bcdh.uni-bonn.de/hector_heritage_assets/de/page/concept_fd4cbaed
bapd_64_1,bapd_64_1.jpg,Dionysos auf antiker Halsamphora (Compare LEAGROS GROUP),Transportamphora,http://vocabs.bcdh.uni-bonn.de/hector_heritage_assets/concept_65909227,-,Attisch schwarzfigurig,http://vocabs.bcdh.uni-bonn.de/hector_heritage_assets/concept_fd4cbaed,-,-,Attisch,Compare LEAGROS GROUP by NATI Near CHIUSI P by NATI,ca. 550–500 v. Chr.,Ton,"Tarquinia, Museo Nazionale Tarquiniese",678,BAPD 64,https://kerameikos.org/id/amphora,https://kerameikos.org/id/black_figure,https://kerameikos.org/id/athens,https://kerameikos.org/id/leagros_group,https://vocabs.bcdh.uni-bonn.de/hector_heritage_assets/de/page/concept_65909227,https://vocabs.bcdh.uni-bonn.de/hector_heritage_assets/de/page/concept_fd4cbaed
bapd_64_2,bapd_64_2.jpg,Dionysos auf antiker Halsamphora (Compare LEAGROS GROUP),Transportamphora,http://vocabs.bcdh.uni-bonn.de/hector_heritage_assets/concept_65909227,-,Attisch schwarzfigurig,http://vocabs.bcdh.uni-bonn.de/hector_heritage_assets/concept_fd4cbaed,-,-,Attisch,Compare LEAGROS GROUP by NATI Near CHIUSI P by NATI,ca. 550–500 v. Chr.,Ton,"Tarquinia, Museo Nazionale Tarquiniese",678,BAPD 64,https://kerameikos.org/id/amphora,https://kerameikos.org/id/black_figure,https://kerameikos.org/id/athens,https://kerameikos.org/id/leagros_group,https://vocabs.bcdh.uni-bonn.de/hector_heritage_assets/de/page/concept_65909227,https://vocabs.bcdh.uni-bonn.de/hector_heritage_assets/de/page/concept_fd4cbaed
bapd_64_3,bapd_64_3.jpg,Dionysos auf antiker Halsamphora (Compare LEAGROS GROUP),Transportamphora,http://vocabs.bcdh.uni-bonn.de/hector_heritage_assets/concept_65909227,-,Attisch schwarzfigurig,http://vocabs.bcdh.uni-bonn.de/hector_heritage_assets/concept_fd4cbaed,-,-,Attisch,Compare LEAGROS GROUP by NATI Near CHIUSI P by NATI,ca. 550–500 v. Chr.,Ton,"Tarquinia, Museo Nazionale Tarquiniese",678,BAPD 64,https://kerameikos.org/id/amphora,https://kerameikos.org/id/black_figure,https://kerameikos.org/id/athens,https://kerameikos.org/id/leagros_group,https://vocabs.bcdh.uni-bonn.de/hector_heritage_assets/de/page/concept_65909227,https://vocabs.bcdh.uni-bonn.de/hector_heritage_assets/de/page/concept_fd4cbaed
bapd_64_4,bapd_64_4.jpg,Dionysos auf antiker Halsamphora (Compare LEAGROS GROUP),Transportamphora,http://vocabs.bcdh.uni-bonn.de/hector_heritage_assets/concept_65909227,-,Attisch schwarzfigurig,http://vocabs.bcdh.uni-bonn.de/hector_heritage_assets/concept_fd4cbaed,-,-,Attisch,Compare LEAGROS GROUP by NATI Near CHIUSI P by NATI,ca. 550–500 v. Chr.,Ton,"Tarquinia, Museo Nazionale Tarquiniese",678,BAPD 64,https://kerameikos.org/id/amphora,https://kerameikos.org/id/black_figure,https://kerameikos.org/id/athens,https://kerameikos.org/id/leagros_group,https://vocabs.bcdh.uni-bonn.de/hector_heritage_assets/de/page/concept_65909227,https://vocabs.bcdh.uni-bonn.de/hector_heritage_assets/de/page/concept_fd4cbaed
bapd_683_1,bapd_683_1.jpg,Apollon auf antiker Lekythos (GELA P),Lekythos,http://vocabs.bcdh.uni-bonn.de/hector_heritage_assets/concept_5b62f4af,-,Attisch schwarzfigurig,http://vocabs.bcdh.uni-bonn.de/hector_heritage_assets/concept_fd4cbaed,-,-,Attisch,GELA P by HASPELS,ca. 525–475 v. Chr.,Ton,"Gela, Museo Archeologico",N43,BAPD 683,https://kerameikos.org/id/lekythos,https://kerameikos.org/id/black_figure,https://kerameikos.org/id/athens,https://kerameikos.org/id/gela_painter,https://vocabs.bcdh.uni-bonn.de/hector_heritage_assets/de/page/concept_5b62f4af,https://vocabs.bcdh.uni-bonn.de/hector_heritage_assets/de/page/concept_fd4cbaed
bapd_683_2,bapd_683_2.jpg,Apollon auf antiker Lekythos (GELA P),Lekythos,http://vocabs.bcdh.uni-bonn.de/hector_heritage_assets/concept_5b62f4af,-,Attisch schwarzfigurig,http://vocabs.bcdh.uni-bonn.de/hector_heritage_assets/concept_fd4cbaed,-,-,Attisch,GELA P by HASPELS,ca. 525–475 v. Chr.,Ton,"Gela, Museo Archeologico",N43,BAPD 683,https://kerameikos.org/id/lekythos,https://kerameikos.org/id/black_figure,https://kerameikos.org/id/athens,https://kerameikos.org/id/gela_painter,https://vocabs.bcdh.uni-bonn.de/hector_heritage_assets/de/page/concept_5b62f4af,https://vocabs.bcdh.uni-bonn.de/hector_heritage_assets/de/page/concept_fd4cbaed
bapd_683_3,bapd_683_3.jpg,Apollon auf antiker Lekythos (GELA P),Lekythos,http://vocabs.bcdh.uni-bonn.de/hector_heritage_assets/concept_5b62f4af,-,Attisch schwarzfigurig,http://vocabs.bcdh.uni-bonn.de/hector_heritage_assets/concept_fd4cbaed,-,-,Attisch,GELA P by HASPELS,ca. 525–475 v. Chr.,Ton,"Gela, Museo Archeologico",N43,BAPD 683,https://kerameikos.org/id/lekythos,https://kerameikos.org/id/black_figure,https://kerameikos.org/id/athens,https://kerameikos.org/id/gela_painter,https://vocabs.bcdh.uni-bonn.de/hector_heritage_assets/de/page/concept_5b62f4af,https://vocabs.bcdh.uni-bonn.de/hector_heritage_assets/de/page/concept_fd4cbaed
bapd_683_4,bapd_683_4.jpg,Apollon auf antiker Lekythos (GELA P),Lekythos,http://vocabs.bcdh.uni-bonn.de/hector_heritage_assets/concept_5b62f4af,-,Attisch schwarzfigurig,http://vocabs.bcdh.uni-bonn.de/hector_heritage_assets/concept_fd4cbaed,-,-,Attisch,GELA P by HASPELS,ca. 525–475 v. Chr.,Ton,"Gela, Museo Archeologico",N43,BAPD 683,https://kerameikos.org/id/lekythos,https://kerameikos.org/id/black_figure,https://kerameikos.org/id/athens,https://kerameikos.org/id/gela_painter,https://vocabs.bcdh.uni-bonn.de/hector_heritage_assets/de/page/concept_5b62f4af,https://vocabs.bcdh.uni-bonn.de/hector_heritage_assets/de/page/concept_fd4cbaed
bapd_683_5,bapd_683_5.jpg,Apollon auf antiker Lekythos (GELA P),Lekythos,http://vocabs.bcdh.uni-bonn.de/hector_heritage_assets/concept_5b62f4af,-,Attisch schwarzfigurig,http://vocabs.bcdh.uni-bonn.de/hector_heritage_assets/concept_fd4cbaed,-,-,Attisch,GELA P by HASPELS,ca. 525–475 v. Chr.,Ton,"Gela, Museo Archeologico",N43,BAPD 683,https://kerameikos.org/id/lekythos,https://kerameikos.org/id/black_figure,https://kerameikos.org/id/athens,https://kerameikos.org/id/gela_painter,https://vocabs.bcdh.uni-bonn.de/hector_heritage_assets/de/page/concept_5b62f4af,https://vocabs.bcdh.uni-bonn.de/hector_heritage_assets/de/page/concept_fd4cbaed
bapd_683_6,bapd_683_6.jpg,Apollon auf antiker Lekythos (GELA P),Lekythos,http://vocabs.bcdh.uni-bonn.de/hector_heritage_assets/concept_5b62f4af,-,Attisch schwarzfigurig,http://vocabs.bcdh.uni-bonn.de/hector_heritage_assets/concept_fd4cbaed,-,-,Attisch,GELA P by HASPELS,ca. 525–475 v. Chr.,Ton,"Gela, Museo Archeologico",N43,BAPD 683,https://kerameikos.org/id/lekythos,https://kerameikos.org/id/black_figure,https://kerameikos.org/id/athens,https://kerameikos.org/id/gela_painter,https://vocabs.bcdh.uni-bonn.de/hector_heritage_assets/de/page/concept_5b62f4af,https://vocabs.bcdh.uni-bonn.de/hector_heritage_assets/de/page/concept_fd4cbaed
bapd_683_7,bapd_683_7.jpg,Apollon auf antiker Lekythos (GELA P),Lekythos,http://vocabs.bcdh.uni-bonn.de/hector_heritage_assets/concept_5b62f4af,-,Attisch schwarzfigurig,http://vocabs.bcdh.uni-bonn.de/hector_heritage_assets/concept_fd4cbaed,-,-,Attisch,GELA P by HASPELS,ca. 525–475 v. Chr.,Ton,"Gela, Museo Archeologico",N43,BAPD 683,https://kerameikos.org/id/lekythos,https://kerameikos.org/id/black_figure,https://kerameikos.org/id/athens,https://kerameikos.org/id/gela_painter,https://vocabs.bcdh.uni-bonn.de/hector_heritage_assets/de/page/concept_5b62f4af,https://vocabs.bcdh.uni-bonn.de/hector_heritage_assets/de/page/concept_fd4cbaed
bapd_683_8,bapd_683_8.jpg,Apollon auf antiker Lekythos (GELA P),Lekythos,http://vocabs.bcdh.uni-bonn.de/hector_heritage_assets/concept_5b62f4af,-,Attisch schwarzfigurig,http://vocabs.bcdh.uni-bonn.de/hector_heritage_assets/concept_fd4cbaed,-,-,Attisch,GELA P by HASPELS,ca. 525–475 v. Chr.,Ton,"Gela, Museo Archeologico",N43,BAPD 683,https://kerameikos.org/id/lekythos,https://kerameikos.org/id/black_figure,https://kerameikos.org/id/athens,https://kerameikos.org/id/gela_painter,https://vocabs.bcdh.uni-bonn.de/hector_heritage_assets/de/page/concept_5b62f4af,https://vocabs.bcdh.uni-bonn.de/hector_heritage_assets/de/page/concept_fd4cbaed
bapd_683_9,bapd_683_9.jpg,Apollon auf antiker Lekythos (GELA P),Lekythos,http://vocabs.bcdh.uni-bonn.de/hector_heritage_assets/concept_5b62f4af,-,Attisch schwarzfigurig,http://vocabs.bcdh.uni-bonn.de/hector_heritage_assets/concept_fd4cbaed,-,-,Attisch,GELA P by HASPELS,ca. 525–475 v. Chr.,Ton,"Gela, Museo Archeologico",N43,BAPD 683,https://kerameikos.org/id/lekythos,https://kerameikos.org/id/black_figure,https://kerameikos.org/id/athens,https://kerameikos.org/id/gela_painter,https://vocabs.bcdh.uni-bonn.de/hector_heritage_assets/de/page/concept_5b62f4af,https://vocabs.bcdh.uni-bonn.de/hector_heritage_assets/de/page/concept_fd4cbaed
bapd_69_1,bapd_69_1.jpg,Apollon auf antiker Hydria,Hydria,http://vocabs.bcdh.uni-bonn.de/hector_heritage_assets/concept_bf070035,-,Attisch schwarzfigurig,http://vocabs.bcdh.uni-bonn.de/hector_heritage_assets/concept_fd4cbaed,-,-,Attisch,,ca. 550–500 v. Chr.,Ton,"Liverpool, World Museum",,BAPD 69,https://kerameikos.org/id/hydria,https://kerameikos.org/id/black_figure,https://kerameikos.org/id/athens,,https://vocabs.bcdh.uni-bonn.de/hector_heritage_assets/de/page/concept_bf070035,https://vocabs.bcdh.uni-bonn.de/hector_heritage_assets/de/page/concept_fd4cbaed
bapd_69_2,bapd_69_2.jpg,Apollon auf antiker Hydria,Hydria,http://vocabs.bcdh.uni-bonn.de/hector_heritage_assets/concept_bf070035,-,Attisch schwarzfigurig,http://vocabs.bcdh.uni-bonn.de/hector_heritage_assets/concept_fd4cbaed,-,-,Attisch,,ca. 550–500 v. Chr.,Ton,"Liverpool, World Museum",,BAPD 69,https://kerameikos.org/id/hydria,https://kerameikos.org/id/black_figure,https://kerameikos.org/id/athens,,https://vocabs.bcdh.uni-bonn.de/hector_heritage_assets/de/page/concept_bf070035,https://vocabs.bcdh.uni-bonn.de/hector_heritage_assets/de/page/concept_fd4cbaed
bapd_6_1,bapd_6_1.jpg,"Dionysos auf antiker Halsamphora (Compare COMPIEGNE 988, GROUP OF)",Transportamphora,http://vocabs.bcdh.uni-bonn.de/hector_heritage_assets/concept_65909227,-,Attisch schwarzfigurig,http://vocabs.bcdh.uni-bonn.de/hector_heritage_assets/concept_fd4cbaed,-,-,Attisch,"Compare COMPIEGNE 988, GROUP OF by MOMMSEN Manner of KLEOPHRADES P by KUNZE-GÖTTE",ca. 525–475 v. Chr.,Ton,"Munich, Antikensammlungen",1540,BAPD 6,https://kerameikos.org/id/amphora,https://kerameikos.org/id/black_figure,https://kerameikos.org/id/athens,https://kerameikos.org/id/kleophrades_painter,https://vocabs.bcdh.uni-bonn.de/hector_heritage_assets/de/page/concept_65909227,https://vocabs.bcdh.uni-bonn.de/hector_heritage_assets/de/page/concept_fd4cbaed
bapd_6_2,bapd_6_2.jpg,"Dionysos auf antiker Halsamphora (Compare COMPIEGNE 988, GROUP OF)",Transportamphora,http://vocabs.bcdh.uni-bonn.de/hector_heritage_assets/concept_65909227,-,Attisch schwarzfigurig,http://vocabs.bcdh.uni-bonn.de/hector_heritage_assets/concept_fd4cbaed,-,-,Attisch,"Compare COMPIEGNE 988, GROUP OF by MOMMSEN Manner of KLEOPHRADES P by KUNZE-GÖTTE",ca. 525–475 v. Chr.,Ton,"Munich, Antikensammlungen",1540,BAPD 6,https://kerameikos.org/id/amphora,https://kerameikos.org/id/black_figure,https://kerameikos.org/id/athens,https://kerameikos.org/id/kleophrades_painter,https://vocabs.bcdh.uni-bonn.de/hector_heritage_assets/de/page/concept_65909227,https://vocabs.bcdh.uni-bonn.de/hector_heritage_assets/de/page/concept_fd4cbaed
bapd_6_3,bapd_6_3.jpg,"Dionysos auf antiker Halsamphora (Compare COMPIEGNE 988, GROUP OF)",Transportamphora,http://vocabs.bcdh.uni-bonn.de/hector_heritage_assets/concept_65909227,-,Attisch schwarzfigurig,http://vocabs.bcdh.uni-bonn.de/hector_heritage_assets/concept_fd4cbaed,-,-,Attisch,"Compare COMPIEGNE 988, GROUP OF by MOMMSEN Manner of KLEOPHRADES P by KUNZE-GÖTTE",ca. 525–475 v. Chr.,Ton,"Munich, Antikensammlungen",1540,BAPD 6,https://kerameikos.org/id/amphora,https://kerameikos.org/id/black_figure,https://kerameikos.org/id/athens,https://kerameikos.org/id/kleophrades_painter,https://vocabs.bcdh.uni-bonn.de/hector_heritage_assets/de/page/concept_65909227,https://vocabs.bcdh.uni-bonn.de/hector_heritage_assets/de/page/concept_fd4cbaed
bapd_6_4,bapd_6_4.jpg,"Dionysos auf antiker Halsamphora (Compare COMPIEGNE 988, GROUP OF)",Transportamphora,http://vocabs.bcdh.uni-bonn.de/hector_heritage_assets/concept_65909227,-,Attisch schwarzfigurig,http://vocabs.bcdh.uni-bonn.de/hector_heritage_assets/concept_fd4cbaed,-,-,Attisch,"Compare COMPIEGNE 988, GROUP OF by MOMMSEN Manner of KLEOPHRADES P by KUNZE-GÖTTE",ca. 525–475 v. Chr.,Ton,"Munich, Antikensammlungen",1540,BAPD 6,https://kerameikos.org/id/amphora,https://kerameikos.org/id/black_figure,https://kerameikos.org/id/athens,https://kerameikos.org/id/kleophrades_painter,https://vocabs.bcdh.uni-bonn.de/hector_heritage_assets/de/page/concept_65909227,https://vocabs.bcdh.uni-bonn.de/hector_heritage_assets/de/page/concept_fd4cbaed
bapd_6_5,bapd_6_5.jpg,"Dionysos auf antiker Halsamphora (Compare COMPIEGNE 988, GROUP OF)",Transportamphora,http://vocabs.bcdh.uni-bonn.de/hector_heritage_assets/concept_65909227,-,Attisch schwarzfigurig,http://vocabs.bcdh.uni-bonn.de/hector_heritage_assets/concept_fd4cbaed,-,-,Attisch,"Compare COMPIEGNE 988, GROUP OF by MOMMSEN Manner of KLEOPHRADES P by KUNZE-GÖTTE",ca. 525–475 v. Chr.,Ton,"Munich, Antikensammlungen",1540,BAPD 6,https://kerameikos.org/id/amphora,https://kerameikos.org/id/black_figure,https://kerameikos.org/id/athens,https://kerameikos.org/id/kleophrades_painter,https://vocabs.bcdh.uni-bonn.de/hector_heritage_assets/de/page/concept_65909227,https://vocabs.bcdh.uni-bonn.de/hector_heritage_assets/de/page/concept_fd4cbaed
bapd_6_6,bapd_6_6.jpg,"Dionysos auf antiker Halsamphora (Compare COMPIEGNE 988, GROUP OF)",Transportamphora,http://vocabs.bcdh.uni-bonn.de/hector_heritage_assets/concept_65909227,-,Attisch schwarzfigurig,http://vocabs.bcdh.uni-bonn.de/hector_heritage_assets/concept_fd4cbaed,-,-,Attisch,"Compare COMPIEGNE 988, GROUP OF by MOMMSEN Manner of KLEOPHRADES P by KUNZE-GÖTTE",ca. 525–475 v. Chr.,Ton,"Munich, Antikensammlungen",1540,BAPD 6,https://kerameikos.org/id/amphora,https://kerameikos.org/id/black_figure,https://kerameikos.org/id/athens,https://kerameikos.org/id/kleophrades_painter,https://vocabs.bcdh.uni-bonn.de/hector_heritage_assets/de/page/concept_65909227,https://vocabs.bcdh.uni-bonn.de/hector_heritage_assets/de/page/concept_fd4cbaed
bapd_702_1,bapd_702_1.jpg,Apollon auf antiker Halsamphora (Manner of LYDOS),Transportamphora,http://vocabs.bcdh.uni-bonn.de/hector_heritage_assets/concept_65909227,-,Attisch schwarzfigurig,http://vocabs.bcdh.uni-bonn.de/hector_heritage_assets/concept_fd4cbaed,-,-,Attisch,Manner of LYDOS by BOULTER Manner of LYDOS by LUCKNER,ca. 575–525 v. Chr.,Ton,Market,,BAPD 702,https://kerameikos.org/id/amphora,https://kerameikos.org/id/black_figure,https://kerameikos.org/id/athens,https://kerameikos.org/id/lydos,https://vocabs.bcdh.uni-bonn.de/hector_heritage_assets/de/page/concept_65909227,https://vocabs.bcdh.uni-bonn.de/hector_heritage_assets/de/page/concept_fd4cbaed
bapd_702_2,bapd_702_2.jpg,Apollon auf antiker Halsamphora (Manner of LYDOS),Transportamphora,http://vocabs.bcdh.uni-bonn.de/hector_heritage_assets/concept_65909227,-,Attisch schwarzfigurig,http://vocabs.bcdh.uni-bonn.de/hector_heritage_assets/concept_fd4cbaed,-,-,Attisch,Manner of LYDOS by BOULTER Manner of LYDOS by LUCKNER,ca. 575–525 v. Chr.,Ton,Market,,BAPD 702,https://kerameikos.org/id/amphora,https://kerameikos.org/id/black_figure,https://kerameikos.org/id/athens,https://kerameikos.org/id/lydos,https://vocabs.bcdh.uni-bonn.de/hector_heritage_assets/de/page/concept_65909227,https://vocabs.bcdh.uni-bonn.de/hector_heritage_assets/de/page/concept_fd4cbaed
bapd_702_3,bapd_702_3.jpg,Apollon auf antiker Halsamphora (Manner of LYDOS),Transportamphora,http://vocabs.bcdh.uni-bonn.de/hector_heritage_assets/concept_65909227,-,Attisch schwarzfigurig,http://vocabs.bcdh.uni-bonn.de/hector_heritage_assets/concept_fd4cbaed,-,-,Attisch,Manner of LYDOS by BOULTER Manner of LYDOS by LUCKNER,ca. 575–525 v. Chr.,Ton,Market,,BAPD 702,https://kerameikos.org/id/amphora,https://kerameikos.org/id/black_figure,https://kerameikos.org/id/athens,https://kerameikos.org/id/lydos,https://vocabs.bcdh.uni-bonn.de/hector_heritage_assets/de/page/concept_65909227,https://vocabs.bcdh.uni-bonn.de/hector_heritage_assets/de/page/concept_fd4cbaed
bapd_728_1,bapd_728_1.jpg,Apollon auf antiker Lekythos (Manner of HAIMON P),Lekythos,http://vocabs.bcdh.uni-bonn.de/hector_heritage_assets/concept_5b62f4af,-,Attisch schwarzfigurig,http://vocabs.bcdh.uni-bonn.de/hector_heritage_assets/concept_fd4cbaed,-,-,Attisch,Manner of HAIMON P by GROPENGIESSER,ca. 500–450 v. Chr.,Ton,"Heidelberg, Ruprecht-Karls-Universität, Antikensammlung der Universität Heidelberg",L25,BAPD 728,https://kerameikos.org/id/lekythos,https://kerameikos.org/id/black_figure,https://kerameikos.org/id/athens,,https://vocabs.bcdh.uni-bonn.de/hector_heritage_assets/de/page/concept_5b62f4af,https://vocabs.bcdh.uni-bonn.de/hector_heritage_assets/de/page/concept_fd4cbaed
bapd_728_2,bapd_728_2.jpg,Apollon auf antiker Lekythos (Manner of HAIMON P),Lekythos,http://vocabs.bcdh.uni-bonn.de/hector_heritage_assets/concept_5b62f4af,-,Attisch schwarzfigurig,http://vocabs.bcdh.uni-bonn.de/hector_heritage_assets/concept_fd4cbaed,-,-,Attisch,Manner of HAIMON P by GROPENGIESSER,ca. 500–450 v. Chr.,Ton,"Heidelberg, Ruprecht-Karls-Universität, Antikensammlung der Universität Heidelberg",L25,BAPD 728,https://kerameikos.org/id/lekythos,https://kerameikos.org/id/black_figure,https://kerameikos.org/id/athens,,https://vocabs.bcdh.uni-bonn.de/hector_heritage_assets/de/page/concept_5b62f4af,https://vocabs.bcdh.uni-bonn.de/hector_heritage_assets/de/page/concept_fd4cbaed
bapd_728_3,bapd_728_3.jpg,Apollon auf antiker Lekythos (Manner of HAIMON P),Lekythos,http://vocabs.bcdh.uni-bonn.de/hector_heritage_assets/concept_5b62f4af,-,Attisch schwarzfigurig,http://vocabs.bcdh.uni-bonn.de/hector_heritage_assets/concept_fd4cbaed,-,-,Attisch,Manner of HAIMON P by GROPENGIESSER,ca. 500–450 v. Chr.,Ton,"Heidelberg, Ruprecht-Karls-Universität, Antikensammlung der Universität Heidelberg",L25,BAPD 728,https://kerameikos.org/id/lekythos,https://kerameikos.org/id/black_figure,https://kerameikos.org/id/athens,,https://vocabs.bcdh.uni-bonn.de/hector_heritage_assets/de/page/concept_5b62f4af,https://vocabs.bcdh.uni-bonn.de/hector_heritage_assets/de/page/concept_fd4cbaed
bapd_72_1,bapd_72_1.jpg,Herakles auf antiker Hydria (TALEIDES P),Hydria,http://vocabs.bcdh.uni-bonn.de/hector_heritage_assets/concept_bf070035,-,Attisch schwarzfigurig,http://vocabs.bcdh.uni-bonn.de/hector_heritage_assets/concept_fd4cbaed,-,-,Attisch,TALEIDES P by UNKNOWN,ca. 550–500 v. Chr.,Ton,"Boston (MA), Museum of Fine Arts",99.522,BAPD 72,https://kerameikos.org/id/hydria,https://kerameikos.org/id/black_figure,https://kerameikos.org/id/athens,,https://vocabs.bcdh.uni-bonn.de/hector_heritage_assets/de/page/concept_bf070035,https://vocabs.bcdh.uni-bonn.de/hector_heritage_assets/de/page/concept_fd4cbaed
bapd_72_2,bapd_72_2.jpg,Herakles auf antiker Hydria (TALEIDES P),Hydria,http://vocabs.bcdh.uni-bonn.de/hector_heritage_assets/concept_bf070035,-,Attisch schwarzfigurig,http://vocabs.bcdh.uni-bonn.de/hector_heritage_assets/concept_fd4cbaed,-,-,Attisch,TALEIDES P by UNKNOWN,ca. 550–500 v. Chr.,Ton,"Boston (MA), Museum of Fine Arts",99.522,BAPD 72,https://kerameikos.org/id/hydria,https://kerameikos.org/id/black_figure,https://kerameikos.org/id/athens,,https://vocabs.bcdh.uni-bonn.de/hector_heritage_assets/de/page/concept_bf070035,https://vocabs.bcdh.uni-bonn.de/hector_heritage_assets/de/page/concept_fd4cbaed
bapd_72_3,bapd_72_3.jpg,Herakles auf antiker Hydria (TALEIDES P),Hydria,http://vocabs.bcdh.uni-bonn.de/hector_heritage_assets/concept_bf070035,-,Attisch schwarzfigurig,http://vocabs.bcdh.uni-bonn.de/hector_heritage_assets/concept_fd4cbaed,-,-,Attisch,TALEIDES P by UNKNOWN,ca. 550–500 v. Chr.,Ton,"Boston (MA), Museum of Fine Arts",99.522,BAPD 72,https://kerameikos.org/id/hydria,https://kerameikos.org/id/black_figure,https://kerameikos.org/id/athens,,https://vocabs.bcdh.uni-bonn.de/hector_heritage_assets/de/page/concept_bf070035,https://vocabs.bcdh.uni-bonn.de/hector_heritage_assets/de/page/concept_fd4cbaed
bapd_72_4,bapd_72_4.jpg,Herakles auf antiker Hydria (TALEIDES P),Hydria,http://vocabs.bcdh.uni-bonn.de/hector_heritage_assets/concept_bf070035,-,Attisch schwarzfigurig,http://vocabs.bcdh.uni-bonn.de/hector_heritage_assets/concept_fd4cbaed,-,-,Attisch,TALEIDES P by UNKNOWN,ca. 550–500 v. Chr.,Ton,"Boston (MA), Museum of Fine Arts",99.522,BAPD 72,https://kerameikos.org/id/hydria,https://kerameikos.org/id/black_figure,https://kerameikos.org/id/athens,,https://vocabs.bcdh.uni-bonn.de/hector_heritage_assets/de/page/concept_bf070035,https://vocabs.bcdh.uni-bonn.de/hector_heritage_assets/de/page/concept_fd4cbaed
bapd_734_1,bapd_734_1.jpg,Apollon auf antiker Lekythos (HAIMON P),Lekythos,http://vocabs.bcdh.uni-bonn.de/hector_heritage_assets/concept_5b62f4af,-,Attisch schwarzfigurig,http://vocabs.bcdh.uni-bonn.de/hector_heritage_assets/concept_fd4cbaed,-,-,Attisch,HAIMON P by GROPENGIESSER,ca. 500–450 v. Chr.,Ton,"Heidelberg, Ruprecht-Karls-Universität, Antikensammlung der Universität Heidelberg",L64,BAPD 734,https://kerameikos.org/id/lekythos,https://kerameikos.org/id/black_figure,https://kerameikos.org/id/athens,,https://vocabs.bcdh.uni-bonn.de/hector_heritage_assets/de/page/concept_5b62f4af,https://vocabs.bcdh.uni-bonn.de/hector_heritage_assets/de/page/concept_fd4cbaed
bapd_734_2,bapd_734_2.jpg,Apollon auf antiker Lekythos (HAIMON P),Lekythos,http://vocabs.bcdh.uni-bonn.de/hector_heritage_assets/concept_5b62f4af,-,Attisch schwarzfigurig,http://vocabs.bcdh.uni-bonn.de/hector_heritage_assets/concept_fd4cbaed,-,-,Attisch,HAIMON P by GROPENGIESSER,ca. 500–450 v. Chr.,Ton,"Heidelberg, Ruprecht-Karls-Universität, Antikensammlung der Universität Heidelberg",L64,BAPD 734,https://kerameikos.org/id/lekythos,https://kerameikos.org/id/black_figure,https://kerameikos.org/id/athens,,https://vocabs.bcdh.uni-bonn.de/hector_heritage_assets/de/page/concept_5b62f4af,https://vocabs.bcdh.uni-bonn.de/hector_heritage_assets/de/page/concept_fd4cbaed
bapd_734_3,bapd_734_3.jpg,Apollon auf antiker Lekythos (HAIMON P),Lekythos,http://vocabs.bcdh.uni-bonn.de/hector_heritage_assets/concept_5b62f4af,-,Attisch schwarzfigurig,http://vocabs.bcdh.uni-bonn.de/hector_heritage_assets/concept_fd4cbaed,-,-,Attisch,HAIMON P by GROPENGIESSER,ca. 500–450 v. Chr.,Ton,"Heidelberg, Ruprecht-Karls-Universität, Antikensammlung der Universität Heidelberg",L64,BAPD 734,https://kerameikos.org/id/lekythos,https://kerameikos.org/id/black_figure,https://kerameikos.org/id/athens,,https://vocabs.bcdh.uni-bonn.de/hector_heritage_assets/de/page/concept_5b62f4af,https://vocabs.bcdh.uni-bonn.de/hector_heritage_assets/de/page/concept_fd4cbaed
bapd_734_4,bapd_734_4.jpg,Apollon auf antiker Lekythos (HAIMON P),Lekythos,http://vocabs.bcdh.uni-bonn.de/hector_heritage_assets/concept_5b62f4af,-,Attisch schwarzfigurig,http://vocabs.bcdh.uni-bonn.de/hector_heritage_assets/concept_fd4cbaed,-,-,Attisch,HAIMON P by GROPENGIESSER,ca. 500–450 v. Chr.,Ton,"Heidelberg, Ruprecht-Karls-Universität, Antikensammlung der Universität Heidelberg",L64,BAPD 734,https://kerameikos.org/id/lekythos,https://kerameikos.org/id/black_figure,https://kerameikos.org/id/athens,,https://vocabs.bcdh.uni-bonn.de/hector_heritage_assets/de/page/concept_5b62f4af,https://vocabs.bcdh.uni-bonn.de/hector_heritage_assets/de/page/concept_fd4cbaed
bapd_743_1,bapd_743_1.jpg,"Apollon auf antiker Halsamphora (Compare LONDON B 174, GROUP OF)",Transportamphora,http://vocabs.bcdh.uni-bonn.de/hector_heritage_assets/concept_65909227,-,Attisch schwarzfigurig,http://vocabs.bcdh.uni-bonn.de/hector_heritage_assets/concept_fd4cbaed,-,-,Attisch,"Compare LONDON B 174, GROUP OF by KUNZE-GÖTTE",ca. 550–500 v. Chr.,Ton,"Munich, Antikensammlungen",1473,BAPD 743,https://kerameikos.org/id/amphora,https://kerameikos.org/id/black_figure,https://kerameikos.org/id/athens,,https://vocabs.bcdh.uni-bonn.de/hector_heritage_assets/de/page/concept_65909227,https://vocabs.bcdh.uni-bonn.de/hector_heritage_assets/de/page/concept_fd4cbaed
bapd_743_2,bapd_743_2.jpg,"Apollon auf antiker Halsamphora (Compare LONDON B 174, GROUP OF)",Transportamphora,http://vocabs.bcdh.uni-bonn.de/hector_heritage_assets/concept_65909227,-,Attisch schwarzfigurig,http://vocabs.bcdh.uni-bonn.de/hector_heritage_assets/concept_fd4cbaed,-,-,Attisch,"Compare LONDON B 174, GROUP OF by KUNZE-GÖTTE",ca. 550–500 v. Chr.,Ton,"Munich, Antikensammlungen",1473,BAPD 743,https://kerameikos.org/id/amphora,https://kerameikos.org/id/black_figure,https://kerameikos.org/id/athens,,https://vocabs.bcdh.uni-bonn.de/hector_heritage_assets/de/page/concept_65909227,https://vocabs.bcdh.uni-bonn.de/hector_heritage_assets/de/page/concept_fd4cbaed
bapd_743_3,bapd_743_3.jpg,"Apollon auf antiker Halsamphora (Compare LONDON B 174, GROUP OF)",Transportamphora,http://vocabs.bcdh.uni-bonn.de/hector_heritage_assets/concept_65909227,-,Attisch schwarzfigurig,http://vocabs.bcdh.uni-bonn.de/hector_heritage_assets/concept_fd4cbaed,-,-,Attisch,"Compare LONDON B 174, GROUP OF by KUNZE-GÖTTE",ca. 550–500 v. Chr.,Ton,"Munich, Antikensammlungen",1473,BAPD 743,https://kerameikos.org/id/amphora,https://kerameikos.org/id/black_figure,https://kerameikos.org/id/athens,,https://vocabs.bcdh.uni-bonn.de/hector_heritage_assets/de/page/concept_65909227,https://vocabs.bcdh.uni-bonn.de/hector_heritage_assets/de/page/concept_fd4cbaed
bapd_743_4,bapd_743_4.jpg,"Apollon auf antiker Halsamphora (Compare LONDON B 174, GROUP OF)",Transportamphora,http://vocabs.bcdh.uni-bonn.de/hector_heritage_assets/concept_65909227,-,Attisch schwarzfigurig,http://vocabs.bcdh.uni-bonn.de/hector_heritage_assets/concept_fd4cbaed,-,-,Attisch,"Compare LONDON B 174, GROUP OF by KUNZE-GÖTTE",ca. 550–500 v. Chr.,Ton,"Munich, Antikensammlungen",1473,BAPD 743,https://kerameikos.org/id/amphora,https://kerameikos.org/id/black_figure,https://kerameikos.org/id/athens,,https://vocabs.bcdh.uni-bonn.de/hector_heritage_assets/de/page/concept_65909227,https://vocabs.bcdh.uni-bonn.de/hector_heritage_assets/de/page/concept_fd4cbaed
bapd_743_5,bapd_743_5.jpg,"Apollon auf antiker Halsamphora (Compare LONDON B 174, GROUP OF)",Transportamphora,http://vocabs.bcdh.uni-bonn.de/hector_heritage_assets/concept_65909227,-,Attisch schwarzfigurig,http://vocabs.bcdh.uni-bonn.de/hector_heritage_assets/concept_fd4cbaed,-,-,Attisch,"Compare LONDON B 174, GROUP OF by KUNZE-GÖTTE",ca. 550–500 v. Chr.,Ton,"Munich, Antikensammlungen",1473,BAPD 743,https://kerameikos.org/id/amphora,https://kerameikos.org/id/black_figure,https://kerameikos.org/id/athens,,https://vocabs.bcdh.uni-bonn.de/hector_heritage_assets/de/page/concept_65909227,https://vocabs.bcdh.uni-bonn.de/hector_heritage_assets/de/page/concept_fd4cbaed
bapd_743_6,bapd_743_6.jpg,"Apollon auf antiker Halsamphora (Compare LONDON B 174, GROUP OF)",Transportamphora,http://vocabs.bcdh.uni-bonn.de/hector_heritage_assets/concept_65909227,-,Attisch schwarzfigurig,http://vocabs.bcdh.uni-bonn.de/hector_heritage_assets/concept_fd4cbaed,-,-,Attisch,"Compare LONDON B 174, GROUP OF by KUNZE-GÖTTE",ca. 550–500 v. Chr.,Ton,"Munich, Antikensammlungen",1473,BAPD 743,https://kerameikos.org/id/amphora,https://kerameikos.org/id/black_figure,https://kerameikos.org/id/athens,,https://vocabs.bcdh.uni-bonn.de/hector_heritage_assets/de/page/concept_65909227,https://vocabs.bcdh.uni-bonn.de/hector_heritage_assets/de/page/concept_fd4cbaed
bapd_743_7,bapd_743_7.jpg,"Apollon auf antiker Halsamphora (Compare LONDON B 174, GROUP OF)",Transportamphora,http://vocabs.bcdh.uni-bonn.de/hector_heritage_assets/concept_65909227,-,Attisch schwarzfigurig,http://vocabs.bcdh.uni-bonn.de/hector_heritage_assets/concept_fd4cbaed,-,-,Attisch,"Compare LONDON B 174, GROUP OF by KUNZE-GÖTTE",ca. 550–500 v. Chr.,Ton,"Munich, Antikensammlungen",1473,BAPD 743,https://kerameikos.org/id/amphora,https://kerameikos.org/id/black_figure,https://kerameikos.org/id/athens,,https://vocabs.bcdh.uni-bonn.de/hector_heritage_assets/de/page/concept_65909227,https://vocabs.bcdh.uni-bonn.de/hector_heritage_assets/de/page/concept_fd4cbaed
bapd_743_8,bapd_743_8.jpg,"Apollon auf antiker Halsamphora (Compare LONDON B 174, GROUP OF)",Transportamphora,http://vocabs.bcdh.uni-bonn.de/hector_heritage_assets/concept_65909227,-,Attisch schwarzfigurig,http://vocabs.bcdh.uni-bonn.de/hector_heritage_assets/concept_fd4cbaed,-,-,Attisch,"Compare LONDON B 174, GROUP OF by KUNZE-GÖTTE",ca. 550–500 v. Chr.,Ton,"Munich, Antikensammlungen",1473,BAPD 743,https://kerameikos.org/id/amphora,https://kerameikos.org/id/black_figure,https://kerameikos.org/id/athens,,https://vocabs.bcdh.uni-bonn.de/hector_heritage_assets/de/page/concept_65909227,https://vocabs.bcdh.uni-bonn.de/hector_heritage_assets/de/page/concept_fd4cbaed
bapd_753_1,bapd_753_1.jpg,Apollon auf antiker Bauchamphora (Manner of LYSIPPIDES P),Transportamphora,http://vocabs.bcdh.uni-bonn.de/hector_heritage_assets/concept_65909227,-,Attisch schwarzfigurig,http://vocabs.bcdh.uni-bonn.de/hector_heritage_assets/concept_fd4cbaed,-,-,Attisch,Manner of LYSIPPIDES P by BOTHMER,ca. 550–500 v. Chr.,Ton,"Boston (MA), Museum of Fine Arts",68.46,BAPD 753,https://kerameikos.org/id/amphora,https://kerameikos.org/id/black_figure,https://kerameikos.org/id/athens,,https://vocabs.bcdh.uni-bonn.de/hector_heritage_assets/de/page/concept_65909227,https://vocabs.bcdh.uni-bonn.de/hector_heritage_assets/de/page/concept_fd4cbaed
bapd_753_2,bapd_753_2.jpg,Apollon auf antiker Bauchamphora (Manner of LYSIPPIDES P),Transportamphora,http://vocabs.bcdh.uni-bonn.de/hector_heritage_assets/concept_65909227,-,Attisch schwarzfigurig,http://vocabs.bcdh.uni-bonn.de/hector_heritage_assets/concept_fd4cbaed,-,-,Attisch,Manner of LYSIPPIDES P by BOTHMER,ca. 550–500 v. Chr.,Ton,"Boston (MA), Museum of Fine Arts",68.46,BAPD 753,https://kerameikos.org/id/amphora,https://kerameikos.org/id/black_figure,https://kerameikos.org/id/athens,,https://vocabs.bcdh.uni-bonn.de/hector_heritage_assets/de/page/concept_65909227,https://vocabs.bcdh.uni-bonn.de/hector_heritage_assets/de/page/concept_fd4cbaed
bapd_75_1,bapd_75_1.jpg,Dionysos auf antiker Hydria (RYCROFT P),Hydria,http://vocabs.bcdh.uni-bonn.de/hector_heritage_assets/concept_bf070035,-,Attisch schwarzfigurig,http://vocabs.bcdh.uni-bonn.de/hector_heritage_assets/concept_fd4cbaed,-,-,Attisch,RYCROFT P by MOORE,ca. 550–500 v. Chr.,Ton,"Boston (MA), Museum of Fine Arts",03.880,BAPD 75,https://kerameikos.org/id/hydria,https://kerameikos.org/id/black_figure,https://kerameikos.org/id/athens,,https://vocabs.bcdh.uni-bonn.de/hector_heritage_assets/de/page/concept_bf070035,https://vocabs.bcdh.uni-bonn.de/hector_heritage_assets/de/page/concept_fd4cbaed
bapd_75_2,bapd_75_2.jpg,Dionysos auf antiker Hydria (RYCROFT P),Hydria,http://vocabs.bcdh.uni-bonn.de/hector_heritage_assets/concept_bf070035,-,Attisch schwarzfigurig,http://vocabs.bcdh.uni-bonn.de/hector_heritage_assets/concept_fd4cbaed,-,-,Attisch,RYCROFT P by MOORE,ca. 550–500 v. Chr.,Ton,"Boston (MA), Museum of Fine Arts",03.880,BAPD 75,https://kerameikos.org/id/hydria,https://kerameikos.org/id/black_figure,https://kerameikos.org/id/athens,,https://vocabs.bcdh.uni-bonn.de/hector_heritage_assets/de/page/concept_bf070035,https://vocabs.bcdh.uni-bonn.de/hector_heritage_assets/de/page/concept_fd4cbaed
bapd_75_3,bapd_75_3.jpg,Dionysos auf antiker Hydria (RYCROFT P),Hydria,http://vocabs.bcdh.uni-bonn.de/hector_heritage_assets/concept_bf070035,-,Attisch schwarzfigurig,http://vocabs.bcdh.uni-bonn.de/hector_heritage_assets/concept_fd4cbaed,-,-,Attisch,RYCROFT P by MOORE,ca. 550–500 v. Chr.,Ton,"Boston (MA), Museum of Fine Arts",03.880,BAPD 75,https://kerameikos.org/id/hydria,https://kerameikos.org/id/black_figure,https://kerameikos.org/id/athens,,https://vocabs.bcdh.uni-bonn.de/hector_heritage_assets/de/page/concept_bf070035,https://vocabs.bcdh.uni-bonn.de/hector_heritage_assets/de/page/concept_fd4cbaed
bapd_75_4,bapd_75_4.jpg,Dionysos auf antiker Hydria (RYCROFT P),Hydria,http://vocabs.bcdh.uni-bonn.de/hector_heritage_assets/concept_bf070035,-,Attisch schwarzfigurig,http://vocabs.bcdh.uni-bonn.de/hector_heritage_assets/concept_fd4cbaed,-,-,Attisch,RYCROFT P by MOORE,ca. 550–500 v. Chr.,Ton,"Boston (MA), Museum of Fine Arts",03.880,BAPD 75,https://kerameikos.org/id/hydria,https://kerameikos.org/id/black_figure,https://kerameikos.org/id/athens,,https://vocabs.bcdh.uni-bonn.de/hector_heritage_assets/de/page/concept_bf070035,https://vocabs.bcdh.uni-bonn.de/hector_heritage_assets/de/page/concept_fd4cbaed
bapd_75_5,bapd_75_5.jpg,Dionysos auf antiker Hydria (RYCROFT P),Hydria,http://vocabs.bcdh.uni-bonn.de/hector_heritage_assets/concept_bf070035,-,Attisch schwarzfigurig,http://vocabs.bcdh.uni-bonn.de/hector_heritage_assets/concept_fd4cbaed,-,-,Attisch,RYCROFT P by MOORE,ca. 550–500 v. Chr.,Ton,"Boston (MA), Museum of Fine Arts",03.880,BAPD 75,https://kerameikos.org/id/hydria,https://kerameikos.org/id/black_figure,https://kerameikos.org/id/athens,,https://vocabs.bcdh.uni-bonn.de/hector_heritage_assets/de/page/concept_bf070035,https://vocabs.bcdh.uni-bonn.de/hector_heritage_assets/de/page/concept_fd4cbaed
bapd_75_6,bapd_75_6.jpg,Dionysos auf antiker Hydria (RYCROFT P),Hydria,http://vocabs.bcdh.uni-bonn.de/hector_heritage_assets/concept_bf070035,-,Attisch schwarzfigurig,http://vocabs.bcdh.uni-bonn.de/hector_heritage_assets/concept_fd4cbaed,-,-,Attisch,RYCROFT P by MOORE,ca. 550–500 v. Chr.,Ton,"Boston (MA), Museum of Fine Arts",03.880,BAPD 75,https://kerameikos.org/id/hydria,https://kerameikos.org/id/black_figure,https://kerameikos.org/id/athens,,https://vocabs.bcdh.uni-bonn.de/hector_heritage_assets/de/page/concept_bf070035,https://vocabs.bcdh.uni-bonn.de/hector_heritage_assets/de/page/concept_fd4cbaed
bapd_764_1,bapd_764_1.jpg,Apollon auf antiker Kyathos (Compare CAYLUS P),Kyathos,http://vocabs.bcdh.uni-bonn.de/hector_heritage_assets/concept_custom_kyathos,-,Attisch schwarzfigurig,http://vocabs.bcdh.uni-bonn.de/hector_heritage_assets/concept_fd4cbaed,-,-,Attisch,Compare CAYLUS P by VOS,ca. 525–475 v. Chr.,Ton,"Leiden, Rijksmuseum van Oudheden",PC42,BAPD 764,https://kerameikos.org/id/kyathos,https://kerameikos.org/id/black_figure,https://kerameikos.org/id/athens,,https://vocabs.bcdh.uni-bonn.de/hector_heritage_assets/de/page/concept_custom_kyathos,https://vocabs.bcdh.uni-bonn.de/hector_heritage_assets/de/page/concept_fd4cbaed
bapd_764_2,bapd_764_2.jpg,Apollon auf antiker Kyathos (Compare CAYLUS P),Kyathos,http://vocabs.bcdh.uni-bonn.de/hector_heritage_assets/concept_custom_kyathos,-,Attisch schwarzfigurig,http://vocabs.bcdh.uni-bonn.de/hector_heritage_assets/concept_fd4cbaed,-,-,Attisch,Compare CAYLUS P by VOS,ca. 525–475 v. Chr.,Ton,"Leiden, Rijksmuseum van Oudheden",PC42,BAPD 764,https://kerameikos.org/id/kyathos,https://kerameikos.org/id/black_figure,https://kerameikos.org/id/athens,,https://vocabs.bcdh.uni-bonn.de/hector_heritage_assets/de/page/concept_custom_kyathos,https://vocabs.bcdh.uni-bonn.de/hector_heritage_assets/de/page/concept_fd4cbaed
bapd_764_3,bapd_764_3.jpg,Apollon auf antiker Kyathos (Compare CAYLUS P),Kyathos,http://vocabs.bcdh.uni-bonn.de/hector_heritage_assets/concept_custom_kyathos,-,Attisch schwarzfigurig,http://vocabs.bcdh.uni-bonn.de/hector_heritage_assets/concept_fd4cbaed,-,-,Attisch,Compare CAYLUS P by VOS,ca. 525–475 v. Chr.,Ton,"Leiden, Rijksmuseum van Oudheden",PC42,BAPD 764,https://kerameikos.org/id/kyathos,https://kerameikos.org/id/black_figure,https://kerameikos.org/id/athens,,https://vocabs.bcdh.uni-bonn.de/hector_heritage_assets/de/page/concept_custom_kyathos,https://vocabs.bcdh.uni-bonn.de/hector_heritage_assets/de/page/concept_fd4cbaed
bapd_764_4,bapd_764_4.jpg,Apollon auf antiker Kyathos (Compare CAYLUS P),Kyathos,http://vocabs.bcdh.uni-bonn.de/hector_heritage_assets/concept_custom_kyathos,-,Attisch schwarzfigurig,http://vocabs.bcdh.uni-bonn.de/hector_heritage_assets/concept_fd4cbaed,-,-,Attisch,Compare CAYLUS P by VOS,ca. 525–475 v. Chr.,Ton,"Leiden, Rijksmuseum van Oudheden",PC42,BAPD 764,https://kerameikos.org/id/kyathos,https://kerameikos.org/id/black_figure,https://kerameikos.org/id/athens,,https://vocabs.bcdh.uni-bonn.de/hector_heritage_assets/de/page/concept_custom_kyathos,https://vocabs.bcdh.uni-bonn.de/hector_heritage_assets/de/page/concept_fd4cbaed
bapd_764_5,bapd_764_5.jpg,Apollon auf antiker Kyathos (Compare CAYLUS P),Kyathos,http://vocabs.bcdh.uni-bonn.de/hector_heritage_assets/concept_custom_kyathos,-,Attisch schwarzfigurig,http://vocabs.bcdh.uni-bonn.de/hector_heritage_assets/concept_fd4cbaed,-,-,Attisch,Compare CAYLUS P by VOS,ca. 525–475 v. Chr.,Ton,"Leiden, Rijksmuseum van Oudheden",PC42,BAPD 764,https://kerameikos.org/id/kyathos,https://kerameikos.org/id/black_figure,https://kerameikos.org/id/athens,,https://vocabs.bcdh.uni-bonn.de/hector_heritage_assets/de/page/concept_custom_kyathos,https://vocabs.bcdh.uni-bonn.de/hector_heritage_assets/de/page/concept_fd4cbaed
bapd_79_1,bapd_79_1.jpg,Dionysos auf antiker Hydria (Circle of LYDOS),Hydria,http://vocabs.bcdh.uni-bonn.de/hector_heritage_assets/concept_bf070035,-,Attisch schwarzfigurig,http://vocabs.bcdh.uni-bonn.de/hector_heritage_assets/concept_fd4cbaed,-,-,Attisch,Circle of LYDOS by BOTHMER Compare LYDOS by CAHN Manner of LYDOS by UNKNOWN,ca. 575–525 v. Chr.,Ton,"Malibu (CA), The J. Paul Getty Museum",86.AE.113,BAPD 79,https://kerameikos.org/id/hydria,https://kerameikos.org/id/black_figure,https://kerameikos.org/id/athens,https://kerameikos.org/id/lydos,https://vocabs.bcdh.uni-bonn.de/hector_heritage_assets/de/page/concept_bf070035,https://vocabs.bcdh.uni-bonn.de/hector_heritage_assets/de/page/concept_fd4cbaed
bapd_79_10,bapd_79_10.jpg,Dionysos auf antiker Hydria (Circle of LYDOS),Hydria,http://vocabs.bcdh.uni-bonn.de/hector_heritage_assets/concept_bf070035,-,Attisch schwarzfigurig,http://vocabs.bcdh.uni-bonn.de/hector_heritage_assets/concept_fd4cbaed,-,-,Attisch,Circle of LYDOS by BOTHMER Compare LYDOS by CAHN Manner of LYDOS by UNKNOWN,ca. 575–525 v. Chr.,Ton,"Malibu (CA), The J. Paul Getty Museum",86.AE.113,BAPD 79,https://kerameikos.org/id/hydria,https://kerameikos.org/id/black_figure,https://kerameikos.org/id/athens,https://kerameikos.org/id/lydos,https://vocabs.bcdh.uni-bonn.de/hector_heritage_assets/de/page/concept_bf070035,https://vocabs.bcdh.uni-bonn.de/hector_heritage_assets/de/page/concept_fd4cbaed
bapd_79_11,bapd_79_11.jpg,Dionysos auf antiker Hydria (Circle of LYDOS),Hydria,http://vocabs.bcdh.uni-bonn.de/hector_heritage_assets/concept_bf070035,-,Attisch schwarzfigurig,http://vocabs.bcdh.uni-bonn.de/hector_heritage_assets/concept_fd4cbaed,-,-,Attisch,Circle of LYDOS by BOTHMER Compare LYDOS by CAHN Manner of LYDOS by UNKNOWN,ca. 575–525 v. Chr.,Ton,"Malibu (CA), The J. Paul Getty Museum",86.AE.113,BAPD 79,https://kerameikos.org/id/hydria,https://kerameikos.org/id/black_figure,https://kerameikos.org/id/athens,https://kerameikos.org/id/lydos,https://vocabs.bcdh.uni-bonn.de/hector_heritage_assets/de/page/concept_bf070035,https://vocabs.bcdh.uni-bonn.de/hector_heritage_assets/de/page/concept_fd4cbaed
bapd_79_2,bapd_79_2.jpg,Dionysos auf antiker Hydria (Circle of LYDOS),Hydria,http://vocabs.bcdh.uni-bonn.de/hector_heritage_assets/concept_bf070035,-,Attisch schwarzfigurig,http://vocabs.bcdh.uni-bonn.de/hector_heritage_assets/concept_fd4cbaed,-,-,Attisch,Circle of LYDOS by BOTHMER Compare LYDOS by CAHN Manner of LYDOS by UNKNOWN,ca. 575–525 v. Chr.,Ton,"Malibu (CA), The J. Paul Getty Museum",86.AE.113,BAPD 79,https://kerameikos.org/id/hydria,https://kerameikos.org/id/black_figure,https://kerameikos.org/id/athens,https://kerameikos.org/id/lydos,https://vocabs.bcdh.uni-bonn.de/hector_heritage_assets/de/page/concept_bf070035,https://vocabs.bcdh.uni-bonn.de/hector_heritage_assets/de/page/concept_fd4cbaed
bapd_79_3,bapd_79_3.jpg,Dionysos auf antiker Hydria (Circle of LYDOS),Hydria,http://vocabs.bcdh.uni-bonn.de/hector_heritage_assets/concept_bf070035,-,Attisch schwarzfigurig,http://vocabs.bcdh.uni-bonn.de/hector_heritage_assets/concept_fd4cbaed,-,-,Attisch,Circle of LYDOS by BOTHMER Compare LYDOS by CAHN Manner of LYDOS by UNKNOWN,ca. 575–525 v. Chr.,Ton,"Malibu (CA), The J. Paul Getty Museum",86.AE.113,BAPD 79,https://kerameikos.org/id/hydria,https://kerameikos.org/id/black_figure,https://kerameikos.org/id/athens,https://kerameikos.org/id/lydos,https://vocabs.bcdh.uni-bonn.de/hector_heritage_assets/de/page/concept_bf070035,https://vocabs.bcdh.uni-bonn.de/hector_heritage_assets/de/page/concept_fd4cbaed
bapd_79_4,bapd_79_4.jpg,Dionysos auf antiker Hydria (Circle of LYDOS),Hydria,http://vocabs.bcdh.uni-bonn.de/hector_heritage_assets/concept_bf070035,-,Attisch schwarzfigurig,http://vocabs.bcdh.uni-bonn.de/hector_heritage_assets/concept_fd4cbaed,-,-,Attisch,Circle of LYDOS by BOTHMER Compare LYDOS by CAHN Manner of LYDOS by UNKNOWN,ca. 575–525 v. Chr.,Ton,"Malibu (CA), The J. Paul Getty Museum",86.AE.113,BAPD 79,https://kerameikos.org/id/hydria,https://kerameikos.org/id/black_figure,https://kerameikos.org/id/athens,https://kerameikos.org/id/lydos,https://vocabs.bcdh.uni-bonn.de/hector_heritage_assets/de/page/concept_bf070035,https://vocabs.bcdh.uni-bonn.de/hector_heritage_assets/de/page/concept_fd4cbaed
bapd_79_5,bapd_79_5.jpg,Dionysos auf antiker Hydria (Circle of LYDOS),Hydria,http://vocabs.bcdh.uni-bonn.de/hector_heritage_assets/concept_bf070035,-,Attisch schwarzfigurig,http://vocabs.bcdh.uni-bonn.de/hector_heritage_assets/concept_fd4cbaed,-,-,Attisch,Circle of LYDOS by BOTHMER Compare LYDOS by CAHN Manner of LYDOS by UNKNOWN,ca. 575–525 v. Chr.,Ton,"Malibu (CA), The J. Paul Getty Museum",86.AE.113,BAPD 79,https://kerameikos.org/id/hydria,https://kerameikos.org/id/black_figure,https://kerameikos.org/id/athens,https://kerameikos.org/id/lydos,https://vocabs.bcdh.uni-bonn.de/hector_heritage_assets/de/page/concept_bf070035,https://vocabs.bcdh.uni-bonn.de/hector_heritage_assets/de/page/concept_fd4cbaed
bapd_79_6,bapd_79_6.jpg,Dionysos auf antiker Hydria (Circle of LYDOS),Hydria,http://vocabs.bcdh.uni-bonn.de/hector_heritage_assets/concept_bf070035,-,Attisch schwarzfigurig,http://vocabs.bcdh.uni-bonn.de/hector_heritage_assets/concept_fd4cbaed,-,-,Attisch,Circle of LYDOS by BOTHMER Compare LYDOS by CAHN Manner of LYDOS by UNKNOWN,ca. 575–525 v. Chr.,Ton,"Malibu (CA), The J. Paul Getty Museum",86.AE.113,BAPD 79,https://kerameikos.org/id/hydria,https://kerameikos.org/id/black_figure,https://kerameikos.org/id/athens,https://kerameikos.org/id/lydos,https://vocabs.bcdh.uni-bonn.de/hector_heritage_assets/de/page/concept_bf070035,https://vocabs.bcdh.uni-bonn.de/hector_heritage_assets/de/page/concept_fd4cbaed
bapd_79_7,bapd_79_7.jpg,Dionysos auf antiker Hydria (Circle of LYDOS),Hydria,http://vocabs.bcdh.uni-bonn.de/hector_heritage_assets/concept_bf070035,-,Attisch schwarzfigurig,http://vocabs.bcdh.uni-bonn.de/hector_heritage_assets/concept_fd4cbaed,-,-,Attisch,Circle of LYDOS by BOTHMER Compare LYDOS by CAHN Manner of LYDOS by UNKNOWN,ca. 575–525 v. Chr.,Ton,"Malibu (CA), The J. Paul Getty Museum",86.AE.113,BAPD 79,https://kerameikos.org/id/hydria,https://kerameikos.org/id/black_figure,https://kerameikos.org/id/athens,https://kerameikos.org/id/lydos,https://vocabs.bcdh.uni-bonn.de/hector_heritage_assets/de/page/concept_bf070035,https://vocabs.bcdh.uni-bonn.de/hector_heritage_assets/de/page/concept_fd4cbaed
bapd_79_8,bapd_79_8.jpg,Dionysos auf antiker Hydria (Circle of LYDOS),Hydria,http://vocabs.bcdh.uni-bonn.de/hector_heritage_assets/concept_bf070035,-,Attisch schwarzfigurig,http://vocabs.bcdh.uni-bonn.de/hector_heritage_assets/concept_fd4cbaed,-,-,Attisch,Circle of LYDOS by BOTHMER Compare LYDOS by CAHN Manner of LYDOS by UNKNOWN,ca. 575–525 v. Chr.,Ton,"Malibu (CA), The J. Paul Getty Museum",86.AE.113,BAPD 79,https://kerameikos.org/id/hydria,https://kerameikos.org/id/black_figure,https://kerameikos.org/id/athens,https://kerameikos.org/id/lydos,https://vocabs.bcdh.uni-bonn.de/hector_heritage_assets/de/page/concept_bf070035,https://vocabs.bcdh.uni-bonn.de/hector_heritage_assets/de/page/concept_fd4cbaed
bapd_79_9,bapd_79_9.jpg,Dionysos auf antiker Hydria (Circle of LYDOS),Hydria,http://vocabs.bcdh.uni-bonn.de/hector_heritage_assets/concept_bf070035,-,Attisch schwarzfigurig,http://vocabs.bcdh.uni-bonn.de/hector_heritage_assets/concept_fd4cbaed,-,-,Attisch,Circle of LYDOS by BOTHMER Compare LYDOS by CAHN Manner of LYDOS by UNKNOWN,ca. 575–525 v. Chr.,Ton,"Malibu (CA), The J. Paul Getty Museum",86.AE.113,BAPD 79,https://kerameikos.org/id/hydria,https://kerameikos.org/id/black_figure,https://kerameikos.org/id/athens,https://kerameikos.org/id/lydos,https://vocabs.bcdh.uni-bonn.de/hector_heritage_assets/de/page/concept_bf070035,https://vocabs.bcdh.uni-bonn.de/hector_heritage_assets/de/page/concept_fd4cbaed
bapd_8_1,bapd_8_1.jpg,Herakles auf antiker Halsamphora (DIOSPHOS P),Transportamphora,http://vocabs.bcdh.uni-bonn.de/hector_heritage_assets/concept_65909227,-,Attisch schwarzfigurig,http://vocabs.bcdh.uni-bonn.de/hector_heritage_assets/concept_fd4cbaed,-,-,Attisch,DIOSPHOS P by BEAZLEY,ca. 550–500 v. Chr.,Ton,"Paris, Musée du Louvre",F386,BAPD 8,https://kerameikos.org/id/amphora,https://kerameikos.org/id/black_figure,https://kerameikos.org/id/athens,,https://vocabs.bcdh.uni-bonn.de/hector_heritage_assets/de/page/concept_65909227,https://vocabs.bcdh.uni-bonn.de/hector_heritage_assets/de/page/concept_fd4cbaed
bapd_8_2,bapd_8_2.jpg,Herakles auf antiker Halsamphora (DIOSPHOS P),Transportamphora,http://vocabs.bcdh.uni-bonn.de/hector_heritage_assets/concept_65909227,-,Attisch schwarzfigurig,http://vocabs.bcdh.uni-bonn.de/hector_heritage_assets/concept_fd4cbaed,-,-,Attisch,DIOSPHOS P by BEAZLEY,ca. 550–500 v. Chr.,Ton,"Paris, Musée du Louvre",F386,BAPD 8,https://kerameikos.org/id/amphora,https://kerameikos.org/id/black_figure,https://kerameikos.org/id/athens,,https://vocabs.bcdh.uni-bonn.de/hector_heritage_assets/de/page/concept_65909227,https://vocabs.bcdh.uni-bonn.de/hector_heritage_assets/de/page/concept_fd4cbaed
bapd_8_3,bapd_8_3.jpg,Herakles auf antiker Halsamphora (DIOSPHOS P),Transportamphora,http://vocabs.bcdh.uni-bonn.de/hector_heritage_assets/concept_65909227,-,Attisch schwarzfigurig,http://vocabs.bcdh.uni-bonn.de/hector_heritage_assets/concept_fd4cbaed,-,-,Attisch,DIOSPHOS P by BEAZLEY,ca. 550–500 v. Chr.,Ton,"Paris, Musée du Louvre",F386,BAPD 8,https://kerameikos.org/id/amphora,https://kerameikos.org/id/black_figure,https://kerameikos.org/id/athens,,https://vocabs.bcdh.uni-bonn.de/hector_heritage_assets/de/page/concept_65909227,https://vocabs.bcdh.uni-bonn.de/hector_heritage_assets/de/page/concept_fd4cbaed
bapd_8_4,bapd_8_4.jpg,Herakles auf antiker Halsamphora (DIOSPHOS P),Transportamphora,http://vocabs.bcdh.uni-bonn.de/hector_heritage_assets/concept_65909227,-,Attisch schwarzfigurig,http://vocabs.bcdh.uni-bonn.de/hector_heritage_assets/concept_fd4cbaed,-,-,Attisch,DIOSPHOS P by BEAZLEY,ca. 550–500 v. Chr.,Ton,"Paris, Musée du Louvre",F386,BAPD 8,https://kerameikos.org/id/amphora,https://kerameikos.org/id/black_figure,https://kerameikos.org/id/athens,,https://vocabs.bcdh.uni-bonn.de/hector_heritage_assets/de/page/concept_65909227,https://vocabs.bcdh.uni-bonn.de/hector_heritage_assets/de/page/concept_fd4cbaed
bapd_8_5,bapd_8_5.jpg,Herakles auf antiker Halsamphora (DIOSPHOS P),Transportamphora,http://vocabs.bcdh.uni-bonn.de/hector_heritage_assets/concept_65909227,-,Attisch schwarzfigurig,http://vocabs.bcdh.uni-bonn.de/hector_heritage_assets/concept_fd4cbaed,-,-,Attisch,DIOSPHOS P by BEAZLEY,ca. 550–500 v. Chr.,Ton,"Paris, Musée du Louvre",F386,BAPD 8,https://kerameikos.org/id/amphora,https://kerameikos.org/id/black_figure,https://kerameikos.org/id/athens,,https://vocabs.bcdh.uni-bonn.de/hector_heritage_assets/de/page/concept_65909227,https://vocabs.bcdh.uni-bonn.de/hector_heritage_assets/de/page/concept_fd4cbaed
bapd_90_1,bapd_90_1.jpg,Herakles auf antiker Hydria,Hydria,http://vocabs.bcdh.uni-bonn.de/hector_heritage_assets/concept_bf070035,-,Attisch schwarzfigurig,http://vocabs.bcdh.uni-bonn.de/hector_heritage_assets/concept_fd4cbaed,-,-,Attisch,,ca. 550–500 v. Chr.,Ton,"London, market, Christie's",,BAPD 90,https://kerameikos.org/id/hydria,https://kerameikos.org/id/black_figure,https://kerameikos.org/id/athens,,https://vocabs.bcdh.uni-bonn.de/hector_heritage_assets/de/page/concept_bf070035,https://vocabs.bcdh.uni-bonn.de/hector_heritage_assets/de/page/concept_fd4cbaed
bapd_90_2,bapd_90_2.jpg,Herakles auf antiker Hydria,Hydria,http://vocabs.bcdh.uni-bonn.de/hector_heritage_assets/concept_bf070035,-,Attisch schwarzfigurig,http://vocabs.bcdh.uni-bonn.de/hector_heritage_assets/concept_fd4cbaed,-,-,Attisch,,ca. 550–500 v. Chr.,Ton,"London, market, Christie's",,BAPD 90,https://kerameikos.org/id/hydria,https://kerameikos.org/id/black_figure,https://kerameikos.org/id/athens,,https://vocabs.bcdh.uni-bonn.de/hector_heritage_assets/de/page/concept_bf070035,https://vocabs.bcdh.uni-bonn.de/hector_heritage_assets/de/page/concept_fd4cbaed
bapd_90_3,bapd_90_3.jpg,Herakles auf antiker Hydria,Hydria,http://vocabs.bcdh.uni-bonn.de/hector_heritage_assets/concept_bf070035,-,Attisch schwarzfigurig,http://vocabs.bcdh.uni-bonn.de/hector_heritage_assets/concept_fd4cbaed,-,-,Attisch,,ca. 550–500 v. Chr.,Ton,"London, market, Christie's",,BAPD 90,https://kerameikos.org/id/hydria,https://kerameikos.org/id/black_figure,https://kerameikos.org/id/athens,,https://vocabs.bcdh.uni-bonn.de/hector_heritage_assets/de/page/concept_bf070035,https://vocabs.bcdh.uni-bonn.de/hector_heritage_assets/de/page/concept_fd4cbaed
bapd_9_1,bapd_9_1.jpg,Herakles auf antiker Halsamphora (LEAGROS GROUP),Transportamphora,http://vocabs.bcdh.uni-bonn.de/hector_heritage_assets/concept_65909227,-,Attisch schwarzfigurig,http://vocabs.bcdh.uni-bonn.de/hector_heritage_assets/concept_fd4cbaed,-,-,Attisch,LEAGROS GROUP by MOMMSEN,ca. 525–475 v. Chr.,Ton,"Berlin, Antikensammlung",F1854,BAPD 9,https://kerameikos.org/id/amphora,https://kerameikos.org/id/black_figure,https://kerameikos.org/id/athens,https://kerameikos.org/id/leagros_group,https://vocabs.bcdh.uni-bonn.de/hector_heritage_assets/de/page/concept_65909227,https://vocabs.bcdh.uni-bonn.de/hector_heritage_assets/de/page/concept_fd4cbaed
bapd_9_2,bapd_9_2.jpg,Herakles auf antiker Halsamphora (LEAGROS GROUP),Transportamphora,http://vocabs.bcdh.uni-bonn.de/hector_heritage_assets/concept_65909227,-,Attisch schwarzfigurig,http://vocabs.bcdh.uni-bonn.de/hector_heritage_assets/concept_fd4cbaed,-,-,Attisch,LEAGROS GROUP by MOMMSEN,ca. 525–475 v. Chr.,Ton,"Berlin, Antikensammlung",F1854,BAPD 9,https://kerameikos.org/id/amphora,https://kerameikos.org/id/black_figure,https://kerameikos.org/id/athens,https://kerameikos.org/id/leagros_group,https://vocabs.bcdh.uni-bonn.de/hector_heritage_assets/de/page/concept_65909227,https://vocabs.bcdh.uni-bonn.de/hector_heritage_assets/de/page/concept_fd4cbaed
bapd_9_3,bapd_9_3.jpg,Herakles auf antiker Halsamphora (LEAGROS GROUP),Transportamphora,http://vocabs.bcdh.uni-bonn.de/hector_heritage_assets/concept_65909227,-,Attisch schwarzfigurig,http://vocabs.bcdh.uni-bonn.de/hector_heritage_assets/concept_fd4cbaed,-,-,Attisch,LEAGROS GROUP by MOMMSEN,ca. 525–475 v. Chr.,Ton,"Berlin, Antikensammlung",F1854,BAPD 9,https://kerameikos.org/id/amphora,https://kerameikos.org/id/black_figure,https://kerameikos.org/id/athens,https://kerameikos.org/id/leagros_group,https://vocabs.bcdh.uni-bonn.de/hector_heritage_assets/de/page/concept_65909227,https://vocabs.bcdh.uni-bonn.de/hector_heritage_assets/de/page/concept_fd4cbaed
bapd_9_4,bapd_9_4.jpg,Herakles auf antiker Halsamphora (LEAGROS GROUP),Transportamphora,http://vocabs.bcdh.uni-bonn.de/hector_heritage_assets/concept_65909227,-,Attisch schwarzfigurig,http://vocabs.bcdh.uni-bonn.de/hector_heritage_assets/concept_fd4cbaed,-,-,Attisch,LEAGROS GROUP by MOMMSEN,ca. 525–475 v. Chr.,Ton,"Berlin, Antikensammlung",F1854,BAPD 9,https://kerameikos.org/id/amphora,https://kerameikos.org/id/black_figure,https://kerameikos.org/id/athens,https://kerameikos.org/id/leagros_group,https://vocabs.bcdh.uni-bonn.de/hector_heritage_assets/de/page/concept_65909227,https://vocabs.bcdh.uni-bonn.de/hector_heritage_assets/de/page/concept_fd4cbaed
bapd_9_5,bapd_9_5.jpg,Herakles auf antiker Halsamphora (LEAGROS GROUP),Transportamphora,http://vocabs.bcdh.uni-bonn.de/hector_heritage_assets/concept_65909227,-,Attisch schwarzfigurig,http://vocabs.bcdh.uni-bonn.de/hector_heritage_assets/concept_fd4cbaed,-,-,Attisch,LEAGROS GROUP by MOMMSEN,ca. 525–475 v. Chr.,Ton,"Berlin, Antikensammlung",F1854,BAPD 9,https://kerameikos.org/id/amphora,https://kerameikos.org/id/black_figure,https://kerameikos.org/id/athens,https://kerameikos.org/id/leagros_group,https://vocabs.bcdh.uni-bonn.de/hector_heritage_assets/de/page/concept_65909227,https://vocabs.bcdh.uni-bonn.de/hector_heritage_assets/de/page/concept_fd4cbaed
